task,shot,dataset,combo,Final Accuracy,Final F1,Final AUROC,Final AUPRC
Link,0shot,CiteSeer,DGI+All-in-one,0.5000±0.0000,0.6667±0.0000,0.5785±0.0000,0.6179±0.0000
Link,0shot,CiteSeer,DGI+DAGPrompT,0.5000±0.0000,0.6667±0.0000,0.6831±0.0000,0.7158±0.0000
Link,0shot,CiteSeer,DGI+EdgePrompt,0.4429±0.0000,0.5967±0.0000,0.5797±0.0000,0.6179±0.0000
Link,0shot,CiteSeer,DGI+EdgePromptplus,0.4692±0.0000,0.6305±0.0000,0.5982±0.0000,0.6857±0.0000
Link,0shot,CiteSeer,DGI+GPF,0.5000±0.0000,0.6667±0.0000,0.6666±0.0000,0.6916±0.0000
Link,0shot,CiteSeer,DGI+GPF-plus,0.5000±0.0000,0.6667±0.0000,0.7015±0.0000,0.7296±0.0000
Link,0shot,CiteSeer,DGI+Gprompt,0.5000±0.0000,0.6667±0.0000,0.6820±0.0000,0.7178±0.0000
Link,0shot,CiteSeer,DGI+GraphPrompter,0.6659±0.0000,0.7305±0.0000,0.8074±0.0000,0.8114±0.0000
Link,0shot,CiteSeer,DGI+None,0.6659±0.0000,0.7305±0.0000,0.8074±0.0000,0.8114±0.0000
Link,0shot,CiteSeer,DGI+PSP,0.6659±0.0000,0.7305±0.0000,0.8074±0.0000,0.8114±0.0000
Link,0shot,CiteSeer,DGI+ProNoG,0.5000±0.0000,0.6667±0.0000,0.6884±0.0000,0.7215±0.0000
Link,0shot,CiteSeer,DGI+SelfPro,0.5835±0.0000,0.6408±0.0000,0.6510±0.0000,0.6980±0.0000
Link,0shot,CiteSeer,DGI+UniPrompt,0.6747±0.0000,0.7381±0.0000,0.8098±0.0000,0.8121±0.0000
Link,0shot,CiteSeer,Edgepred_GPPT+All-in-one,0.5000±0.0000,0.6667±0.0000,0.5090±0.0000,0.5545±0.0000
Link,0shot,CiteSeer,Edgepred_GPPT+DAGPrompT,0.5000±0.0000,0.6667±0.0000,0.7303±0.0000,0.7446±0.0000
Link,0shot,CiteSeer,Edgepred_GPPT+EdgePrompt,0.4703±0.0000,0.6269±0.0000,0.6452±0.0000,0.6811±0.0000
Link,0shot,CiteSeer,Edgepred_GPPT+EdgePromptplus,0.4890±0.0000,0.6420±0.0000,0.6774±0.0000,0.7197±0.0000
Link,0shot,CiteSeer,Edgepred_GPPT+GPF,0.5000±0.0000,0.6667±0.0000,0.6415±0.0000,0.6517±0.0000
Link,0shot,CiteSeer,Edgepred_GPPT+GPF-plus,0.5000±0.0000,0.6667±0.0000,0.6277±0.0000,0.6676±0.0000
Link,0shot,CiteSeer,Edgepred_GPPT+Gprompt,0.6385±0.0000,0.7270±0.0000,0.8389±0.0000,0.8443±0.0000
Link,0shot,CiteSeer,Edgepred_GPPT+GraphPrompter,0.5000±0.0000,0.6667±0.0000,0.7240±0.0000,0.7193±0.0000
Link,0shot,CiteSeer,Edgepred_GPPT+None,0.5000±0.0000,0.6667±0.0000,0.7240±0.0000,0.7193±0.0000
Link,0shot,CiteSeer,Edgepred_GPPT+PSP,0.5000±0.0000,0.6667±0.0000,0.7240±0.0000,0.7193±0.0000
Link,0shot,CiteSeer,Edgepred_GPPT+ProNoG,0.6659±0.0000,0.7384±0.0000,0.8433±0.0000,0.8468±0.0000
Link,0shot,CiteSeer,Edgepred_GPPT+SelfPro,0.6879±0.0000,0.7418±0.0000,0.7824±0.0000,0.7577±0.0000
Link,0shot,CiteSeer,Edgepred_GPPT+UniPrompt,0.5000±0.0000,0.6667±0.0000,0.7492±0.0000,0.7496±0.0000
Link,0shot,CiteSeer,Edgepred_Gprompt+All-in-one,0.5000±0.0000,0.0000±0.0000,0.4625±0.0000,0.5408±0.0000
Link,0shot,CiteSeer,Edgepred_Gprompt+DAGPrompT,0.5000±0.0000,0.6667±0.0000,0.6407±0.0000,0.6627±0.0000
Link,0shot,CiteSeer,Edgepred_Gprompt+EdgePrompt,0.4407±0.0000,0.5925±0.0000,0.5989±0.0000,0.6875±0.0000
Link,0shot,CiteSeer,Edgepred_Gprompt+EdgePromptplus,0.4462±0.0000,0.5902±0.0000,0.6019±0.0000,0.6868±0.0000
Link,0shot,CiteSeer,Edgepred_Gprompt+GPF,0.5000±0.0000,0.6667±0.0000,0.6453±0.0000,0.6623±0.0000
Link,0shot,CiteSeer,Edgepred_Gprompt+GPF-plus,0.5000±0.0000,0.6667±0.0000,0.6441±0.0000,0.6652±0.0000
Link,0shot,CiteSeer,Edgepred_Gprompt+Gprompt,0.5000±0.0000,0.6667±0.0000,0.6679±0.0000,0.6956±0.0000
Link,0shot,CiteSeer,Edgepred_Gprompt+GraphPrompter,0.5297±0.0000,0.6787±0.0000,0.7055±0.0000,0.7393±0.0000
Link,0shot,CiteSeer,Edgepred_Gprompt+None,0.5297±0.0000,0.6787±0.0000,0.7055±0.0000,0.7393±0.0000
Link,0shot,CiteSeer,Edgepred_Gprompt+PSP,0.5297±0.0000,0.6787±0.0000,0.7055±0.0000,0.7393±0.0000
Link,0shot,CiteSeer,Edgepred_Gprompt+ProNoG,0.5000±0.0000,0.6667±0.0000,0.6649±0.0000,0.6952±0.0000
Link,0shot,CiteSeer,Edgepred_Gprompt+SelfPro,0.6033±0.0000,0.7110±0.0000,0.8416±0.0000,0.8488±0.0000
Link,0shot,CiteSeer,Edgepred_Gprompt+UniPrompt,0.5484±0.0000,0.6826±0.0000,0.7033±0.0000,0.7349±0.0000
Link,0shot,CiteSeer,GraphCL+All-in-one,0.5000±0.0000,0.0000±0.0000,0.5752±0.0000,0.6470±0.0000
Link,0shot,CiteSeer,GraphCL+DAGPrompT,0.5824±0.0000,0.6998±0.0000,0.7237±0.0000,0.7143±0.0000
Link,0shot,CiteSeer,GraphCL+EdgePrompt,0.4615±0.0000,0.6184±0.0000,0.5682±0.0000,0.5751±0.0000
Link,0shot,CiteSeer,GraphCL+EdgePromptplus,0.4846±0.0000,0.6455±0.0000,0.6591±0.0000,0.7101±0.0000
Link,0shot,CiteSeer,GraphCL+GPF,0.5000±0.0000,0.6667±0.0000,0.6730±0.0000,0.6851±0.0000
Link,0shot,CiteSeer,GraphCL+GPF-plus,0.5000±0.0000,0.6667±0.0000,0.6333±0.0000,0.6540±0.0000
Link,0shot,CiteSeer,GraphCL+Gprompt,0.6055±0.0000,0.7103±0.0000,0.7439±0.0000,0.7358±0.0000
Link,0shot,CiteSeer,GraphCL+GraphPrompter,0.6802±0.0000,0.7436±0.0000,0.7918±0.0000,0.7919±0.0000
Link,0shot,CiteSeer,GraphCL+None,0.6802±0.0000,0.7436±0.0000,0.7918±0.0000,0.7919±0.0000
Link,0shot,CiteSeer,GraphCL+PSP,0.6802±0.0000,0.7436±0.0000,0.7918±0.0000,0.7919±0.0000
Link,0shot,CiteSeer,GraphCL+ProNoG,0.6560±0.0000,0.7304±0.0000,0.7587±0.0000,0.7568±0.0000
Link,0shot,CiteSeer,GraphCL+SelfPro,0.6473±0.0000,0.7230±0.0000,0.7751±0.0000,0.7455±0.0000
Link,0shot,CiteSeer,GraphCL+UniPrompt,0.6769±0.0000,0.7421±0.0000,0.7875±0.0000,0.7817±0.0000
Link,0shot,CiteSeer,GraphMAE+All-in-one,0.5000±0.0000,0.0000±0.0000,0.6276±0.0000,0.6728±0.0000
Link,0shot,CiteSeer,GraphMAE+DAGPrompT,0.5000±0.0000,0.6667±0.0000,0.6393±0.0000,0.6605±0.0000
Link,0shot,CiteSeer,GraphMAE+EdgePrompt,0.4945±0.0000,0.6618±0.0000,0.5951±0.0000,0.6827±0.0000
Link,0shot,CiteSeer,GraphMAE+EdgePromptplus,0.4648±0.0000,0.6268±0.0000,0.5982±0.0000,0.6884±0.0000
Link,0shot,CiteSeer,GraphMAE+GPF,0.5000±0.0000,0.6667±0.0000,0.6442±0.0000,0.6627±0.0000
Link,0shot,CiteSeer,GraphMAE+GPF-plus,0.5000±0.0000,0.6667±0.0000,0.6447±0.0000,0.6633±0.0000
Link,0shot,CiteSeer,GraphMAE+Gprompt,0.5000±0.0000,0.6667±0.0000,0.6608±0.0000,0.6884±0.0000
Link,0shot,CiteSeer,GraphMAE+GraphPrompter,0.5484±0.0000,0.6746±0.0000,0.6944±0.0000,0.7341±0.0000
Link,0shot,CiteSeer,GraphMAE+None,0.5484±0.0000,0.6746±0.0000,0.6944±0.0000,0.7341±0.0000
Link,0shot,CiteSeer,GraphMAE+PSP,0.5484±0.0000,0.6746±0.0000,0.6944±0.0000,0.7341±0.0000
Link,0shot,CiteSeer,GraphMAE+ProNoG,0.5000±0.0000,0.6667±0.0000,0.6657±0.0000,0.6964±0.0000
Link,0shot,CiteSeer,GraphMAE+SelfPro,0.5000±0.0000,0.6667±0.0000,0.7022±0.0000,0.7578±0.0000
Link,0shot,CiteSeer,GraphMAE+UniPrompt,0.6637±0.0000,0.7177±0.0000,0.7540±0.0000,0.7602±0.0000
Link,0shot,CiteSeer,None+All-in-one,0.5000±0.0000,0.0000±0.0000,0.5794±0.0000,0.6226±0.0000
Link,0shot,CiteSeer,None+DAGPrompT,0.5000±0.0000,0.6667±0.0000,0.6482±0.0000,0.6390±0.0000
Link,0shot,CiteSeer,None+EdgePrompt,0.4989±0.0000,0.6657±0.0000,0.5959±0.0000,0.6848±0.0000
Link,0shot,CiteSeer,None+EdgePromptplus,0.4604±0.0000,0.6185±0.0000,0.5990±0.0000,0.6862±0.0000
Link,0shot,CiteSeer,None+GPF,0.5000±0.0000,0.6667±0.0000,0.6411±0.0000,0.6597±0.0000
Link,0shot,CiteSeer,None+GPF-plus,0.5000±0.0000,0.6667±0.0000,0.6461±0.0000,0.6633±0.0000
Link,0shot,CiteSeer,None+Gprompt,0.5000±0.0000,0.6667±0.0000,0.6525±0.0000,0.6764±0.0000
Link,0shot,CiteSeer,None+GraphPrompter,0.6154±0.0000,0.7059±0.0000,0.7369±0.0000,0.7527±0.0000
Link,0shot,CiteSeer,None+None,0.6154±0.0000,0.7059±0.0000,0.7369±0.0000,0.7527±0.0000
Link,0shot,CiteSeer,None+PSP,0.6154±0.0000,0.7059±0.0000,0.7369±0.0000,0.7527±0.0000
Link,0shot,CiteSeer,None+ProNoG,0.5000±0.0000,0.6667±0.0000,0.6593±0.0000,0.6814±0.0000
Link,0shot,CiteSeer,None+SelfPro,0.5000±0.0000,0.6667±0.0000,0.6634±0.0000,0.7401±0.0000
Link,0shot,CiteSeer,None+UniPrompt,0.6692±0.0000,0.7300±0.0000,0.7554±0.0000,0.7606±0.0000
Link,0shot,CiteSeer,SimGRACE+All-in-one,0.5000±0.0000,0.6667±0.0000,0.5236±0.0000,0.5713±0.0000
Link,0shot,CiteSeer,SimGRACE+DAGPrompT,0.5000±0.0000,0.6667±0.0000,0.7419±0.0000,0.7370±0.0000
Link,0shot,CiteSeer,SimGRACE+EdgePrompt,0.4626±0.0000,0.6134±0.0000,0.4656±0.0000,0.4829±0.0000
Link,0shot,CiteSeer,SimGRACE+EdgePromptplus,0.4462±0.0000,0.5902±0.0000,0.4870±0.0000,0.4971±0.0000
Link,0shot,CiteSeer,SimGRACE+GPF,0.5000±0.0000,0.6667±0.0000,0.6398±0.0000,0.6599±0.0000
Link,0shot,CiteSeer,SimGRACE+GPF-plus,0.5000±0.0000,0.6667±0.0000,0.5554±0.0000,0.5885±0.0000
Link,0shot,CiteSeer,SimGRACE+Gprompt,0.5198±0.0000,0.6756±0.0000,0.7632±0.0000,0.7471±0.0000
Link,0shot,CiteSeer,SimGRACE+GraphPrompter,0.5242±0.0000,0.6776±0.0000,0.7058±0.0000,0.6586±0.0000
Link,0shot,CiteSeer,SimGRACE+None,0.5242±0.0000,0.6776±0.0000,0.7058±0.0000,0.6586±0.0000
Link,0shot,CiteSeer,SimGRACE+PSP,0.5242±0.0000,0.6776±0.0000,0.7058±0.0000,0.6586±0.0000
Link,0shot,CiteSeer,SimGRACE+ProNoG,0.5099±0.0000,0.6711±0.0000,0.7423±0.0000,0.7288±0.0000
Link,0shot,CiteSeer,SimGRACE+SelfPro,0.6615±0.0000,0.7381±0.0000,0.7968±0.0000,0.7662±0.0000
Link,0shot,CiteSeer,SimGRACE+UniPrompt,0.5253±0.0000,0.6776±0.0000,0.6962±0.0000,0.6379±0.0000
Link,0shot,Cora,DGI+All-in-one,0.5000±0.0000,0.6667±0.0000,0.5568±0.0000,0.5771±0.0000
Link,0shot,Cora,DGI+DAGPrompT,0.5000±0.0000,0.6667±0.0000,0.6814±0.0000,0.7163±0.0000
Link,0shot,Cora,DGI+EdgePrompt,0.4991±0.0000,0.6654±0.0000,0.5996±0.0000,0.5893±0.0000
Link,0shot,Cora,DGI+EdgePromptplus,0.4820±0.0000,0.6500±0.0000,0.6467±0.0000,0.6930±0.0000
Link,0shot,Cora,DGI+GPF,0.5000±0.0000,0.6667±0.0000,0.6722±0.0000,0.7053±0.0000
Link,0shot,Cora,DGI+GPF-plus,0.5000±0.0000,0.6667±0.0000,0.6775±0.0000,0.7095±0.0000
Link,0shot,Cora,DGI+Gprompt,0.5000±0.0000,0.6667±0.0000,0.6827±0.0000,0.7192±0.0000
Link,0shot,Cora,DGI+GraphPrompter,0.5104±0.0000,0.6701±0.0000,0.7411±0.0000,0.7523±0.0000
Link,0shot,Cora,DGI+None,0.5104±0.0000,0.6701±0.0000,0.7411±0.0000,0.7523±0.0000
Link,0shot,Cora,DGI+PSP,0.5104±0.0000,0.6701±0.0000,0.7411±0.0000,0.7523±0.0000
Link,0shot,Cora,DGI+ProNoG,0.5455±0.0000,0.6842±0.0000,0.6867±0.0000,0.7236±0.0000
Link,0shot,Cora,DGI+SelfPro,0.5560±0.0000,0.6176±0.0000,0.6145±0.0000,0.6465±0.0000
Link,0shot,Cora,DGI+UniPrompt,0.6205±0.0000,0.7171±0.0000,0.7731±0.0000,0.7546±0.0000
Link,0shot,Cora,Edgepred_GPPT+All-in-one,0.5000±0.0000,0.6667±0.0000,0.5918±0.0000,0.6616±0.0000
Link,0shot,Cora,Edgepred_GPPT+DAGPrompT,0.5000±0.0000,0.6667±0.0000,0.7567±0.0000,0.7748±0.0000
Link,0shot,Cora,Edgepred_GPPT+EdgePrompt,0.4687±0.0000,0.6340±0.0000,0.4802±0.0000,0.4905±0.0000
Link,0shot,Cora,Edgepred_GPPT+EdgePromptplus,0.5028±0.0000,0.6530±0.0000,0.6377±0.0000,0.6128±0.0000
Link,0shot,Cora,Edgepred_GPPT+GPF,0.5000±0.0000,0.6667±0.0000,0.6648±0.0000,0.6962±0.0000
Link,0shot,Cora,Edgepred_GPPT+GPF-plus,0.5000±0.0000,0.6667±0.0000,0.6531±0.0000,0.6974±0.0000
Link,0shot,Cora,Edgepred_GPPT+Gprompt,0.7296±0.0000,0.7806±0.0000,0.8814±0.0000,0.8693±0.0000
Link,0shot,Cora,Edgepred_GPPT+GraphPrompter,0.5000±0.0000,0.6667±0.0000,0.8105±0.0000,0.8040±0.0000
Link,0shot,Cora,Edgepred_GPPT+None,0.5000±0.0000,0.6667±0.0000,0.8105±0.0000,0.8040±0.0000
Link,0shot,Cora,Edgepred_GPPT+PSP,0.5000±0.0000,0.6667±0.0000,0.8105±0.0000,0.8040±0.0000
Link,0shot,Cora,Edgepred_GPPT+ProNoG,0.7552±0.0000,0.7991±0.0000,0.8931±0.0000,0.8838±0.0000
Link,0shot,Cora,Edgepred_GPPT+SelfPro,0.7419±0.0000,0.7872±0.0000,0.8684±0.0000,0.8456±0.0000
Link,0shot,Cora,Edgepred_GPPT+UniPrompt,0.5000±0.0000,0.6667±0.0000,0.7978±0.0000,0.7872±0.0000
Link,0shot,Cora,Edgepred_Gprompt+All-in-one,0.5000±0.0000,0.6667±0.0000,0.5952±0.0000,0.6358±0.0000
Link,0shot,Cora,Edgepred_Gprompt+DAGPrompT,0.5000±0.0000,0.6667±0.0000,0.6781±0.0000,0.7231±0.0000
Link,0shot,Cora,Edgepred_Gprompt+EdgePrompt,0.5000±0.0000,0.6667±0.0000,0.6369±0.0000,0.6474±0.0000
Link,0shot,Cora,Edgepred_Gprompt+EdgePromptplus,0.4696±0.0000,0.6339±0.0000,0.6481±0.0000,0.6995±0.0000
Link,0shot,Cora,Edgepred_Gprompt+GPF,0.5000±0.0000,0.6667±0.0000,0.6739±0.0000,0.7057±0.0000
Link,0shot,Cora,Edgepred_Gprompt+GPF-plus,0.5000±0.0000,0.6667±0.0000,0.6735±0.0000,0.7034±0.0000
Link,0shot,Cora,Edgepred_Gprompt+Gprompt,0.5000±0.0000,0.6667±0.0000,0.6838±0.0000,0.7308±0.0000
Link,0shot,Cora,Edgepred_Gprompt+GraphPrompter,0.5342±0.0000,0.6814±0.0000,0.8728±0.0000,0.8761±0.0000
Link,0shot,Cora,Edgepred_Gprompt+None,0.5342±0.0000,0.6814±0.0000,0.8728±0.0000,0.8761±0.0000
Link,0shot,Cora,Edgepred_Gprompt+PSP,0.5342±0.0000,0.6814±0.0000,0.8728±0.0000,0.8761±0.0000
Link,0shot,Cora,Edgepred_Gprompt+ProNoG,0.5000±0.0000,0.6667±0.0000,0.6743±0.0000,0.7243±0.0000
Link,0shot,Cora,Edgepred_Gprompt+SelfPro,0.6698±0.0000,0.7434±0.0000,0.8562±0.0000,0.8679±0.0000
Link,0shot,Cora,Edgepred_Gprompt+UniPrompt,0.5370±0.0000,0.6831±0.0000,0.8698±0.0000,0.8715±0.0000
Link,0shot,Cora,GraphCL+All-in-one,0.5000±0.0000,0.6667±0.0000,0.5537±0.0000,0.5997±0.0000
Link,0shot,Cora,GraphCL+DAGPrompT,0.5351±0.0000,0.6826±0.0000,0.7631±0.0000,0.7642±0.0000
Link,0shot,Cora,GraphCL+EdgePrompt,0.4943±0.0000,0.6612±0.0000,0.4812±0.0000,0.4906±0.0000
Link,0shot,Cora,GraphCL+EdgePromptplus,0.4801±0.0000,0.6451±0.0000,0.4830±0.0000,0.4917±0.0000
Link,0shot,Cora,GraphCL+GPF,0.5000±0.0000,0.6667±0.0000,0.6809±0.0000,0.7146±0.0000
Link,0shot,Cora,GraphCL+GPF-plus,0.5000±0.0000,0.6667±0.0000,0.6520±0.0000,0.6970±0.0000
Link,0shot,Cora,GraphCL+Gprompt,0.7343±0.0000,0.7853±0.0000,0.8931±0.0000,0.8949±0.0000
Link,0shot,Cora,GraphCL+GraphPrompter,0.6964±0.0000,0.7615±0.0000,0.8635±0.0000,0.8590±0.0000
Link,0shot,Cora,GraphCL+None,0.6964±0.0000,0.7615±0.0000,0.8635±0.0000,0.8590±0.0000
Link,0shot,Cora,GraphCL+PSP,0.6964±0.0000,0.7615±0.0000,0.8635±0.0000,0.8590±0.0000
Link,0shot,Cora,GraphCL+ProNoG,0.7287±0.0000,0.7810±0.0000,0.8891±0.0000,0.8896±0.0000
Link,0shot,Cora,GraphCL+SelfPro,0.6660±0.0000,0.7457±0.0000,0.8816±0.0000,0.8753±0.0000
Link,0shot,Cora,GraphCL+UniPrompt,0.6973±0.0000,0.7625±0.0000,0.8562±0.0000,0.8459±0.0000
Link,0shot,Cora,GraphMAE+All-in-one,0.5000±0.0000,0.6667±0.0000,0.5157±0.0000,0.5807±0.0000
Link,0shot,Cora,GraphMAE+DAGPrompT,0.5000±0.0000,0.6667±0.0000,0.6838±0.0000,0.7167±0.0000
Link,0shot,Cora,GraphMAE+EdgePrompt,0.4668±0.0000,0.6312±0.0000,0.6290±0.0000,0.6335±0.0000
Link,0shot,Cora,GraphMAE+EdgePromptplus,0.4981±0.0000,0.6646±0.0000,0.6603±0.0000,0.7133±0.0000
Link,0shot,Cora,GraphMAE+GPF,0.5000±0.0000,0.6667±0.0000,0.6626±0.0000,0.6917±0.0000
Link,0shot,Cora,GraphMAE+GPF-plus,0.5000±0.0000,0.6667±0.0000,0.6666±0.0000,0.6996±0.0000
Link,0shot,Cora,GraphMAE+Gprompt,0.5000±0.0000,0.6667±0.0000,0.6868±0.0000,0.7193±0.0000
Link,0shot,Cora,GraphMAE+GraphPrompter,0.5342±0.0000,0.6814±0.0000,0.8323±0.0000,0.8235±0.0000
Link,0shot,Cora,GraphMAE+None,0.5342±0.0000,0.6814±0.0000,0.8323±0.0000,0.8235±0.0000
Link,0shot,Cora,GraphMAE+PSP,0.5342±0.0000,0.6814±0.0000,0.8323±0.0000,0.8235±0.0000
Link,0shot,Cora,GraphMAE+ProNoG,0.5000±0.0000,0.6667±0.0000,0.6867±0.0000,0.7248±0.0000
Link,0shot,Cora,GraphMAE+SelfPro,0.6214±0.0000,0.7239±0.0000,0.8399±0.0000,0.8226±0.0000
Link,0shot,Cora,GraphMAE+UniPrompt,0.5000±0.0000,0.6667±0.0000,0.8290±0.0000,0.8279±0.0000
Link,0shot,Cora,None+All-in-one,0.5000±0.0000,0.6667±0.0000,0.6012±0.0000,0.6694±0.0000
Link,0shot,Cora,None+DAGPrompT,0.5000±0.0000,0.6667±0.0000,0.6920±0.0000,0.7181±0.0000
Link,0shot,Cora,None+EdgePrompt,0.4991±0.0000,0.6658±0.0000,0.6451±0.0000,0.6895±0.0000
Link,0shot,Cora,None+EdgePromptplus,0.4972±0.0000,0.6641±0.0000,0.6412±0.0000,0.6758±0.0000
Link,0shot,Cora,None+GPF,0.5000±0.0000,0.6667±0.0000,0.6698±0.0000,0.7018±0.0000
Link,0shot,Cora,None+GPF-plus,0.5000±0.0000,0.6667±0.0000,0.6722±0.0000,0.7044±0.0000
Link,0shot,Cora,None+Gprompt,0.5000±0.0000,0.6667±0.0000,0.6967±0.0000,0.7258±0.0000
Link,0shot,Cora,None+GraphPrompter,0.5000±0.0000,0.6667±0.0000,0.7643±0.0000,0.7840±0.0000
Link,0shot,Cora,None+None,0.5000±0.0000,0.6667±0.0000,0.7643±0.0000,0.7840±0.0000
Link,0shot,Cora,None+PSP,0.5000±0.0000,0.6667±0.0000,0.7643±0.0000,0.7840±0.0000
Link,0shot,Cora,None+ProNoG,0.5000±0.0000,0.6667±0.0000,0.6883±0.0000,0.7197±0.0000
Link,0shot,Cora,None+SelfPro,0.5123±0.0000,0.6714±0.0000,0.8369±0.0000,0.8556±0.0000
Link,0shot,Cora,None+UniPrompt,0.5000±0.0000,0.6667±0.0000,0.7939±0.0000,0.7991±0.0000
Link,0shot,Cora,SimGRACE+All-in-one,0.5000±0.0000,0.6667±0.0000,0.5748±0.0000,0.6172±0.0000
Link,0shot,Cora,SimGRACE+DAGPrompT,0.5009±0.0000,0.6671±0.0000,0.7881±0.0000,0.8017±0.0000
Link,0shot,Cora,SimGRACE+EdgePrompt,0.4867±0.0000,0.6525±0.0000,0.4857±0.0000,0.4929±0.0000
Link,0shot,Cora,SimGRACE+EdgePromptplus,0.4820±0.0000,0.6360±0.0000,0.5922±0.0000,0.5703±0.0000
Link,0shot,Cora,SimGRACE+GPF,0.5000±0.0000,0.6667±0.0000,0.6724±0.0000,0.7022±0.0000
Link,0shot,Cora,SimGRACE+GPF-plus,0.5000±0.0000,0.6667±0.0000,0.6337±0.0000,0.6692±0.0000
Link,0shot,Cora,SimGRACE+Gprompt,0.7097±0.0000,0.7609±0.0000,0.8317±0.0000,0.8283±0.0000
Link,0shot,Cora,SimGRACE+GraphPrompter,0.5000±0.0000,0.6667±0.0000,0.7904±0.0000,0.7713±0.0000
Link,0shot,Cora,SimGRACE+None,0.5000±0.0000,0.6667±0.0000,0.7904±0.0000,0.7713±0.0000
Link,0shot,Cora,SimGRACE+PSP,0.5000±0.0000,0.6667±0.0000,0.7904±0.0000,0.7713±0.0000
Link,0shot,Cora,SimGRACE+ProNoG,0.5000±0.0000,0.6667±0.0000,0.7984±0.0000,0.7992±0.0000
Link,0shot,Cora,SimGRACE+SelfPro,0.5550±0.0000,0.6908±0.0000,0.8081±0.0000,0.8015±0.0000
Link,0shot,Cora,SimGRACE+UniPrompt,0.5000±0.0000,0.6667±0.0000,0.7787±0.0000,0.7568±0.0000
Link,0shot,IMDB-BINARY,DGI+All-in-one,0.5644±0.0000,0.7215±0.0000,0.7293±0.0000,0.8124±0.0000
Link,0shot,IMDB-BINARY,DGI+DAGPrompT,0.5646±0.0000,0.7217±0.0000,0.7944±0.0000,0.8561±0.0000
Link,0shot,IMDB-BINARY,DGI+EdgePrompt,0.5646±0.0000,0.7217±0.0000,0.7446±0.0000,0.7820±0.0000
Link,0shot,IMDB-BINARY,DGI+EdgePromptplus,0.5646±0.0000,0.7217±0.0000,0.7771±0.0000,0.8166±0.0000
Link,0shot,IMDB-BINARY,DGI+GPF,0.5646±0.0000,0.7217±0.0000,0.7937±0.0000,0.8556±0.0000
Link,0shot,IMDB-BINARY,DGI+GPF-plus,0.5646±0.0000,0.7217±0.0000,0.7924±0.0000,0.8561±0.0000
Link,0shot,IMDB-BINARY,DGI+Gprompt,0.5646±0.0000,0.7217±0.0000,0.7943±0.0000,0.8559±0.0000
Link,0shot,IMDB-BINARY,DGI+GraphPrompter,0.5646±0.0000,0.7217±0.0000,0.7925±0.0000,0.8574±0.0000
Link,0shot,IMDB-BINARY,DGI+None,0.5646±0.0000,0.7217±0.0000,0.7925±0.0000,0.8574±0.0000
Link,0shot,IMDB-BINARY,DGI+PSP,0.5646±0.0000,0.7217±0.0000,0.7925±0.0000,0.8574±0.0000
Link,0shot,IMDB-BINARY,DGI+ProNoG,0.5646±0.0000,0.7217±0.0000,0.7943±0.0000,0.8558±0.0000
Link,0shot,IMDB-BINARY,DGI+SelfPro,0.5644±0.0000,0.7215±0.0000,0.7870±0.0000,0.8318±0.0000
Link,0shot,IMDB-BINARY,DGI+UniPrompt,0.5646±0.0000,0.7217±0.0000,0.7919±0.0000,0.8529±0.0000
Link,0shot,IMDB-BINARY,Edgepred_GPPT+All-in-one,0.5590±0.0000,0.7124±0.0000,0.7277±0.0000,0.8117±0.0000
Link,0shot,IMDB-BINARY,Edgepred_GPPT+DAGPrompT,0.5646±0.0000,0.7217±0.0000,0.7944±0.0000,0.8561±0.0000
Link,0shot,IMDB-BINARY,Edgepred_GPPT+EdgePrompt,0.5646±0.0000,0.7217±0.0000,0.7244±0.0000,0.7547±0.0000
Link,0shot,IMDB-BINARY,Edgepred_GPPT+EdgePromptplus,0.5646±0.0000,0.7217±0.0000,0.7819±0.0000,0.8407±0.0000
Link,0shot,IMDB-BINARY,Edgepred_GPPT+GPF,0.5646±0.0000,0.7217±0.0000,0.7957±0.0000,0.8588±0.0000
Link,0shot,IMDB-BINARY,Edgepred_GPPT+GPF-plus,0.5646±0.0000,0.7217±0.0000,0.7951±0.0000,0.8573±0.0000
Link,0shot,IMDB-BINARY,Edgepred_GPPT+Gprompt,0.5646±0.0000,0.7217±0.0000,0.7943±0.0000,0.8559±0.0000
Link,0shot,IMDB-BINARY,Edgepred_GPPT+GraphPrompter,0.5646±0.0000,0.7217±0.0000,0.7950±0.0000,0.8573±0.0000
Link,0shot,IMDB-BINARY,Edgepred_GPPT+None,0.5646±0.0000,0.7217±0.0000,0.7950±0.0000,0.8573±0.0000
Link,0shot,IMDB-BINARY,Edgepred_GPPT+PSP,0.5646±0.0000,0.7217±0.0000,0.7950±0.0000,0.8573±0.0000
Link,0shot,IMDB-BINARY,Edgepred_GPPT+ProNoG,0.5646±0.0000,0.7217±0.0000,0.7945±0.0000,0.8560±0.0000
Link,0shot,IMDB-BINARY,Edgepred_GPPT+SelfPro,0.5646±0.0000,0.7217±0.0000,0.7611±0.0000,0.8182±0.0000
Link,0shot,IMDB-BINARY,Edgepred_GPPT+UniPrompt,0.5646±0.0000,0.7217±0.0000,0.7932±0.0000,0.8544±0.0000
Link,0shot,IMDB-BINARY,Edgepred_Gprompt+All-in-one,0.5643±0.0000,0.7215±0.0000,0.7286±0.0000,0.8121±0.0000
Link,0shot,IMDB-BINARY,Edgepred_Gprompt+DAGPrompT,0.5646±0.0000,0.7217±0.0000,0.7944±0.0000,0.8561±0.0000
Link,0shot,IMDB-BINARY,Edgepred_Gprompt+EdgePrompt,0.5646±0.0000,0.7217±0.0000,0.7608±0.0000,0.8127±0.0000
Link,0shot,IMDB-BINARY,Edgepred_Gprompt+EdgePromptplus,0.5651±0.0000,0.7219±0.0000,0.7806±0.0000,0.8381±0.0000
Link,0shot,IMDB-BINARY,Edgepred_Gprompt+GPF,0.5646±0.0000,0.7217±0.0000,0.7952±0.0000,0.8567±0.0000
Link,0shot,IMDB-BINARY,Edgepred_Gprompt+GPF-plus,0.5646±0.0000,0.7217±0.0000,0.7943±0.0000,0.8569±0.0000
Link,0shot,IMDB-BINARY,Edgepred_Gprompt+Gprompt,0.5646±0.0000,0.7217±0.0000,0.7942±0.0000,0.8556±0.0000
Link,0shot,IMDB-BINARY,Edgepred_Gprompt+GraphPrompter,0.5646±0.0000,0.7217±0.0000,0.7943±0.0000,0.8568±0.0000
Link,0shot,IMDB-BINARY,Edgepred_Gprompt+None,0.5646±0.0000,0.7217±0.0000,0.7943±0.0000,0.8568±0.0000
Link,0shot,IMDB-BINARY,Edgepred_Gprompt+PSP,0.5646±0.0000,0.7217±0.0000,0.7943±0.0000,0.8568±0.0000
Link,0shot,IMDB-BINARY,Edgepred_Gprompt+ProNoG,0.5646±0.0000,0.7217±0.0000,0.7937±0.0000,0.8567±0.0000
Link,0shot,IMDB-BINARY,Edgepred_Gprompt+SelfPro,0.5646±0.0000,0.7217±0.0000,0.7708±0.0000,0.8201±0.0000
Link,0shot,IMDB-BINARY,Edgepred_Gprompt+UniPrompt,0.5646±0.0000,0.7217±0.0000,0.7914±0.0000,0.8522±0.0000
Link,0shot,IMDB-BINARY,GraphCL+All-in-one,0.6437±0.0000,0.5701±0.0000,0.7365±0.0000,0.8163±0.0000
Link,0shot,IMDB-BINARY,GraphCL+DAGPrompT,0.5646±0.0000,0.7217±0.0000,0.7934±0.0000,0.8547±0.0000
Link,0shot,IMDB-BINARY,GraphCL+EdgePrompt,0.5646±0.0000,0.7217±0.0000,0.7490±0.0000,0.7994±0.0000
Link,0shot,IMDB-BINARY,GraphCL+EdgePromptplus,0.5646±0.0000,0.7217±0.0000,0.7861±0.0000,0.8487±0.0000
Link,0shot,IMDB-BINARY,GraphCL+GPF,0.5646±0.0000,0.7217±0.0000,0.7831±0.0000,0.8580±0.0000
Link,0shot,IMDB-BINARY,GraphCL+GPF-plus,0.5642±0.0000,0.7214±0.0000,0.8151±0.0000,0.8656±0.0000
Link,0shot,IMDB-BINARY,GraphCL+Gprompt,0.5652±0.0000,0.7217±0.0000,0.8029±0.0000,0.8580±0.0000
Link,0shot,IMDB-BINARY,GraphCL+GraphPrompter,0.5642±0.0000,0.7213±0.0000,0.8152±0.0000,0.8658±0.0000
Link,0shot,IMDB-BINARY,GraphCL+None,0.5642±0.0000,0.7213±0.0000,0.8152±0.0000,0.8658±0.0000
Link,0shot,IMDB-BINARY,GraphCL+PSP,0.5642±0.0000,0.7213±0.0000,0.8152±0.0000,0.8658±0.0000
Link,0shot,IMDB-BINARY,GraphCL+ProNoG,0.5655±0.0000,0.7216±0.0000,0.8007±0.0000,0.8560±0.0000
Link,0shot,IMDB-BINARY,GraphCL+SelfPro,0.6380±0.0000,0.7477±0.0000,0.8384±0.0000,0.8748±0.0000
Link,0shot,IMDB-BINARY,GraphCL+UniPrompt,0.5647±0.0000,0.7217±0.0000,0.8173±0.0000,0.8658±0.0000
Link,0shot,IMDB-BINARY,GraphMAE+All-in-one,0.6811±0.0000,0.6611±0.0000,0.7290±0.0000,0.8123±0.0000
Link,0shot,IMDB-BINARY,GraphMAE+DAGPrompT,0.5646±0.0000,0.7217±0.0000,0.7945±0.0000,0.8565±0.0000
Link,0shot,IMDB-BINARY,GraphMAE+EdgePrompt,0.5646±0.0000,0.7217±0.0000,0.7680±0.0000,0.8240±0.0000
Link,0shot,IMDB-BINARY,GraphMAE+EdgePromptplus,0.5646±0.0000,0.7217±0.0000,0.7879±0.0000,0.8506±0.0000
Link,0shot,IMDB-BINARY,GraphMAE+GPF,0.5646±0.0000,0.7217±0.0000,0.7918±0.0000,0.8580±0.0000
Link,0shot,IMDB-BINARY,GraphMAE+GPF-plus,0.5646±0.0000,0.7217±0.0000,0.7934±0.0000,0.8573±0.0000
Link,0shot,IMDB-BINARY,GraphMAE+Gprompt,0.5646±0.0000,0.7217±0.0000,0.7945±0.0000,0.8562±0.0000
Link,0shot,IMDB-BINARY,GraphMAE+GraphPrompter,0.5646±0.0000,0.7217±0.0000,0.7934±0.0000,0.8573±0.0000
Link,0shot,IMDB-BINARY,GraphMAE+None,0.5646±0.0000,0.7217±0.0000,0.7934±0.0000,0.8573±0.0000
Link,0shot,IMDB-BINARY,GraphMAE+PSP,0.5646±0.0000,0.7217±0.0000,0.7934±0.0000,0.8573±0.0000
Link,0shot,IMDB-BINARY,GraphMAE+ProNoG,0.5646±0.0000,0.7217±0.0000,0.7944±0.0000,0.8561±0.0000
Link,0shot,IMDB-BINARY,GraphMAE+SelfPro,0.5986±0.0000,0.7257±0.0000,0.7979±0.0000,0.8427±0.0000
Link,0shot,IMDB-BINARY,GraphMAE+UniPrompt,0.5646±0.0000,0.7217±0.0000,0.7900±0.0000,0.8517±0.0000
Link,0shot,IMDB-BINARY,None+All-in-one,0.5645±0.0000,0.7217±0.0000,0.7285±0.0000,0.8120±0.0000
Link,0shot,IMDB-BINARY,None+DAGPrompT,0.5646±0.0000,0.7217±0.0000,0.7944±0.0000,0.8561±0.0000
Link,0shot,IMDB-BINARY,None+EdgePrompt,0.5644±0.0000,0.7216±0.0000,0.7467±0.0000,0.8031±0.0000
Link,0shot,IMDB-BINARY,None+EdgePromptplus,0.5649±0.0000,0.7218±0.0000,0.7622±0.0000,0.8340±0.0000
Link,0shot,IMDB-BINARY,None+GPF,0.5646±0.0000,0.7217±0.0000,0.7948±0.0000,0.8568±0.0000
Link,0shot,IMDB-BINARY,None+GPF-plus,0.5646±0.0000,0.7217±0.0000,0.7941±0.0000,0.8573±0.0000
Link,0shot,IMDB-BINARY,None+Gprompt,0.5646±0.0000,0.7217±0.0000,0.7943±0.0000,0.8557±0.0000
Link,0shot,IMDB-BINARY,None+GraphPrompter,0.5646±0.0000,0.7217±0.0000,0.7941±0.0000,0.8573±0.0000
Link,0shot,IMDB-BINARY,None+None,0.5646±0.0000,0.7217±0.0000,0.7941±0.0000,0.8573±0.0000
Link,0shot,IMDB-BINARY,None+PSP,0.5646±0.0000,0.7217±0.0000,0.7941±0.0000,0.8573±0.0000
Link,0shot,IMDB-BINARY,None+ProNoG,0.5646±0.0000,0.7217±0.0000,0.7944±0.0000,0.8559±0.0000
Link,0shot,IMDB-BINARY,None+SelfPro,0.5646±0.0000,0.7217±0.0000,0.7700±0.0000,0.8228±0.0000
Link,0shot,IMDB-BINARY,None+UniPrompt,0.5646±0.0000,0.7217±0.0000,0.7916±0.0000,0.8526±0.0000
Link,0shot,IMDB-BINARY,SimGRACE+All-in-one,0.6537±0.0000,0.5946±0.0000,0.7410±0.0000,0.8156±0.0000
Link,0shot,IMDB-BINARY,SimGRACE+DAGPrompT,0.5646±0.0000,0.7217±0.0000,0.7954±0.0000,0.8549±0.0000
Link,0shot,IMDB-BINARY,SimGRACE+EdgePrompt,0.5653±0.0000,0.7218±0.0000,0.7347±0.0000,0.7469±0.0000
Link,0shot,IMDB-BINARY,SimGRACE+EdgePromptplus,0.5629±0.0000,0.7202±0.0000,0.7858±0.0000,0.8426±0.0000
Link,0shot,IMDB-BINARY,SimGRACE+GPF,0.5646±0.0000,0.7217±0.0000,0.8115±0.0000,0.8644±0.0000
Link,0shot,IMDB-BINARY,SimGRACE+GPF-plus,0.5646±0.0000,0.7217±0.0000,0.8033±0.0000,0.8591±0.0000
Link,0shot,IMDB-BINARY,SimGRACE+Gprompt,0.5646±0.0000,0.7217±0.0000,0.7916±0.0000,0.8530±0.0000
Link,0shot,IMDB-BINARY,SimGRACE+GraphPrompter,0.5646±0.0000,0.7217±0.0000,0.8004±0.0000,0.8586±0.0000
Link,0shot,IMDB-BINARY,SimGRACE+None,0.5646±0.0000,0.7217±0.0000,0.8004±0.0000,0.8586±0.0000
Link,0shot,IMDB-BINARY,SimGRACE+PSP,0.5646±0.0000,0.7217±0.0000,0.8004±0.0000,0.8586±0.0000
Link,0shot,IMDB-BINARY,SimGRACE+ProNoG,0.5646±0.0000,0.7217±0.0000,0.7936±0.0000,0.8566±0.0000
Link,0shot,IMDB-BINARY,SimGRACE+SelfPro,0.6455±0.0000,0.7552±0.0000,0.8543±0.0000,0.8854±0.0000
Link,0shot,IMDB-BINARY,SimGRACE+UniPrompt,0.5646±0.0000,0.7217±0.0000,0.8091±0.0000,0.8629±0.0000
Link,0shot,MUTAG,DGI+All-in-one,0.3345±0.0000,0.0000±0.0000,0.5971±0.0000,0.7207±0.0000
Link,0shot,MUTAG,DGI+DAGPrompT,0.6643±0.0000,0.7983±0.0000,0.5757±0.0000,0.6745±0.0000
Link,0shot,MUTAG,DGI+EdgePrompt,0.6655±0.0000,0.7991±0.0000,0.3877±0.0000,0.6130±0.0000
Link,0shot,MUTAG,DGI+EdgePromptplus,0.6619±0.0000,0.7961±0.0000,0.6330±0.0000,0.7347±0.0000
Link,0shot,MUTAG,DGI+GPF,0.6655±0.0000,0.7991±0.0000,0.5386±0.0000,0.6503±0.0000
Link,0shot,MUTAG,DGI+GPF-plus,0.6619±0.0000,0.7961±0.0000,0.5668±0.0000,0.6622±0.0000
Link,0shot,MUTAG,DGI+Gprompt,0.6643±0.0000,0.7983±0.0000,0.5793±0.0000,0.6791±0.0000
Link,0shot,MUTAG,DGI+GraphPrompter,0.6625±0.0000,0.7966±0.0000,0.5366±0.0000,0.6520±0.0000
Link,0shot,MUTAG,DGI+None,0.6625±0.0000,0.7966±0.0000,0.5366±0.0000,0.6520±0.0000
Link,0shot,MUTAG,DGI+PSP,0.6625±0.0000,0.7966±0.0000,0.5366±0.0000,0.6520±0.0000
Link,0shot,MUTAG,DGI+ProNoG,0.7174±0.0000,0.8128±0.0000,0.5810±0.0000,0.6753±0.0000
Link,0shot,MUTAG,DGI+SelfPro,0.7482±0.0000,0.8287±0.0000,0.6399±0.0000,0.7401±0.0000
Link,0shot,MUTAG,DGI+UniPrompt,0.6637±0.0000,0.7974±0.0000,0.6004±0.0000,0.6945±0.0000
Link,0shot,MUTAG,Edgepred_GPPT+All-in-one,0.3345±0.0000,0.0000±0.0000,0.5719±0.0000,0.6837±0.0000
Link,0shot,MUTAG,Edgepred_GPPT+DAGPrompT,0.6643±0.0000,0.7983±0.0000,0.6536±0.0000,0.7144±0.0000
Link,0shot,MUTAG,Edgepred_GPPT+EdgePrompt,0.6530±0.0000,0.7900±0.0000,0.4388±0.0000,0.6374±0.0000
Link,0shot,MUTAG,Edgepred_GPPT+EdgePromptplus,0.6554±0.0000,0.7914±0.0000,0.6972±0.0000,0.8161±0.0000
Link,0shot,MUTAG,Edgepred_GPPT+GPF,0.6583±0.0000,0.7940±0.0000,0.5557±0.0000,0.6946±0.0000
Link,0shot,MUTAG,Edgepred_GPPT+GPF-plus,0.6607±0.0000,0.7957±0.0000,0.6266±0.0000,0.7219±0.0000
Link,0shot,MUTAG,Edgepred_GPPT+Gprompt,0.6643±0.0000,0.7983±0.0000,0.6542±0.0000,0.7179±0.0000
Link,0shot,MUTAG,Edgepred_GPPT+GraphPrompter,0.6607±0.0000,0.7957±0.0000,0.6292±0.0000,0.7144±0.0000
Link,0shot,MUTAG,Edgepred_GPPT+None,0.6607±0.0000,0.7957±0.0000,0.6292±0.0000,0.7144±0.0000
Link,0shot,MUTAG,Edgepred_GPPT+PSP,0.6607±0.0000,0.7957±0.0000,0.6292±0.0000,0.7144±0.0000
Link,0shot,MUTAG,Edgepred_GPPT+ProNoG,0.6607±0.0000,0.7957±0.0000,0.6429±0.0000,0.7138±0.0000
Link,0shot,MUTAG,Edgepred_GPPT+SelfPro,0.6333±0.0000,0.7248±0.0000,0.6287±0.0000,0.7475±0.0000
Link,0shot,MUTAG,Edgepred_GPPT+UniPrompt,0.6607±0.0000,0.7957±0.0000,0.6454±0.0000,0.7175±0.0000
Link,0shot,MUTAG,Edgepred_Gprompt+All-in-one,0.3345±0.0000,0.0000±0.0000,0.7167±0.0000,0.8266±0.0000
Link,0shot,MUTAG,Edgepred_Gprompt+DAGPrompT,0.6315±0.0000,0.7311±0.0000,0.5158±0.0000,0.6571±0.0000
Link,0shot,MUTAG,Edgepred_Gprompt+EdgePrompt,0.5170±0.0000,0.6778±0.0000,0.3964±0.0000,0.6176±0.0000
Link,0shot,MUTAG,Edgepred_Gprompt+EdgePromptplus,0.5411±0.0000,0.6915±0.0000,0.3857±0.0000,0.5870±0.0000
Link,0shot,MUTAG,Edgepred_Gprompt+GPF,0.6536±0.0000,0.7551±0.0000,0.4964±0.0000,0.6294±0.0000
Link,0shot,MUTAG,Edgepred_Gprompt+GPF-plus,0.5635±0.0000,0.6504±0.0000,0.5367±0.0000,0.6614±0.0000
Link,0shot,MUTAG,Edgepred_Gprompt+Gprompt,0.5689±0.0000,0.6620±0.0000,0.5353±0.0000,0.6663±0.0000
Link,0shot,MUTAG,Edgepred_Gprompt+GraphPrompter,0.5546±0.0000,0.6438±0.0000,0.5201±0.0000,0.6574±0.0000
Link,0shot,MUTAG,Edgepred_Gprompt+None,0.5546±0.0000,0.6438±0.0000,0.5201±0.0000,0.6573±0.0000
Link,0shot,MUTAG,Edgepred_Gprompt+PSP,0.5546±0.0000,0.6438±0.0000,0.5201±0.0000,0.6573±0.0000
Link,0shot,MUTAG,Edgepred_Gprompt+ProNoG,0.5564±0.0000,0.6477±0.0000,0.5360±0.0000,0.6716±0.0000
Link,0shot,MUTAG,Edgepred_Gprompt+SelfPro,0.5331±0.0000,0.6015±0.0000,0.5115±0.0000,0.7010±0.0000
Link,0shot,MUTAG,Edgepred_Gprompt+UniPrompt,0.5653±0.0000,0.6543±0.0000,0.5313±0.0000,0.6585±0.0000
Link,0shot,MUTAG,GraphCL+All-in-one,0.3345±0.0000,0.0000±0.0000,0.8005±0.0000,0.8764±0.0000
Link,0shot,MUTAG,GraphCL+DAGPrompT,0.7250±0.0000,0.8145±0.0000,0.6087±0.0000,0.6948±0.0000
Link,0shot,MUTAG,GraphCL+EdgePrompt,0.5796±0.0000,0.7320±0.0000,0.4396±0.0000,0.6394±0.0000
Link,0shot,MUTAG,GraphCL+EdgePromptplus,0.7370±0.0000,0.8227±0.0000,0.6538±0.0000,0.7479±0.0000
Link,0shot,MUTAG,GraphCL+GPF,0.6655±0.0000,0.7987±0.0000,0.5013±0.0000,0.6661±0.0000
Link,0shot,MUTAG,GraphCL+GPF-plus,0.7138±0.0000,0.8091±0.0000,0.6207±0.0000,0.7290±0.0000
Link,0shot,MUTAG,GraphCL+Gprompt,0.7196±0.0000,0.8111±0.0000,0.6150±0.0000,0.7130±0.0000
Link,0shot,MUTAG,GraphCL+GraphPrompter,0.7429±0.0000,0.8257±0.0000,0.6605±0.0000,0.7521±0.0000
Link,0shot,MUTAG,GraphCL+None,0.7429±0.0000,0.8257±0.0000,0.6605±0.0000,0.7521±0.0000
Link,0shot,MUTAG,GraphCL+PSP,0.7429±0.0000,0.8257±0.0000,0.6605±0.0000,0.7521±0.0000
Link,0shot,MUTAG,GraphCL+ProNoG,0.7281±0.0000,0.8160±0.0000,0.5789±0.0000,0.6613±0.0000
Link,0shot,MUTAG,GraphCL+SelfPro,0.6500±0.0000,0.7387±0.0000,0.6682±0.0000,0.7609±0.0000
Link,0shot,MUTAG,GraphCL+UniPrompt,0.7500±0.0000,0.8297±0.0000,0.6740±0.0000,0.7599±0.0000
Link,0shot,MUTAG,GraphMAE+All-in-one,0.3345±0.0000,0.0000±0.0000,0.7968±0.0000,0.8605±0.0000
Link,0shot,MUTAG,GraphMAE+DAGPrompT,0.6655±0.0000,0.7991±0.0000,0.5974±0.0000,0.6852±0.0000
Link,0shot,MUTAG,GraphMAE+EdgePrompt,0.6196±0.0000,0.7625±0.0000,0.2697±0.0000,0.5228±0.0000
Link,0shot,MUTAG,GraphMAE+EdgePromptplus,0.6530±0.0000,0.7887±0.0000,0.4901±0.0000,0.6158±0.0000
Link,0shot,MUTAG,GraphMAE+GPF,0.7286±0.0000,0.8114±0.0000,0.6254±0.0000,0.7049±0.0000
Link,0shot,MUTAG,GraphMAE+GPF-plus,0.7268±0.0000,0.8099±0.0000,0.6323±0.0000,0.7071±0.0000
Link,0shot,MUTAG,GraphMAE+Gprompt,0.6655±0.0000,0.7991±0.0000,0.5916±0.0000,0.6808±0.0000
Link,0shot,MUTAG,GraphMAE+GraphPrompter,0.7268±0.0000,0.8099±0.0000,0.6327±0.0000,0.7065±0.0000
Link,0shot,MUTAG,GraphMAE+None,0.7268±0.0000,0.8099±0.0000,0.6327±0.0000,0.7066±0.0000
Link,0shot,MUTAG,GraphMAE+PSP,0.7268±0.0000,0.8099±0.0000,0.6327±0.0000,0.7065±0.0000
Link,0shot,MUTAG,GraphMAE+ProNoG,0.6655±0.0000,0.7991±0.0000,0.5881±0.0000,0.6804±0.0000
Link,0shot,MUTAG,GraphMAE+SelfPro,0.7250±0.0000,0.8089±0.0000,0.6534±0.0000,0.7510±0.0000
Link,0shot,MUTAG,GraphMAE+UniPrompt,0.7321±0.0000,0.8144±0.0000,0.6512±0.0000,0.7217±0.0000
Link,0shot,MUTAG,None+All-in-one,0.3345±0.0000,0.0000±0.0000,0.5915±0.0000,0.7242±0.0000
Link,0shot,MUTAG,None+DAGPrompT,0.6643±0.0000,0.7983±0.0000,0.5913±0.0000,0.6779±0.0000
Link,0shot,MUTAG,None+EdgePrompt,0.6696±0.0000,0.8004±0.0000,0.2346±0.0000,0.5097±0.0000
Link,0shot,MUTAG,None+EdgePromptplus,0.6547±0.0000,0.7758±0.0000,0.4472±0.0000,0.5901±0.0000
Link,0shot,MUTAG,None+GPF,0.7321±0.0000,0.8157±0.0000,0.6374±0.0000,0.7187±0.0000
Link,0shot,MUTAG,None+GPF-plus,0.7286±0.0000,0.8114±0.0000,0.6239±0.0000,0.7002±0.0000
Link,0shot,MUTAG,None+Gprompt,0.6655±0.0000,0.7991±0.0000,0.5924±0.0000,0.6833±0.0000
Link,0shot,MUTAG,None+GraphPrompter,0.7286±0.0000,0.8109±0.0000,0.6263±0.0000,0.7025±0.0000
Link,0shot,MUTAG,None+None,0.7286±0.0000,0.8109±0.0000,0.6263±0.0000,0.7025±0.0000
Link,0shot,MUTAG,None+PSP,0.7286±0.0000,0.8109±0.0000,0.6263±0.0000,0.7025±0.0000
Link,0shot,MUTAG,None+ProNoG,0.6357±0.0000,0.7753±0.0000,0.5934±0.0000,0.6815±0.0000
Link,0shot,MUTAG,None+SelfPro,0.7393±0.0000,0.8202±0.0000,0.6490±0.0000,0.7499±0.0000
Link,0shot,MUTAG,None+UniPrompt,0.7357±0.0000,0.8164±0.0000,0.6444±0.0000,0.7088±0.0000
Link,0shot,MUTAG,SimGRACE+All-in-one,0.3345±0.0000,0.0000±0.0000,0.5171±0.0000,0.6457±0.0000
Link,0shot,MUTAG,SimGRACE+DAGPrompT,0.6625±0.0000,0.7605±0.0000,0.5928±0.0000,0.7079±0.0000
Link,0shot,MUTAG,SimGRACE+EdgePrompt,0.5943±0.0000,0.7420±0.0000,0.4530±0.0000,0.6478±0.0000
Link,0shot,MUTAG,SimGRACE+EdgePromptplus,0.6643±0.0000,0.7679±0.0000,0.5883±0.0000,0.7047±0.0000
Link,0shot,MUTAG,SimGRACE+GPF,0.6643±0.0000,0.7956±0.0000,0.5055±0.0000,0.6703±0.0000
Link,0shot,MUTAG,SimGRACE+GPF-plus,0.6536±0.0000,0.7593±0.0000,0.5777±0.0000,0.7007±0.0000
Link,0shot,MUTAG,SimGRACE+Gprompt,0.6977±0.0000,0.8000±0.0000,0.5350±0.0000,0.6794±0.0000
Link,0shot,MUTAG,SimGRACE+GraphPrompter,0.6816±0.0000,0.7891±0.0000,0.5727±0.0000,0.6995±0.0000
Link,0shot,MUTAG,SimGRACE+None,0.6816±0.0000,0.7891±0.0000,0.5727±0.0000,0.6995±0.0000
Link,0shot,MUTAG,SimGRACE+PSP,0.6816±0.0000,0.7891±0.0000,0.5727±0.0000,0.6995±0.0000
Link,0shot,MUTAG,SimGRACE+ProNoG,0.6982±0.0000,0.8033±0.0000,0.5276±0.0000,0.6627±0.0000
Link,0shot,MUTAG,SimGRACE+SelfPro,0.6429±0.0000,0.7297±0.0000,0.6377±0.0000,0.7642±0.0000
Link,0shot,MUTAG,SimGRACE+UniPrompt,0.6964±0.0000,0.7962±0.0000,0.6011±0.0000,0.7131±0.0000
Link,0shot,PROTEINS,DGI+All-in-one,0.5792±0.0000,0.5009±0.0000,0.6302±0.0000,0.6370±0.0000
Link,0shot,PROTEINS,DGI+DAGPrompT,0.5191±0.0000,0.6833±0.0000,0.4532±0.0000,0.4877±0.0000
Link,0shot,PROTEINS,DGI+EdgePrompt,0.5191±0.0000,0.6834±0.0000,0.5001±0.0000,0.5191±0.0000
Link,0shot,PROTEINS,DGI+EdgePromptplus,0.5190±0.0000,0.6834±0.0000,0.4999±0.0000,0.5190±0.0000
Link,0shot,PROTEINS,DGI+GPF,0.5193±0.0000,0.6834±0.0000,0.5001±0.0000,0.5191±0.0000
Link,0shot,PROTEINS,DGI+GPF-plus,0.5193±0.0000,0.6835±0.0000,0.5001±0.0000,0.5191±0.0000
Link,0shot,PROTEINS,DGI+Gprompt,0.5193±0.0000,0.6834±0.0000,0.4375±0.0000,0.4772±0.0000
Link,0shot,PROTEINS,DGI+GraphPrompter,0.5193±0.0000,0.6834±0.0000,0.5003±0.0000,0.5192±0.0000
Link,0shot,PROTEINS,DGI+None,0.5193±0.0000,0.6834±0.0000,0.5003±0.0000,0.5192±0.0000
Link,0shot,PROTEINS,DGI+PSP,0.5193±0.0000,0.6834±0.0000,0.5003±0.0000,0.5192±0.0000
Link,0shot,PROTEINS,DGI+ProNoG,0.5193±0.0000,0.6834±0.0000,0.4326±0.0000,0.4772±0.0000
Link,0shot,PROTEINS,DGI+SelfPro,0.5417±0.0000,0.6780±0.0000,0.5677±0.0000,0.5679±0.0000
Link,0shot,PROTEINS,DGI+UniPrompt,0.5193±0.0000,0.6834±0.0000,0.5003±0.0000,0.5192±0.0000
Link,0shot,PROTEINS,Edgepred_GPPT+All-in-one,0.4810±0.0000,0.0000±0.0000,0.5064±0.0000,0.5186±0.0000
Link,0shot,PROTEINS,Edgepred_GPPT+DAGPrompT,0.5264±0.0000,0.6789±0.0000,0.5262±0.0000,0.5246±0.0000
Link,0shot,PROTEINS,Edgepred_GPPT+EdgePrompt,0.5187±0.0000,0.6831±0.0000,0.4996±0.0000,0.5188±0.0000
Link,0shot,PROTEINS,Edgepred_GPPT+EdgePromptplus,0.5190±0.0000,0.6832±0.0000,0.5000±0.0000,0.5190±0.0000
Link,0shot,PROTEINS,Edgepred_GPPT+GPF,0.5195±0.0000,0.6834±0.0000,0.5495±0.0000,0.5545±0.0000
Link,0shot,PROTEINS,Edgepred_GPPT+GPF-plus,0.5200±0.0000,0.6832±0.0000,0.5485±0.0000,0.5535±0.0000
Link,0shot,PROTEINS,Edgepred_GPPT+Gprompt,0.5268±0.0000,0.6723±0.0000,0.5353±0.0000,0.5498±0.0000
Link,0shot,PROTEINS,Edgepred_GPPT+GraphPrompter,0.5196±0.0000,0.6828±0.0000,0.5564±0.0000,0.5588±0.0000
Link,0shot,PROTEINS,Edgepred_GPPT+None,0.5196±0.0000,0.6828±0.0000,0.5564±0.0000,0.5588±0.0000
Link,0shot,PROTEINS,Edgepred_GPPT+PSP,0.5196±0.0000,0.6828±0.0000,0.5564±0.0000,0.5588±0.0000
Link,0shot,PROTEINS,Edgepred_GPPT+ProNoG,0.5190±0.0000,0.6834±0.0000,0.4795±0.0000,0.5038±0.0000
Link,0shot,PROTEINS,Edgepred_GPPT+SelfPro,0.5190±0.0000,0.6834±0.0000,0.6284±0.0000,0.6093±0.0000
Link,0shot,PROTEINS,Edgepred_GPPT+UniPrompt,0.5190±0.0000,0.6826±0.0000,0.5380±0.0000,0.5468±0.0000
Link,0shot,PROTEINS,Edgepred_Gprompt+All-in-one,0.4807±0.0000,0.0010±0.0000,0.5733±0.0000,0.5628±0.0000
Link,0shot,PROTEINS,Edgepred_Gprompt+DAGPrompT,0.5191±0.0000,0.6834±0.0000,0.4770±0.0000,0.5000±0.0000
Link,0shot,PROTEINS,Edgepred_Gprompt+EdgePrompt,0.5192±0.0000,0.6834±0.0000,0.5002±0.0000,0.5191±0.0000
Link,0shot,PROTEINS,Edgepred_Gprompt+EdgePromptplus,0.5615±0.0000,0.6870±0.0000,0.5336±0.0000,0.5325±0.0000
Link,0shot,PROTEINS,Edgepred_Gprompt+GPF,0.5250±0.0000,0.6782±0.0000,0.5134±0.0000,0.5260±0.0000
Link,0shot,PROTEINS,Edgepred_Gprompt+GPF-plus,0.5434±0.0000,0.6790±0.0000,0.5384±0.0000,0.5400±0.0000
Link,0shot,PROTEINS,Edgepred_Gprompt+Gprompt,0.5193±0.0000,0.6831±0.0000,0.4797±0.0000,0.5092±0.0000
Link,0shot,PROTEINS,Edgepred_Gprompt+GraphPrompter,0.5446±0.0000,0.6758±0.0000,0.5431±0.0000,0.5435±0.0000
Link,0shot,PROTEINS,Edgepred_Gprompt+None,0.5446±0.0000,0.6758±0.0000,0.5431±0.0000,0.5435±0.0000
Link,0shot,PROTEINS,Edgepred_Gprompt+PSP,0.5446±0.0000,0.6758±0.0000,0.5431±0.0000,0.5435±0.0000
Link,0shot,PROTEINS,Edgepred_Gprompt+ProNoG,0.5319±0.0000,0.6822±0.0000,0.5275±0.0000,0.5325±0.0000
Link,0shot,PROTEINS,Edgepred_Gprompt+SelfPro,0.5651±0.0000,0.6718±0.0000,0.5936±0.0000,0.5899±0.0000
Link,0shot,PROTEINS,Edgepred_Gprompt+UniPrompt,0.5392±0.0000,0.6764±0.0000,0.5383±0.0000,0.5406±0.0000
Link,0shot,PROTEINS,GraphCL+All-in-one,0.5189±0.0000,0.6833±0.0000,0.4999±0.0000,0.5190±0.0000
Link,0shot,PROTEINS,GraphCL+DAGPrompT,0.5546±0.0000,0.6741±0.0000,0.5453±0.0000,0.5312±0.0000
Link,0shot,PROTEINS,GraphCL+EdgePrompt,0.5195±0.0000,0.6832±0.0000,0.5005±0.0000,0.5193±0.0000
Link,0shot,PROTEINS,GraphCL+EdgePromptplus,0.5327±0.0000,0.6767±0.0000,0.5170±0.0000,0.5279±0.0000
Link,0shot,PROTEINS,GraphCL+GPF,0.5478±0.0000,0.6780±0.0000,0.5358±0.0000,0.5380±0.0000
Link,0shot,PROTEINS,GraphCL+GPF-plus,0.5582±0.0000,0.6674±0.0000,0.5486±0.0000,0.5453±0.0000
Link,0shot,PROTEINS,GraphCL+Gprompt,0.5540±0.0000,0.6780±0.0000,0.5438±0.0000,0.5327±0.0000
Link,0shot,PROTEINS,GraphCL+GraphPrompter,0.5569±0.0000,0.6772±0.0000,0.5461±0.0000,0.5438±0.0000
Link,0shot,PROTEINS,GraphCL+None,0.5569±0.0000,0.6772±0.0000,0.5461±0.0000,0.5438±0.0000
Link,0shot,PROTEINS,GraphCL+PSP,0.5569±0.0000,0.6772±0.0000,0.5461±0.0000,0.5438±0.0000
Link,0shot,PROTEINS,GraphCL+ProNoG,0.5510±0.0000,0.6817±0.0000,0.5463±0.0000,0.5415±0.0000
Link,0shot,PROTEINS,GraphCL+SelfPro,0.5521±0.0000,0.6791±0.0000,0.5974±0.0000,0.5905±0.0000
Link,0shot,PROTEINS,GraphCL+UniPrompt,0.5281±0.0000,0.6778±0.0000,0.5477±0.0000,0.5515±0.0000
Link,0shot,PROTEINS,GraphMAE+All-in-one,0.5677±0.0000,0.4468±0.0000,0.6300±0.0000,0.6394±0.0000
Link,0shot,PROTEINS,GraphMAE+DAGPrompT,0.5187±0.0000,0.6830±0.0000,0.4605±0.0000,0.4905±0.0000
Link,0shot,PROTEINS,GraphMAE+EdgePrompt,0.5190±0.0000,0.6833±0.0000,0.5000±0.0000,0.5190±0.0000
Link,0shot,PROTEINS,GraphMAE+EdgePromptplus,0.5195±0.0000,0.6835±0.0000,0.4994±0.0000,0.5187±0.0000
Link,0shot,PROTEINS,GraphMAE+GPF,0.5191±0.0000,0.6834±0.0000,0.5084±0.0000,0.5144±0.0000
Link,0shot,PROTEINS,GraphMAE+GPF-plus,0.5195±0.0000,0.6835±0.0000,0.4998±0.0000,0.5189±0.0000
Link,0shot,PROTEINS,GraphMAE+Gprompt,0.5190±0.0000,0.6834±0.0000,0.4533±0.0000,0.4863±0.0000
Link,0shot,PROTEINS,GraphMAE+GraphPrompter,0.5195±0.0000,0.6835±0.0000,0.5001±0.0000,0.5191±0.0000
Link,0shot,PROTEINS,GraphMAE+None,0.5195±0.0000,0.6835±0.0000,0.5001±0.0000,0.5191±0.0000
Link,0shot,PROTEINS,GraphMAE+PSP,0.5195±0.0000,0.6835±0.0000,0.5001±0.0000,0.5191±0.0000
Link,0shot,PROTEINS,GraphMAE+ProNoG,0.5192±0.0000,0.6834±0.0000,0.4478±0.0000,0.4824±0.0000
Link,0shot,PROTEINS,GraphMAE+SelfPro,0.5215±0.0000,0.6790±0.0000,0.5682±0.0000,0.5697±0.0000
Link,0shot,PROTEINS,GraphMAE+UniPrompt,0.5194±0.0000,0.6835±0.0000,0.5002±0.0000,0.5191±0.0000
Link,0shot,PROTEINS,None+All-in-one,0.5991±0.0000,0.6053±0.0000,0.6375±0.0000,0.6461±0.0000
Link,0shot,PROTEINS,None+DAGPrompT,0.5194±0.0000,0.6834±0.0000,0.4494±0.0000,0.4841±0.0000
Link,0shot,PROTEINS,None+EdgePrompt,0.5190±0.0000,0.6834±0.0000,0.5000±0.0000,0.5190±0.0000
Link,0shot,PROTEINS,None+EdgePromptplus,0.5190±0.0000,0.6834±0.0000,0.5000±0.0000,0.5190±0.0000
Link,0shot,PROTEINS,None+GPF,0.5195±0.0000,0.6835±0.0000,0.5005±0.0000,0.5193±0.0000
Link,0shot,PROTEINS,None+GPF-plus,0.5238±0.0000,0.6841±0.0000,0.5912±0.0000,0.5832±0.0000
Link,0shot,PROTEINS,None+Gprompt,0.5190±0.0000,0.6834±0.0000,0.4637±0.0000,0.4881±0.0000
Link,0shot,PROTEINS,None+GraphPrompter,0.5196±0.0000,0.6836±0.0000,0.6056±0.0000,0.6055±0.0000
Link,0shot,PROTEINS,None+None,0.5196±0.0000,0.6836±0.0000,0.6056±0.0000,0.6055±0.0000
Link,0shot,PROTEINS,None+PSP,0.5196±0.0000,0.6836±0.0000,0.6056±0.0000,0.6055±0.0000
Link,0shot,PROTEINS,None+ProNoG,0.5194±0.0000,0.6835±0.0000,0.4351±0.0000,0.4774±0.0000
Link,0shot,PROTEINS,None+SelfPro,0.5190±0.0000,0.6833±0.0000,0.5660±0.0000,0.5677±0.0000
Link,0shot,PROTEINS,None+UniPrompt,0.5197±0.0000,0.6836±0.0000,0.5685±0.0000,0.5703±0.0000
Link,0shot,PROTEINS,SimGRACE+All-in-one,0.4810±0.0000,0.0000±0.0000,0.5000±0.0000,0.5190±0.0000
Link,0shot,PROTEINS,SimGRACE+DAGPrompT,0.5284±0.0000,0.6772±0.0000,0.5534±0.0000,0.5579±0.0000
Link,0shot,PROTEINS,SimGRACE+EdgePrompt,0.5200±0.0000,0.6752±0.0000,0.5025±0.0000,0.5203±0.0000
Link,0shot,PROTEINS,SimGRACE+EdgePromptplus,0.5283±0.0000,0.6724±0.0000,0.5138±0.0000,0.5262±0.0000
Link,0shot,PROTEINS,SimGRACE+GPF,0.5177±0.0000,0.6789±0.0000,0.5387±0.0000,0.5477±0.0000
Link,0shot,PROTEINS,SimGRACE+GPF-plus,0.5190±0.0000,0.6826±0.0000,0.6231±0.0000,0.6016±0.0000
Link,0shot,PROTEINS,SimGRACE+Gprompt,0.5181±0.0000,0.6809±0.0000,0.5502±0.0000,0.5628±0.0000
Link,0shot,PROTEINS,SimGRACE+GraphPrompter,0.5206±0.0000,0.6786±0.0000,0.5778±0.0000,0.5840±0.0000
Link,0shot,PROTEINS,SimGRACE+None,0.5206±0.0000,0.6786±0.0000,0.5778±0.0000,0.5840±0.0000
Link,0shot,PROTEINS,SimGRACE+PSP,0.5206±0.0000,0.6786±0.0000,0.5778±0.0000,0.5840±0.0000
Link,0shot,PROTEINS,SimGRACE+ProNoG,0.5334±0.0000,0.6751±0.0000,0.5443±0.0000,0.5474±0.0000
Link,0shot,PROTEINS,SimGRACE+SelfPro,0.5186±0.0000,0.6828±0.0000,0.5795±0.0000,0.5785±0.0000
Link,0shot,PROTEINS,SimGRACE+UniPrompt,0.5197±0.0000,0.6782±0.0000,0.5569±0.0000,0.5618±0.0000
Link,0shot,PTC_MR,DGI+All-in-one,0.5983±0.0000,0.7487±0.0000,0.4843±0.0000,0.5888±0.0000
Link,0shot,PTC_MR,DGI+DAGPrompT,0.5983±0.0000,0.7487±0.0000,0.4747±0.0000,0.5638±0.0000
Link,0shot,PTC_MR,DGI+EdgePrompt,0.5983±0.0000,0.7487±0.0000,0.4921±0.0000,0.5945±0.0000
Link,0shot,PTC_MR,DGI+EdgePromptplus,0.5976±0.0000,0.7481±0.0000,0.4859±0.0000,0.5908±0.0000
Link,0shot,PTC_MR,DGI+GPF,0.5976±0.0000,0.7481±0.0000,0.4940±0.0000,0.5929±0.0000
Link,0shot,PTC_MR,DGI+GPF-plus,0.5765±0.0000,0.7289±0.0000,0.5438±0.0000,0.6258±0.0000
Link,0shot,PTC_MR,DGI+Gprompt,0.5983±0.0000,0.7487±0.0000,0.4746±0.0000,0.5694±0.0000
Link,0shot,PTC_MR,DGI+GraphPrompter,0.5983±0.0000,0.7487±0.0000,0.4754±0.0000,0.5628±0.0000
Link,0shot,PTC_MR,DGI+None,0.5983±0.0000,0.7487±0.0000,0.4754±0.0000,0.5631±0.0000
Link,0shot,PTC_MR,DGI+PSP,0.5983±0.0000,0.7487±0.0000,0.4754±0.0000,0.5631±0.0000
Link,0shot,PTC_MR,DGI+ProNoG,0.5995±0.0000,0.7493±0.0000,0.4737±0.0000,0.5697±0.0000
Link,0shot,PTC_MR,DGI+SelfPro,0.5924±0.0000,0.7440±0.0000,0.4865±0.0000,0.5939±0.0000
Link,0shot,PTC_MR,DGI+UniPrompt,0.5586±0.0000,0.7142±0.0000,0.5156±0.0000,0.6053±0.0000
Link,0shot,PTC_MR,Edgepred_GPPT+All-in-one,0.4017±0.0000,0.0000±0.0000,0.7061±0.0000,0.7554±0.0000
Link,0shot,PTC_MR,Edgepred_GPPT+DAGPrompT,0.5983±0.0000,0.7487±0.0000,0.4973±0.0000,0.5834±0.0000
Link,0shot,PTC_MR,Edgepred_GPPT+EdgePrompt,0.5124±0.0000,0.6730±0.0000,0.4167±0.0000,0.5564±0.0000
Link,0shot,PTC_MR,Edgepred_GPPT+EdgePromptplus,0.5976±0.0000,0.7481±0.0000,0.4375±0.0000,0.5667±0.0000
Link,0shot,PTC_MR,Edgepred_GPPT+GPF,0.5981±0.0000,0.7481±0.0000,0.4693±0.0000,0.5615±0.0000
Link,0shot,PTC_MR,Edgepred_GPPT+GPF-plus,0.5816±0.0000,0.7322±0.0000,0.4767±0.0000,0.5716±0.0000
Link,0shot,PTC_MR,Edgepred_GPPT+Gprompt,0.5599±0.0000,0.6810±0.0000,0.5521±0.0000,0.6569±0.0000
Link,0shot,PTC_MR,Edgepred_GPPT+GraphPrompter,0.5983±0.0000,0.7487±0.0000,0.5652±0.0000,0.6363±0.0000
Link,0shot,PTC_MR,Edgepred_GPPT+None,0.5983±0.0000,0.7487±0.0000,0.5652±0.0000,0.6363±0.0000
Link,0shot,PTC_MR,Edgepred_GPPT+PSP,0.5983±0.0000,0.7487±0.0000,0.5652±0.0000,0.6363±0.0000
Link,0shot,PTC_MR,Edgepred_GPPT+ProNoG,0.5976±0.0000,0.7481±0.0000,0.5295±0.0000,0.6480±0.0000
Link,0shot,PTC_MR,Edgepred_GPPT+SelfPro,0.5976±0.0000,0.7481±0.0000,0.4598±0.0000,0.5772±0.0000
Link,0shot,PTC_MR,Edgepred_GPPT+UniPrompt,0.5983±0.0000,0.7487±0.0000,0.5781±0.0000,0.6461±0.0000
Link,0shot,PTC_MR,Edgepred_Gprompt+All-in-one,0.4017±0.0000,0.0000±0.0000,0.7261±0.0000,0.7786±0.0000
Link,0shot,PTC_MR,Edgepred_Gprompt+DAGPrompT,0.5699±0.0000,0.7227±0.0000,0.4970±0.0000,0.5837±0.0000
Link,0shot,PTC_MR,Edgepred_Gprompt+EdgePrompt,0.5948±0.0000,0.7459±0.0000,0.4960±0.0000,0.5964±0.0000
Link,0shot,PTC_MR,Edgepred_Gprompt+EdgePromptplus,0.5983±0.0000,0.7487±0.0000,0.4876±0.0000,0.5924±0.0000
Link,0shot,PTC_MR,Edgepred_Gprompt+GPF,0.5261±0.0000,0.6785±0.0000,0.5044±0.0000,0.6016±0.0000
Link,0shot,PTC_MR,Edgepred_Gprompt+GPF-plus,0.5709±0.0000,0.7240±0.0000,0.5058±0.0000,0.5813±0.0000
Link,0shot,PTC_MR,Edgepred_Gprompt+Gprompt,0.5900±0.0000,0.7414±0.0000,0.5072±0.0000,0.5868±0.0000
Link,0shot,PTC_MR,Edgepred_Gprompt+GraphPrompter,0.5929±0.0000,0.7444±0.0000,0.5200±0.0000,0.5972±0.0000
Link,0shot,PTC_MR,Edgepred_Gprompt+None,0.5929±0.0000,0.7444±0.0000,0.5200±0.0000,0.5972±0.0000
Link,0shot,PTC_MR,Edgepred_Gprompt+PSP,0.5929±0.0000,0.7444±0.0000,0.5200±0.0000,0.5972±0.0000
Link,0shot,PTC_MR,Edgepred_Gprompt+ProNoG,0.5912±0.0000,0.7423±0.0000,0.5077±0.0000,0.5871±0.0000
Link,0shot,PTC_MR,Edgepred_Gprompt+SelfPro,0.5254±0.0000,0.6228±0.0000,0.4892±0.0000,0.5888±0.0000
Link,0shot,PTC_MR,Edgepred_Gprompt+UniPrompt,0.5941±0.0000,0.7454±0.0000,0.5305±0.0000,0.6118±0.0000
Link,0shot,PTC_MR,GraphCL+All-in-one,0.4017±0.0000,0.0000±0.0000,0.6218±0.0000,0.7073±0.0000
Link,0shot,PTC_MR,GraphCL+DAGPrompT,0.5657±0.0000,0.6806±0.0000,0.5316±0.0000,0.6242±0.0000
Link,0shot,PTC_MR,GraphCL+EdgePrompt,0.5983±0.0000,0.7487±0.0000,0.4931±0.0000,0.5950±0.0000
Link,0shot,PTC_MR,GraphCL+EdgePromptplus,0.5983±0.0000,0.7487±0.0000,0.4807±0.0000,0.5891±0.0000
Link,0shot,PTC_MR,GraphCL+GPF,0.5964±0.0000,0.7472±0.0000,0.5549±0.0000,0.6451±0.0000
Link,0shot,PTC_MR,GraphCL+GPF-plus,0.5550±0.0000,0.7121±0.0000,0.5455±0.0000,0.6471±0.0000
Link,0shot,PTC_MR,GraphCL+Gprompt,0.5486±0.0000,0.6993±0.0000,0.5184±0.0000,0.5973±0.0000
Link,0shot,PTC_MR,GraphCL+GraphPrompter,0.5266±0.0000,0.6732±0.0000,0.4782±0.0000,0.5948±0.0000
Link,0shot,PTC_MR,GraphCL+None,0.5266±0.0000,0.6732±0.0000,0.4782±0.0000,0.5948±0.0000
Link,0shot,PTC_MR,GraphCL+PSP,0.5266±0.0000,0.6732±0.0000,0.4782±0.0000,0.5948±0.0000
Link,0shot,PTC_MR,GraphCL+ProNoG,0.5711±0.0000,0.7224±0.0000,0.5519±0.0000,0.6134±0.0000
Link,0shot,PTC_MR,GraphCL+SelfPro,0.4965±0.0000,0.5935±0.0000,0.4669±0.0000,0.5804±0.0000
Link,0shot,PTC_MR,GraphCL+UniPrompt,0.5302±0.0000,0.6678±0.0000,0.4854±0.0000,0.5956±0.0000
Link,0shot,PTC_MR,GraphMAE+All-in-one,0.4017±0.0000,0.0000±0.0000,0.6800±0.0000,0.7396±0.0000
Link,0shot,PTC_MR,GraphMAE+DAGPrompT,0.5983±0.0000,0.7487±0.0000,0.4696±0.0000,0.5606±0.0000
Link,0shot,PTC_MR,GraphMAE+EdgePrompt,0.5969±0.0000,0.7476±0.0000,0.4965±0.0000,0.5952±0.0000
Link,0shot,PTC_MR,GraphMAE+EdgePromptplus,0.5976±0.0000,0.7481±0.0000,0.4960±0.0000,0.5957±0.0000
Link,0shot,PTC_MR,GraphMAE+GPF,0.5557±0.0000,0.7118±0.0000,0.5477±0.0000,0.6438±0.0000
Link,0shot,PTC_MR,GraphMAE+GPF-plus,0.5983±0.0000,0.7487±0.0000,0.5813±0.0000,0.6843±0.0000
Link,0shot,PTC_MR,GraphMAE+Gprompt,0.5976±0.0000,0.7481±0.0000,0.5059±0.0000,0.5946±0.0000
Link,0shot,PTC_MR,GraphMAE+GraphPrompter,0.5976±0.0000,0.7481±0.0000,0.5135±0.0000,0.6246±0.0000
Link,0shot,PTC_MR,GraphMAE+None,0.5976±0.0000,0.7481±0.0000,0.5135±0.0000,0.6246±0.0000
Link,0shot,PTC_MR,GraphMAE+PSP,0.5976±0.0000,0.7481±0.0000,0.5135±0.0000,0.6246±0.0000
Link,0shot,PTC_MR,GraphMAE+ProNoG,0.5924±0.0000,0.7437±0.0000,0.5159±0.0000,0.6020±0.0000
Link,0shot,PTC_MR,GraphMAE+SelfPro,0.5692±0.0000,0.6878±0.0000,0.5012±0.0000,0.5986±0.0000
Link,0shot,PTC_MR,GraphMAE+UniPrompt,0.5976±0.0000,0.7481±0.0000,0.4938±0.0000,0.5901±0.0000
Link,0shot,PTC_MR,None+All-in-one,0.4017±0.0000,0.0000±0.0000,0.7270±0.0000,0.7684±0.0000
Link,0shot,PTC_MR,None+DAGPrompT,0.5983±0.0000,0.7487±0.0000,0.4730±0.0000,0.5657±0.0000
Link,0shot,PTC_MR,None+EdgePrompt,0.5929±0.0000,0.7444±0.0000,0.4950±0.0000,0.5953±0.0000
Link,0shot,PTC_MR,None+EdgePromptplus,0.5976±0.0000,0.7481±0.0000,0.4970±0.0000,0.5962±0.0000
Link,0shot,PTC_MR,None+GPF,0.5991±0.0000,0.7493±0.0000,0.5729±0.0000,0.6450±0.0000
Link,0shot,PTC_MR,None+GPF-plus,0.5953±0.0000,0.7463±0.0000,0.4933±0.0000,0.5610±0.0000
Link,0shot,PTC_MR,None+Gprompt,0.5853±0.0000,0.7336±0.0000,0.5261±0.0000,0.6128±0.0000
Link,0shot,PTC_MR,None+GraphPrompter,0.5953±0.0000,0.7463±0.0000,0.5708±0.0000,0.6848±0.0000
Link,0shot,PTC_MR,None+None,0.5953±0.0000,0.7463±0.0000,0.5709±0.0000,0.6848±0.0000
Link,0shot,PTC_MR,None+PSP,0.5953±0.0000,0.7463±0.0000,0.5709±0.0000,0.6848±0.0000
Link,0shot,PTC_MR,None+ProNoG,0.5616±0.0000,0.7114±0.0000,0.5176±0.0000,0.5992±0.0000
Link,0shot,PTC_MR,None+SelfPro,0.5361±0.0000,0.6512±0.0000,0.5080±0.0000,0.6042±0.0000
Link,0shot,PTC_MR,None+UniPrompt,0.5983±0.0000,0.7487±0.0000,0.5972±0.0000,0.6327±0.0000
Link,0shot,PTC_MR,SimGRACE+All-in-one,0.4017±0.0000,0.0000±0.0000,0.6594±0.0000,0.7432±0.0000
Link,0shot,PTC_MR,SimGRACE+DAGPrompT,0.5279±0.0000,0.6259±0.0000,0.5197±0.0000,0.6380±0.0000
Link,0shot,PTC_MR,SimGRACE+EdgePrompt,0.5214±0.0000,0.6814±0.0000,0.4200±0.0000,0.5603±0.0000
Link,0shot,PTC_MR,SimGRACE+EdgePromptplus,0.5652±0.0000,0.7192±0.0000,0.4090±0.0000,0.5519±0.0000
Link,0shot,PTC_MR,SimGRACE+GPF,0.5279±0.0000,0.6790±0.0000,0.4891±0.0000,0.6026±0.0000
Link,0shot,PTC_MR,SimGRACE+GPF-plus,0.5983±0.0000,0.7487±0.0000,0.4454±0.0000,0.5269±0.0000
Link,0shot,PTC_MR,SimGRACE+Gprompt,0.5367±0.0000,0.6700±0.0000,0.5172±0.0000,0.6273±0.0000
Link,0shot,PTC_MR,SimGRACE+GraphPrompter,0.5225±0.0000,0.6570±0.0000,0.4768±0.0000,0.5872±0.0000
Link,0shot,PTC_MR,SimGRACE+None,0.5225±0.0000,0.6570±0.0000,0.4768±0.0000,0.5872±0.0000
Link,0shot,PTC_MR,SimGRACE+PSP,0.5225±0.0000,0.6570±0.0000,0.4768±0.0000,0.5872±0.0000
Link,0shot,PTC_MR,SimGRACE+ProNoG,0.5302±0.0000,0.6678±0.0000,0.5156±0.0000,0.6183±0.0000
Link,0shot,PTC_MR,SimGRACE+SelfPro,0.5155±0.0000,0.6376±0.0000,0.4703±0.0000,0.5910±0.0000
Link,0shot,PTC_MR,SimGRACE+UniPrompt,0.5296±0.0000,0.6616±0.0000,0.4928±0.0000,0.5983±0.0000
Link,0shot,PubMed,DGI+All-in-one,0.5000±0.0000,0.0000±0.0000,0.8174±0.0000,0.7649±0.0000
Link,0shot,PubMed,DGI+DAGPrompT,0.5000±0.0000,0.6667±0.0000,0.8996±0.0000,0.8786±0.0000
Link,0shot,PubMed,DGI+EdgePrompt,0.5000±0.0000,0.6667±0.0000,0.5745±0.0000,0.5629±0.0000
Link,0shot,PubMed,DGI+EdgePromptplus,0.4251±0.0000,0.5754±0.0000,0.6727±0.0000,0.7332±0.0000
Link,0shot,PubMed,DGI+GPF,0.5000±0.0000,0.6667±0.0000,0.9144±0.0000,0.8986±0.0000
Link,0shot,PubMed,DGI+GPF-plus,0.5000±0.0000,0.6667±0.0000,0.8886±0.0000,0.8714±0.0000
Link,0shot,PubMed,DGI+Gprompt,0.5000±0.0000,0.6667±0.0000,0.8985±0.0000,0.8788±0.0000
Link,0shot,PubMed,DGI+GraphPrompter,0.5144±0.0000,0.6731±0.0000,0.9146±0.0000,0.9064±0.0000
Link,0shot,PubMed,DGI+None,0.5144±0.0000,0.6731±0.0000,0.9146±0.0000,0.9064±0.0000
Link,0shot,PubMed,DGI+PSP,0.5144±0.0000,0.6731±0.0000,0.9146±0.0000,0.9064±0.0000
Link,0shot,PubMed,DGI+ProNoG,0.5000±0.0000,0.6667±0.0000,0.8982±0.0000,0.8781±0.0000
Link,0shot,PubMed,DGI+SelfPro,0.6101±0.0000,0.6733±0.0000,0.7155±0.0000,0.7468±0.0000
Link,0shot,PubMed,DGI+UniPrompt,0.6740±0.0000,0.7413±0.0000,0.7921±0.0000,0.7898±0.0000
Link,0shot,PubMed,Edgepred_GPPT+All-in-one,0.5000±0.0000,0.6667±0.0000,0.6208±0.0000,0.6915±0.0000
Link,0shot,PubMed,Edgepred_GPPT+DAGPrompT,0.5000±0.0000,0.6667±0.0000,0.9539±0.0000,0.9469±0.0000
Link,0shot,PubMed,Edgepred_GPPT+EdgePrompt,0.4352±0.0000,0.5678±0.0000,0.5264±0.0000,0.5349±0.0000
Link,0shot,PubMed,Edgepred_GPPT+EdgePromptplus,0.4299±0.0000,0.5707±0.0000,0.6159±0.0000,0.6468±0.0000
Link,0shot,PubMed,Edgepred_GPPT+GPF,0.4975±0.0000,0.6611±0.0000,0.8453±0.0000,0.8452±0.0000
Link,0shot,PubMed,Edgepred_GPPT+GPF-plus,0.5000±0.0000,0.6667±0.0000,0.5000±0.0000,0.5000±0.0000
Link,0shot,PubMed,Edgepred_GPPT+Gprompt,0.5000±0.0000,0.6667±0.0000,0.9432±0.0000,0.9401±0.0000
Link,0shot,PubMed,Edgepred_GPPT+GraphPrompter,0.5000±0.0000,0.6667±0.0000,0.6698±0.0000,0.7340±0.0000
Link,0shot,PubMed,Edgepred_GPPT+None,0.5000±0.0000,0.6667±0.0000,0.6698±0.0000,0.7340±0.0000
Link,0shot,PubMed,Edgepred_GPPT+PSP,0.5000±0.0000,0.6667±0.0000,0.6698±0.0000,0.7340±0.0000
Link,0shot,PubMed,Edgepred_GPPT+ProNoG,0.5000±0.0000,0.6667±0.0000,0.9326±0.0000,0.9328±0.0000
Link,0shot,PubMed,Edgepred_GPPT+SelfPro,0.5000±0.0000,0.6667±0.0000,0.6906±0.0000,0.6407±0.0000
Link,0shot,PubMed,Edgepred_GPPT+UniPrompt,0.5000±0.0000,0.6667±0.0000,0.7713±0.0000,0.7960±0.0000
Link,0shot,PubMed,Edgepred_Gprompt+All-in-one,0.5000±0.0000,0.6667±0.0000,0.7132±0.0000,0.7131±0.0000
Link,0shot,PubMed,Edgepred_Gprompt+DAGPrompT,0.5000±0.0000,0.6667±0.0000,0.8979±0.0000,0.8736±0.0000
Link,0shot,PubMed,Edgepred_Gprompt+EdgePrompt,0.4532±0.0000,0.6052±0.0000,0.5978±0.0000,0.6253±0.0000
Link,0shot,PubMed,Edgepred_Gprompt+EdgePromptplus,0.4993±0.0000,0.6653±0.0000,0.6940±0.0000,0.7276±0.0000
Link,0shot,PubMed,Edgepred_Gprompt+GPF,0.5000±0.0000,0.6667±0.0000,0.8876±0.0000,0.8710±0.0000
Link,0shot,PubMed,Edgepred_Gprompt+GPF-plus,0.5000±0.0000,0.6667±0.0000,0.8936±0.0000,0.8760±0.0000
Link,0shot,PubMed,Edgepred_Gprompt+Gprompt,0.5000±0.0000,0.6667±0.0000,0.8929±0.0000,0.8776±0.0000
Link,0shot,PubMed,Edgepred_Gprompt+GraphPrompter,0.7260±0.0000,0.7815±0.0000,0.9303±0.0000,0.9324±0.0000
Link,0shot,PubMed,Edgepred_Gprompt+None,0.7260±0.0000,0.7815±0.0000,0.9303±0.0000,0.9324±0.0000
Link,0shot,PubMed,Edgepred_Gprompt+PSP,0.7260±0.0000,0.7815±0.0000,0.9303±0.0000,0.9324±0.0000
Link,0shot,PubMed,Edgepred_Gprompt+ProNoG,0.5000±0.0000,0.6667±0.0000,0.8916±0.0000,0.8773±0.0000
Link,0shot,PubMed,Edgepred_Gprompt+SelfPro,0.7218±0.0000,0.7741±0.0000,0.8735±0.0000,0.8640±0.0000
Link,0shot,PubMed,Edgepred_Gprompt+UniPrompt,0.7426±0.0000,0.7916±0.0000,0.9071±0.0000,0.9010±0.0000
Link,0shot,PubMed,GraphCL+All-in-one,0.4998±0.0000,0.6664±0.0000,0.5912±0.0000,0.6505±0.0000
Link,0shot,PubMed,GraphCL+DAGPrompT,0.5000±0.0000,0.6667±0.0000,0.8947±0.0000,0.8830±0.0000
Link,0shot,PubMed,GraphCL+EdgePrompt,0.4944±0.0000,0.6584±0.0000,0.4923±0.0000,0.4961±0.0000
Link,0shot,PubMed,GraphCL+EdgePromptplus,0.4713±0.0000,0.6240±0.0000,0.6060±0.0000,0.5985±0.0000
Link,0shot,PubMed,GraphCL+GPF,0.5000±0.0000,0.6667±0.0000,0.8767±0.0000,0.8568±0.0000
Link,0shot,PubMed,GraphCL+GPF-plus,0.5003±0.0000,0.6668±0.0000,0.9112±0.0000,0.9047±0.0000
Link,0shot,PubMed,GraphCL+Gprompt,0.7260±0.0000,0.7755±0.0000,0.8899±0.0000,0.8965±0.0000
Link,0shot,PubMed,GraphCL+GraphPrompter,0.6983±0.0000,0.7627±0.0000,0.8893±0.0000,0.8888±0.0000
Link,0shot,PubMed,GraphCL+None,0.6983±0.0000,0.7627±0.0000,0.8893±0.0000,0.8888±0.0000
Link,0shot,PubMed,GraphCL+PSP,0.6983±0.0000,0.7627±0.0000,0.8893±0.0000,0.8888±0.0000
Link,0shot,PubMed,GraphCL+ProNoG,0.7285±0.0000,0.7777±0.0000,0.8936±0.0000,0.9006±0.0000
Link,0shot,PubMed,GraphCL+SelfPro,0.7095±0.0000,0.7624±0.0000,0.8471±0.0000,0.8376±0.0000
Link,0shot,PubMed,GraphCL+UniPrompt,0.6911±0.0000,0.7578±0.0000,0.8575±0.0000,0.8481±0.0000
Link,0shot,PubMed,GraphMAE+All-in-one,0.4429±0.0000,0.6036±0.0000,0.5662±0.0000,0.6519±0.0000
Link,0shot,PubMed,GraphMAE+DAGPrompT,0.5002±0.0000,0.6668±0.0000,0.9286±0.0000,0.9167±0.0000
Link,0shot,PubMed,GraphMAE+EdgePrompt,0.4663±0.0000,0.6342±0.0000,0.6300±0.0000,0.6431±0.0000
Link,0shot,PubMed,GraphMAE+EdgePromptplus,0.5002±0.0000,0.6667±0.0000,0.7226±0.0000,0.7652±0.0000
Link,0shot,PubMed,GraphMAE+GPF,0.5000±0.0000,0.6667±0.0000,0.8929±0.0000,0.8779±0.0000
Link,0shot,PubMed,GraphMAE+GPF-plus,0.5000±0.0000,0.6667±0.0000,0.8974±0.0000,0.8848±0.0000
Link,0shot,PubMed,GraphMAE+Gprompt,0.5025±0.0000,0.6678±0.0000,0.9397±0.0000,0.9287±0.0000
Link,0shot,PubMed,GraphMAE+GraphPrompter,0.5978±0.0000,0.7131±0.0000,0.9432±0.0000,0.9354±0.0000
Link,0shot,PubMed,GraphMAE+None,0.5978±0.0000,0.7131±0.0000,0.9432±0.0000,0.9354±0.0000
Link,0shot,PubMed,GraphMAE+PSP,0.5978±0.0000,0.7131±0.0000,0.9432±0.0000,0.9354±0.0000
Link,0shot,PubMed,GraphMAE+ProNoG,0.5010±0.0000,0.6671±0.0000,0.9492±0.0000,0.9399±0.0000
Link,0shot,PubMed,GraphMAE+SelfPro,0.7215±0.0000,0.7775±0.0000,0.8828±0.0000,0.8579±0.0000
Link,0shot,PubMed,GraphMAE+UniPrompt,0.7113±0.0000,0.7709±0.0000,0.8953±0.0000,0.8958±0.0000
Link,0shot,PubMed,None+All-in-one,0.5000±0.0000,0.6667±0.0000,0.8265±0.0000,0.7871±0.0000
Link,0shot,PubMed,None+DAGPrompT,0.5000±0.0000,0.6667±0.0000,0.8962±0.0000,0.8701±0.0000
Link,0shot,PubMed,None+EdgePrompt,0.4985±0.0000,0.6559±0.0000,0.6421±0.0000,0.6718±0.0000
Link,0shot,PubMed,None+EdgePromptplus,0.4945±0.0000,0.6616±0.0000,0.6823±0.0000,0.7250±0.0000
Link,0shot,PubMed,None+GPF,0.5000±0.0000,0.6667±0.0000,0.8890±0.0000,0.8716±0.0000
Link,0shot,PubMed,None+GPF-plus,0.5000±0.0000,0.6667±0.0000,0.8951±0.0000,0.8715±0.0000
Link,0shot,PubMed,None+Gprompt,0.5000±0.0000,0.6667±0.0000,0.8992±0.0000,0.8780±0.0000
Link,0shot,PubMed,None+GraphPrompter,0.5000±0.0000,0.6667±0.0000,0.9120±0.0000,0.9008±0.0000
Link,0shot,PubMed,None+None,0.5000±0.0000,0.6667±0.0000,0.9120±0.0000,0.9008±0.0000
Link,0shot,PubMed,None+PSP,0.5000±0.0000,0.6667±0.0000,0.9120±0.0000,0.9008±0.0000
Link,0shot,PubMed,None+ProNoG,0.5000±0.0000,0.6667±0.0000,0.8997±0.0000,0.8769±0.0000
Link,0shot,PubMed,None+SelfPro,0.5298±0.0000,0.6801±0.0000,0.8848±0.0000,0.8906±0.0000
Link,0shot,PubMed,None+UniPrompt,0.5000±0.0000,0.6667±0.0000,0.9118±0.0000,0.8983±0.0000
Link,0shot,PubMed,SimGRACE+All-in-one,0.5000±0.0000,0.6667±0.0000,0.8145±0.0000,0.7776±0.0000
Link,0shot,PubMed,SimGRACE+DAGPrompT,0.5001±0.0000,0.6667±0.0000,0.9160±0.0000,0.9009±0.0000
Link,0shot,PubMed,SimGRACE+EdgePrompt,0.4922±0.0000,0.6556±0.0000,0.4925±0.0000,0.4963±0.0000
Link,0shot,PubMed,SimGRACE+EdgePromptplus,0.4909±0.0000,0.6565±0.0000,0.4911±0.0000,0.4956±0.0000
Link,0shot,PubMed,SimGRACE+GPF,0.5000±0.0000,0.6667±0.0000,0.7741±0.0000,0.6936±0.0000
Link,0shot,PubMed,SimGRACE+GPF-plus,0.5000±0.0000,0.6667±0.0000,0.8746±0.0000,0.8636±0.0000
Link,0shot,PubMed,SimGRACE+Gprompt,0.5131±0.0000,0.6720±0.0000,0.8266±0.0000,0.8196±0.0000
Link,0shot,PubMed,SimGRACE+GraphPrompter,0.5039±0.0000,0.6678±0.0000,0.7225±0.0000,0.7012±0.0000
Link,0shot,PubMed,SimGRACE+None,0.5039±0.0000,0.6678±0.0000,0.7225±0.0000,0.7012±0.0000
Link,0shot,PubMed,SimGRACE+PSP,0.5039±0.0000,0.6678±0.0000,0.7225±0.0000,0.7012±0.0000
Link,0shot,PubMed,SimGRACE+ProNoG,0.5144±0.0000,0.6727±0.0000,0.8207±0.0000,0.8155±0.0000
Link,0shot,PubMed,SimGRACE+SelfPro,0.5366±0.0000,0.6814±0.0000,0.7505±0.0000,0.7230±0.0000
Link,0shot,PubMed,SimGRACE+UniPrompt,0.5096±0.0000,0.6706±0.0000,0.6693±0.0000,0.6305±0.0000
Link,0shot,Wisconsin,DGI+All-in-one,0.5000±0.0000,0.6667±0.0000,0.7760±0.0000,0.8056±0.0000
Link,0shot,Wisconsin,DGI+DAGPrompT,0.5000±0.0000,0.6667±0.0000,0.7812±0.0000,0.8178±0.0000
Link,0shot,Wisconsin,DGI+EdgePrompt,0.5208±0.0000,0.6102±0.0000,0.5642±0.0000,0.5632±0.0000
Link,0shot,Wisconsin,DGI+EdgePromptplus,0.5208±0.0000,0.6761±0.0000,0.6788±0.0000,0.6014±0.0000
Link,0shot,Wisconsin,DGI+GPF,0.5417±0.0000,0.6857±0.0000,0.7656±0.0000,0.7927±0.0000
Link,0shot,Wisconsin,DGI+GPF-plus,0.5000±0.0000,0.6667±0.0000,0.7135±0.0000,0.6730±0.0000
Link,0shot,Wisconsin,DGI+Gprompt,0.5000±0.0000,0.6667±0.0000,0.6944±0.0000,0.7123±0.0000
Link,0shot,Wisconsin,DGI+GraphPrompter,0.5000±0.0000,0.6667±0.0000,0.7760±0.0000,0.7887±0.0000
Link,0shot,Wisconsin,DGI+None,0.5000±0.0000,0.6667±0.0000,0.7760±0.0000,0.7887±0.0000
Link,0shot,Wisconsin,DGI+PSP,0.5000±0.0000,0.6667±0.0000,0.7760±0.0000,0.7887±0.0000
Link,0shot,Wisconsin,DGI+ProNoG,0.5000±0.0000,0.6667±0.0000,0.7656±0.0000,0.8081±0.0000
Link,0shot,Wisconsin,DGI+SelfPro,0.5833±0.0000,0.6774±0.0000,0.5694±0.0000,0.5946±0.0000
Link,0shot,Wisconsin,DGI+UniPrompt,0.5000±0.0000,0.6667±0.0000,0.7465±0.0000,0.7607±0.0000
Link,0shot,Wisconsin,Edgepred_GPPT+All-in-one,0.7500±0.0000,0.7143±0.0000,0.7830±0.0000,0.8282±0.0000
Link,0shot,Wisconsin,Edgepred_GPPT+DAGPrompT,0.5000±0.0000,0.6667±0.0000,0.9062±0.0000,0.9240±0.0000
Link,0shot,Wisconsin,Edgepred_GPPT+EdgePrompt,0.5000±0.0000,0.5385±0.0000,0.4740±0.0000,0.5018±0.0000
Link,0shot,Wisconsin,Edgepred_GPPT+EdgePromptplus,0.4792±0.0000,0.6479±0.0000,0.6615±0.0000,0.6740±0.0000
Link,0shot,Wisconsin,Edgepred_GPPT+GPF,0.5000±0.0000,0.6667±0.0000,0.7543±0.0000,0.7590±0.0000
Link,0shot,Wisconsin,Edgepred_GPPT+GPF-plus,0.5833±0.0000,0.6552±0.0000,0.7005±0.0000,0.6752±0.0000
Link,0shot,Wisconsin,Edgepred_GPPT+Gprompt,0.5417±0.0000,0.6765±0.0000,0.7812±0.0000,0.7953±0.0000
Link,0shot,Wisconsin,Edgepred_GPPT+GraphPrompter,0.6250±0.0000,0.7000±0.0000,0.7300±0.0000,0.7188±0.0000
Link,0shot,Wisconsin,Edgepred_GPPT+None,0.6250±0.0000,0.7000±0.0000,0.7300±0.0000,0.7188±0.0000
Link,0shot,Wisconsin,Edgepred_GPPT+PSP,0.6250±0.0000,0.7000±0.0000,0.7300±0.0000,0.7188±0.0000
Link,0shot,Wisconsin,Edgepred_GPPT+ProNoG,0.6250±0.0000,0.7273±0.0000,0.8299±0.0000,0.8226±0.0000
Link,0shot,Wisconsin,Edgepred_GPPT+SelfPro,0.6250±0.0000,0.6786±0.0000,0.7135±0.0000,0.7516±0.0000
Link,0shot,Wisconsin,Edgepred_GPPT+UniPrompt,0.5208±0.0000,0.6667±0.0000,0.6476±0.0000,0.6205±0.0000
Link,0shot,Wisconsin,Edgepred_Gprompt+All-in-one,0.6667±0.0000,0.6923±0.0000,0.7587±0.0000,0.8010±0.0000
Link,0shot,Wisconsin,Edgepred_Gprompt+DAGPrompT,0.5000±0.0000,0.6667±0.0000,0.7934±0.0000,0.8348±0.0000
Link,0shot,Wisconsin,Edgepred_Gprompt+EdgePrompt,0.5625±0.0000,0.6316±0.0000,0.5608±0.0000,0.5559±0.0000
Link,0shot,Wisconsin,Edgepred_Gprompt+EdgePromptplus,0.4792±0.0000,0.6377±0.0000,0.5868±0.0000,0.5587±0.0000
Link,0shot,Wisconsin,Edgepred_Gprompt+GPF,0.5000±0.0000,0.6667±0.0000,0.7370±0.0000,0.7165±0.0000
Link,0shot,Wisconsin,Edgepred_Gprompt+GPF-plus,0.5000±0.0000,0.6667±0.0000,0.7188±0.0000,0.6549±0.0000
Link,0shot,Wisconsin,Edgepred_Gprompt+Gprompt,0.5000±0.0000,0.6667±0.0000,0.8177±0.0000,0.8411±0.0000
Link,0shot,Wisconsin,Edgepred_Gprompt+GraphPrompter,0.4792±0.0000,0.6479±0.0000,0.7274±0.0000,0.7726±0.0000
Link,0shot,Wisconsin,Edgepred_Gprompt+None,0.4792±0.0000,0.6479±0.0000,0.7274±0.0000,0.7726±0.0000
Link,0shot,Wisconsin,Edgepred_Gprompt+PSP,0.4792±0.0000,0.6479±0.0000,0.7274±0.0000,0.7726±0.0000
Link,0shot,Wisconsin,Edgepred_Gprompt+ProNoG,0.5000±0.0000,0.6667±0.0000,0.8698±0.0000,0.8820±0.0000
Link,0shot,Wisconsin,Edgepred_Gprompt+SelfPro,0.5208±0.0000,0.6667±0.0000,0.7604±0.0000,0.7986±0.0000
Link,0shot,Wisconsin,Edgepred_Gprompt+UniPrompt,0.4583±0.0000,0.6286±0.0000,0.7587±0.0000,0.7959±0.0000
Link,0shot,Wisconsin,GraphCL+All-in-one,0.6042±0.0000,0.6885±0.0000,0.6771±0.0000,0.7004±0.0000
Link,0shot,Wisconsin,GraphCL+DAGPrompT,0.5625±0.0000,0.6557±0.0000,0.7205±0.0000,0.8025±0.0000
Link,0shot,Wisconsin,GraphCL+EdgePrompt,0.5208±0.0000,0.6567±0.0000,0.5026±0.0000,0.5005±0.0000
Link,0shot,Wisconsin,GraphCL+EdgePromptplus,0.6042±0.0000,0.6780±0.0000,0.6007±0.0000,0.5595±0.0000
Link,0shot,Wisconsin,GraphCL+GPF,0.6042±0.0000,0.7164±0.0000,0.6458±0.0000,0.5854±0.0000
Link,0shot,Wisconsin,GraphCL+GPF-plus,0.5833±0.0000,0.6970±0.0000,0.6658±0.0000,0.6028±0.0000
Link,0shot,Wisconsin,GraphCL+Gprompt,0.6250±0.0000,0.7097±0.0000,0.7465±0.0000,0.7373±0.0000
Link,0shot,Wisconsin,GraphCL+GraphPrompter,0.7500±0.0000,0.7857±0.0000,0.7700±0.0000,0.6919±0.0000
Link,0shot,Wisconsin,GraphCL+None,0.7500±0.0000,0.7857±0.0000,0.7700±0.0000,0.6919±0.0000
Link,0shot,Wisconsin,GraphCL+PSP,0.7500±0.0000,0.7857±0.0000,0.7700±0.0000,0.6919±0.0000
Link,0shot,Wisconsin,GraphCL+ProNoG,0.5625±0.0000,0.6667±0.0000,0.6910±0.0000,0.7180±0.0000
Link,0shot,Wisconsin,GraphCL+SelfPro,0.6250±0.0000,0.7000±0.0000,0.7309±0.0000,0.7331±0.0000
Link,0shot,Wisconsin,GraphCL+UniPrompt,0.7708±0.0000,0.8000±0.0000,0.7639±0.0000,0.6857±0.0000
Link,0shot,Wisconsin,GraphMAE+All-in-one,0.5417±0.0000,0.6562±0.0000,0.7153±0.0000,0.7853±0.0000
Link,0shot,Wisconsin,GraphMAE+DAGPrompT,0.5000±0.0000,0.6667±0.0000,0.8090±0.0000,0.8519±0.0000
Link,0shot,Wisconsin,GraphMAE+EdgePrompt,0.5208±0.0000,0.6230±0.0000,0.6102±0.0000,0.5909±0.0000
Link,0shot,Wisconsin,GraphMAE+EdgePromptplus,0.5417±0.0000,0.6857±0.0000,0.6858±0.0000,0.6624±0.0000
Link,0shot,Wisconsin,GraphMAE+GPF,0.5000±0.0000,0.6667±0.0000,0.7396±0.0000,0.6969±0.0000
Link,0shot,Wisconsin,GraphMAE+GPF-plus,0.5000±0.0000,0.6667±0.0000,0.8142±0.0000,0.8247±0.0000
Link,0shot,Wisconsin,GraphMAE+Gprompt,0.5000±0.0000,0.6667±0.0000,0.8299±0.0000,0.8503±0.0000
Link,0shot,Wisconsin,GraphMAE+GraphPrompter,0.5000±0.0000,0.6667±0.0000,0.7726±0.0000,0.7965±0.0000
Link,0shot,Wisconsin,GraphMAE+None,0.5000±0.0000,0.6667±0.0000,0.7726±0.0000,0.7965±0.0000
Link,0shot,Wisconsin,GraphMAE+PSP,0.5000±0.0000,0.6667±0.0000,0.7726±0.0000,0.7965±0.0000
Link,0shot,Wisconsin,GraphMAE+ProNoG,0.5000±0.0000,0.6667±0.0000,0.7899±0.0000,0.8139±0.0000
Link,0shot,Wisconsin,GraphMAE+SelfPro,0.6042±0.0000,0.7077±0.0000,0.7431±0.0000,0.8045±0.0000
Link,0shot,Wisconsin,GraphMAE+UniPrompt,0.5000±0.0000,0.6667±0.0000,0.7986±0.0000,0.7979±0.0000
Link,0shot,Wisconsin,None+All-in-one,0.5000±0.0000,0.0000±0.0000,0.7361±0.0000,0.7940±0.0000
Link,0shot,Wisconsin,None+DAGPrompT,0.5000±0.0000,0.6667±0.0000,0.7587±0.0000,0.8104±0.0000
Link,0shot,Wisconsin,None+EdgePrompt,0.4375±0.0000,0.5846±0.0000,0.5469±0.0000,0.5574±0.0000
Link,0shot,Wisconsin,None+EdgePromptplus,0.5417±0.0000,0.6857±0.0000,0.7361±0.0000,0.7444±0.0000
Link,0shot,Wisconsin,None+GPF,0.6042±0.0000,0.7077±0.0000,0.8333±0.0000,0.8548±0.0000
Link,0shot,Wisconsin,None+GPF-plus,0.5000±0.0000,0.6667±0.0000,0.7656±0.0000,0.8205±0.0000
Link,0shot,Wisconsin,None+Gprompt,0.5625±0.0000,0.6957±0.0000,0.8403±0.0000,0.8529±0.0000
Link,0shot,Wisconsin,None+GraphPrompter,0.5625±0.0000,0.6957±0.0000,0.8785±0.0000,0.8533±0.0000
Link,0shot,Wisconsin,None+None,0.5625±0.0000,0.6957±0.0000,0.8785±0.0000,0.8533±0.0000
Link,0shot,Wisconsin,None+PSP,0.5625±0.0000,0.6957±0.0000,0.8785±0.0000,0.8533±0.0000
Link,0shot,Wisconsin,None+ProNoG,0.5000±0.0000,0.6571±0.0000,0.8351±0.0000,0.8528±0.0000
Link,0shot,Wisconsin,None+SelfPro,0.6875±0.0000,0.7273±0.0000,0.7743±0.0000,0.7698±0.0000
Link,0shot,Wisconsin,None+UniPrompt,0.5000±0.0000,0.6667±0.0000,0.7344±0.0000,0.7499±0.0000
Link,0shot,Wisconsin,SimGRACE+All-in-one,0.5000±0.0000,0.6667±0.0000,0.7326±0.0000,0.7936±0.0000
Link,0shot,Wisconsin,SimGRACE+DAGPrompT,0.5000±0.0000,0.6667±0.0000,0.8698±0.0000,0.8811±0.0000
Link,0shot,Wisconsin,SimGRACE+EdgePrompt,0.5417±0.0000,0.6071±0.0000,0.5382±0.0000,0.5341±0.0000
Link,0shot,Wisconsin,SimGRACE+EdgePromptplus,0.4167±0.0000,0.5333±0.0000,0.4462±0.0000,0.4872±0.0000
Link,0shot,Wisconsin,SimGRACE+GPF,0.5208±0.0000,0.6761±0.0000,0.6285±0.0000,0.6933±0.0000
Link,0shot,Wisconsin,SimGRACE+GPF-plus,0.5000±0.0000,0.6667±0.0000,0.7135±0.0000,0.7639±0.0000
Link,0shot,Wisconsin,SimGRACE+Gprompt,0.5417±0.0000,0.6857±0.0000,0.8264±0.0000,0.8503±0.0000
Link,0shot,Wisconsin,SimGRACE+GraphPrompter,0.5000±0.0000,0.6667±0.0000,0.6267±0.0000,0.5763±0.0000
Link,0shot,Wisconsin,SimGRACE+None,0.5000±0.0000,0.6667±0.0000,0.6267±0.0000,0.5763±0.0000
Link,0shot,Wisconsin,SimGRACE+PSP,0.5000±0.0000,0.6667±0.0000,0.6267±0.0000,0.5763±0.0000
Link,0shot,Wisconsin,SimGRACE+ProNoG,0.5417±0.0000,0.6857±0.0000,0.7743±0.0000,0.7967±0.0000
Link,0shot,Wisconsin,SimGRACE+SelfPro,0.6458±0.0000,0.7302±0.0000,0.8264±0.0000,0.8368±0.0000
Link,0shot,Wisconsin,SimGRACE+UniPrompt,0.5208±0.0000,0.6761±0.0000,0.6337±0.0000,0.6752±0.0000
Link,1shot,CiteSeer,DGI+All-in-one,0.5000±0.0000,0.0000±0.0000,0.5853±0.0000,0.6439±0.0000
Link,1shot,CiteSeer,DGI+DAGPrompT,0.5000±0.0000,0.6667±0.0000,0.6706±0.0000,0.7021±0.0000
Link,1shot,CiteSeer,DGI+EdgePrompt,0.5000±0.0000,0.6667±0.0000,0.5152±0.0000,0.5299±0.0000
Link,1shot,CiteSeer,DGI+EdgePromptplus,0.4703±0.0000,0.6199±0.0000,0.5853±0.0000,0.6604±0.0000
Link,1shot,CiteSeer,DGI+GPF,0.5000±0.0000,0.6667±0.0000,0.6614±0.0000,0.6535±0.0000
Link,1shot,CiteSeer,DGI+GPF-plus,0.5000±0.0000,0.6667±0.0000,0.7333±0.0000,0.7159±0.0000
Link,1shot,CiteSeer,DGI+Gprompt,0.5000±0.0000,0.6667±0.0000,0.6852±0.0000,0.7152±0.0000
Link,1shot,CiteSeer,DGI+GraphPrompter,0.5923±0.0000,0.7086±0.0000,0.7368±0.0000,0.6915±0.0000
Link,1shot,CiteSeer,DGI+None,0.5923±0.0000,0.7086±0.0000,0.7368±0.0000,0.6915±0.0000
Link,1shot,CiteSeer,DGI+PSP,0.5923±0.0000,0.7086±0.0000,0.7368±0.0000,0.6915±0.0000
Link,1shot,CiteSeer,DGI+ProNoG,0.5000±0.0000,0.6667±0.0000,0.6717±0.0000,0.7064±0.0000
Link,1shot,CiteSeer,DGI+SelfPro,0.5484±0.0000,0.6628±0.0000,0.6690±0.0000,0.7056±0.0000
Link,1shot,CiteSeer,DGI+UniPrompt,0.6484±0.0000,0.7377±0.0000,0.7554±0.0000,0.7117±0.0000
Link,1shot,CiteSeer,Edgepred_GPPT+All-in-one,0.5000±0.0000,0.6667±0.0000,0.5916±0.0000,0.6224±0.0000
Link,1shot,CiteSeer,Edgepred_GPPT+DAGPrompT,0.5000±0.0000,0.6667±0.0000,0.6956±0.0000,0.6990±0.0000
Link,1shot,CiteSeer,Edgepred_GPPT+EdgePrompt,0.4890±0.0000,0.6548±0.0000,0.4618±0.0000,0.4807±0.0000
Link,1shot,CiteSeer,Edgepred_GPPT+EdgePromptplus,0.4934±0.0000,0.6578±0.0000,0.6004±0.0000,0.5681±0.0000
Link,1shot,CiteSeer,Edgepred_GPPT+GPF,0.5000±0.0000,0.6667±0.0000,0.6524±0.0000,0.6363±0.0000
Link,1shot,CiteSeer,Edgepred_GPPT+GPF-plus,0.5000±0.0000,0.6667±0.0000,0.6440±0.0000,0.6595±0.0000
Link,1shot,CiteSeer,Edgepred_GPPT+Gprompt,0.5000±0.0000,0.6667±0.0000,0.7536±0.0000,0.7324±0.0000
Link,1shot,CiteSeer,Edgepred_GPPT+GraphPrompter,0.5022±0.0000,0.6676±0.0000,0.7828±0.0000,0.7786±0.0000
Link,1shot,CiteSeer,Edgepred_GPPT+None,0.5022±0.0000,0.6676±0.0000,0.7828±0.0000,0.7786±0.0000
Link,1shot,CiteSeer,Edgepred_GPPT+PSP,0.5022±0.0000,0.6676±0.0000,0.7828±0.0000,0.7786±0.0000
Link,1shot,CiteSeer,Edgepred_GPPT+ProNoG,0.5000±0.0000,0.6667±0.0000,0.7472±0.0000,0.7317±0.0000
Link,1shot,CiteSeer,Edgepred_GPPT+SelfPro,0.6670±0.0000,0.7307±0.0000,0.7852±0.0000,0.7627±0.0000
Link,1shot,CiteSeer,Edgepred_GPPT+UniPrompt,0.5000±0.0000,0.6667±0.0000,0.7799±0.0000,0.7769±0.0000
Link,1shot,CiteSeer,Edgepred_Gprompt+All-in-one,0.5000±0.0000,0.6667±0.0000,0.5849±0.0000,0.6366±0.0000
Link,1shot,CiteSeer,Edgepred_Gprompt+DAGPrompT,0.5000±0.0000,0.6667±0.0000,0.6152±0.0000,0.6317±0.0000
Link,1shot,CiteSeer,Edgepred_Gprompt+EdgePrompt,0.4374±0.0000,0.5789±0.0000,0.5892±0.0000,0.6716±0.0000
Link,1shot,CiteSeer,Edgepred_Gprompt+EdgePromptplus,0.5011±0.0000,0.6652±0.0000,0.5861±0.0000,0.6759±0.0000
Link,1shot,CiteSeer,Edgepred_Gprompt+GPF,0.5000±0.0000,0.6667±0.0000,0.6493±0.0000,0.6392±0.0000
Link,1shot,CiteSeer,Edgepred_Gprompt+GPF-plus,0.5000±0.0000,0.6667±0.0000,0.6606±0.0000,0.6585±0.0000
Link,1shot,CiteSeer,Edgepred_Gprompt+Gprompt,0.5000±0.0000,0.6667±0.0000,0.5734±0.0000,0.6017±0.0000
Link,1shot,CiteSeer,Edgepred_Gprompt+GraphPrompter,0.5000±0.0000,0.6667±0.0000,0.5719±0.0000,0.5958±0.0000
Link,1shot,CiteSeer,Edgepred_Gprompt+None,0.5000±0.0000,0.6667±0.0000,0.5719±0.0000,0.5958±0.0000
Link,1shot,CiteSeer,Edgepred_Gprompt+PSP,0.5000±0.0000,0.6667±0.0000,0.5719±0.0000,0.5958±0.0000
Link,1shot,CiteSeer,Edgepred_Gprompt+ProNoG,0.5000±0.0000,0.6667±0.0000,0.5613±0.0000,0.5898±0.0000
Link,1shot,CiteSeer,Edgepred_Gprompt+SelfPro,0.5407±0.0000,0.6838±0.0000,0.8420±0.0000,0.8546±0.0000
Link,1shot,CiteSeer,Edgepred_Gprompt+UniPrompt,0.5000±0.0000,0.6667±0.0000,0.5731±0.0000,0.5932±0.0000
Link,1shot,CiteSeer,GraphCL+All-in-one,0.5000±0.0000,0.0000±0.0000,0.5840±0.0000,0.6560±0.0000
Link,1shot,CiteSeer,GraphCL+DAGPrompT,0.5692±0.0000,0.6933±0.0000,0.6885±0.0000,0.6701±0.0000
Link,1shot,CiteSeer,GraphCL+EdgePrompt,0.4714±0.0000,0.6320±0.0000,0.4353±0.0000,0.4666±0.0000
Link,1shot,CiteSeer,GraphCL+EdgePromptplus,0.4703±0.0000,0.6321±0.0000,0.4462±0.0000,0.4725±0.0000
Link,1shot,CiteSeer,GraphCL+GPF,0.5000±0.0000,0.6667±0.0000,0.6479±0.0000,0.6316±0.0000
Link,1shot,CiteSeer,GraphCL+GPF-plus,0.5000±0.0000,0.6667±0.0000,0.5232±0.0000,0.5122±0.0000
Link,1shot,CiteSeer,GraphCL+Gprompt,0.5659±0.0000,0.6931±0.0000,0.6693±0.0000,0.6537±0.0000
Link,1shot,CiteSeer,GraphCL+GraphPrompter,0.6549±0.0000,0.7191±0.0000,0.7456±0.0000,0.7131±0.0000
Link,1shot,CiteSeer,GraphCL+None,0.6549±0.0000,0.7191±0.0000,0.7456±0.0000,0.7131±0.0000
Link,1shot,CiteSeer,GraphCL+PSP,0.6549±0.0000,0.7191±0.0000,0.7456±0.0000,0.7131±0.0000
Link,1shot,CiteSeer,GraphCL+ProNoG,0.5879±0.0000,0.7021±0.0000,0.6820±0.0000,0.6511±0.0000
Link,1shot,CiteSeer,GraphCL+SelfPro,0.6165±0.0000,0.7079±0.0000,0.7274±0.0000,0.6946±0.0000
Link,1shot,CiteSeer,GraphCL+UniPrompt,0.6593±0.0000,0.7237±0.0000,0.7413±0.0000,0.6938±0.0000
Link,1shot,CiteSeer,GraphMAE+All-in-one,0.5000±0.0000,0.6667±0.0000,0.6059±0.0000,0.6613±0.0000
Link,1shot,CiteSeer,GraphMAE+DAGPrompT,0.5000±0.0000,0.6667±0.0000,0.6284±0.0000,0.6291±0.0000
Link,1shot,CiteSeer,GraphMAE+EdgePrompt,0.5000±0.0000,0.6667±0.0000,0.5783±0.0000,0.6715±0.0000
Link,1shot,CiteSeer,GraphMAE+EdgePromptplus,0.4374±0.0000,0.5789±0.0000,0.5899±0.0000,0.6761±0.0000
Link,1shot,CiteSeer,GraphMAE+GPF,0.5000±0.0000,0.6667±0.0000,0.6548±0.0000,0.6457±0.0000
Link,1shot,CiteSeer,GraphMAE+GPF-plus,0.5000±0.0000,0.6667±0.0000,0.6517±0.0000,0.6425±0.0000
Link,1shot,CiteSeer,GraphMAE+Gprompt,0.5000±0.0000,0.6667±0.0000,0.6351±0.0000,0.6406±0.0000
Link,1shot,CiteSeer,GraphMAE+GraphPrompter,0.5000±0.0000,0.6667±0.0000,0.6280±0.0000,0.6389±0.0000
Link,1shot,CiteSeer,GraphMAE+None,0.5000±0.0000,0.6667±0.0000,0.6280±0.0000,0.6389±0.0000
Link,1shot,CiteSeer,GraphMAE+PSP,0.5000±0.0000,0.6667±0.0000,0.6280±0.0000,0.6389±0.0000
Link,1shot,CiteSeer,GraphMAE+ProNoG,0.5000±0.0000,0.6667±0.0000,0.6337±0.0000,0.6406±0.0000
Link,1shot,CiteSeer,GraphMAE+SelfPro,0.5000±0.0000,0.6667±0.0000,0.5018±0.0000,0.6107±0.0000
Link,1shot,CiteSeer,GraphMAE+UniPrompt,0.5000±0.0000,0.6667±0.0000,0.6036±0.0000,0.6328±0.0000
Link,1shot,CiteSeer,None+All-in-one,0.5000±0.0000,0.6667±0.0000,0.5872±0.0000,0.6449±0.0000
Link,1shot,CiteSeer,None+DAGPrompT,0.5000±0.0000,0.6667±0.0000,0.6396±0.0000,0.6045±0.0000
Link,1shot,CiteSeer,None+EdgePrompt,0.5000±0.0000,0.6667±0.0000,0.5789±0.0000,0.6699±0.0000
Link,1shot,CiteSeer,None+EdgePromptplus,0.4374±0.0000,0.5789±0.0000,0.5880±0.0000,0.6685±0.0000
Link,1shot,CiteSeer,None+GPF,0.5000±0.0000,0.6667±0.0000,0.6545±0.0000,0.6470±0.0000
Link,1shot,CiteSeer,None+GPF-plus,0.5000±0.0000,0.6667±0.0000,0.6591±0.0000,0.6493±0.0000
Link,1shot,CiteSeer,None+Gprompt,0.5000±0.0000,0.6667±0.0000,0.6666±0.0000,0.6620±0.0000
Link,1shot,CiteSeer,None+GraphPrompter,0.5000±0.0000,0.6667±0.0000,0.6606±0.0000,0.6604±0.0000
Link,1shot,CiteSeer,None+None,0.5000±0.0000,0.6667±0.0000,0.6606±0.0000,0.6604±0.0000
Link,1shot,CiteSeer,None+PSP,0.5000±0.0000,0.6667±0.0000,0.6606±0.0000,0.6604±0.0000
Link,1shot,CiteSeer,None+ProNoG,0.5000±0.0000,0.6667±0.0000,0.6575±0.0000,0.6563±0.0000
Link,1shot,CiteSeer,None+SelfPro,0.5000±0.0000,0.6667±0.0000,0.6808±0.0000,0.7610±0.0000
Link,1shot,CiteSeer,None+UniPrompt,0.5000±0.0000,0.6667±0.0000,0.6413±0.0000,0.6589±0.0000
Link,1shot,CiteSeer,SimGRACE+All-in-one,0.5000±0.0000,0.6667±0.0000,0.5204±0.0000,0.5872±0.0000
Link,1shot,CiteSeer,SimGRACE+DAGPrompT,0.5000±0.0000,0.6667±0.0000,0.7280±0.0000,0.7034±0.0000
Link,1shot,CiteSeer,SimGRACE+EdgePrompt,0.4736±0.0000,0.6341±0.0000,0.4698±0.0000,0.4847±0.0000
Link,1shot,CiteSeer,SimGRACE+EdgePromptplus,0.4440±0.0000,0.5886±0.0000,0.4848±0.0000,0.4960±0.0000
Link,1shot,CiteSeer,SimGRACE+GPF,0.5000±0.0000,0.6667±0.0000,0.6322±0.0000,0.6263±0.0000
Link,1shot,CiteSeer,SimGRACE+GPF-plus,0.5000±0.0000,0.6667±0.0000,0.5830±0.0000,0.6039±0.0000
Link,1shot,CiteSeer,SimGRACE+Gprompt,0.5022±0.0000,0.6676±0.0000,0.7532±0.0000,0.7254±0.0000
Link,1shot,CiteSeer,SimGRACE+GraphPrompter,0.5308±0.0000,0.6797±0.0000,0.6773±0.0000,0.6162±0.0000
Link,1shot,CiteSeer,SimGRACE+None,0.5308±0.0000,0.6797±0.0000,0.6773±0.0000,0.6162±0.0000
Link,1shot,CiteSeer,SimGRACE+PSP,0.5308±0.0000,0.6797±0.0000,0.6773±0.0000,0.6162±0.0000
Link,1shot,CiteSeer,SimGRACE+ProNoG,0.5033±0.0000,0.6681±0.0000,0.7444±0.0000,0.7150±0.0000
Link,1shot,CiteSeer,SimGRACE+SelfPro,0.5626±0.0000,0.6938±0.0000,0.8144±0.0000,0.7972±0.0000
Link,1shot,CiteSeer,SimGRACE+UniPrompt,0.5220±0.0000,0.6756±0.0000,0.6434±0.0000,0.5863±0.0000
Link,1shot,Cora,DGI+All-in-one,0.5000±0.0000,0.6667±0.0000,0.6725±0.0000,0.6866±0.0000
Link,1shot,Cora,DGI+DAGPrompT,0.5000±0.0000,0.6667±0.0000,0.6827±0.0000,0.7211±0.0000
Link,1shot,Cora,DGI+EdgePrompt,0.4981±0.0000,0.6650±0.0000,0.4794±0.0000,0.4896±0.0000
Link,1shot,Cora,DGI+EdgePromptplus,0.4744±0.0000,0.6336±0.0000,0.5011±0.0000,0.5019±0.0000
Link,1shot,Cora,DGI+GPF,0.5000±0.0000,0.6667±0.0000,0.6802±0.0000,0.7157±0.0000
Link,1shot,Cora,DGI+GPF-plus,0.5000±0.0000,0.6667±0.0000,0.7000±0.0000,0.7244±0.0000
Link,1shot,Cora,DGI+Gprompt,0.5000±0.0000,0.6667±0.0000,0.6785±0.0000,0.7187±0.0000
Link,1shot,Cora,DGI+GraphPrompter,0.5484±0.0000,0.6844±0.0000,0.6934±0.0000,0.6987±0.0000
Link,1shot,Cora,DGI+None,0.5484±0.0000,0.6844±0.0000,0.6934±0.0000,0.6987±0.0000
Link,1shot,Cora,DGI+PSP,0.5484±0.0000,0.6844±0.0000,0.6934±0.0000,0.6987±0.0000
Link,1shot,Cora,DGI+ProNoG,0.5000±0.0000,0.6667±0.0000,0.6758±0.0000,0.7162±0.0000
Link,1shot,Cora,DGI+SelfPro,0.4877±0.0000,0.6498±0.0000,0.6081±0.0000,0.6609±0.0000
Link,1shot,Cora,DGI+UniPrompt,0.5769±0.0000,0.6974±0.0000,0.6934±0.0000,0.6880±0.0000
Link,1shot,Cora,Edgepred_GPPT+All-in-one,0.5000±0.0000,0.6667±0.0000,0.5940±0.0000,0.6445±0.0000
Link,1shot,Cora,Edgepred_GPPT+DAGPrompT,0.5000±0.0000,0.6667±0.0000,0.7384±0.0000,0.7648±0.0000
Link,1shot,Cora,Edgepred_GPPT+EdgePrompt,0.4877±0.0000,0.6530±0.0000,0.4775±0.0000,0.4886±0.0000
Link,1shot,Cora,Edgepred_GPPT+EdgePromptplus,0.4782±0.0000,0.6391±0.0000,0.4726±0.0000,0.4862±0.0000
Link,1shot,Cora,Edgepred_GPPT+GPF,0.5000±0.0000,0.6667±0.0000,0.6806±0.0000,0.7179±0.0000
Link,1shot,Cora,Edgepred_GPPT+GPF-plus,0.5000±0.0000,0.6667±0.0000,0.6780±0.0000,0.7135±0.0000
Link,1shot,Cora,Edgepred_GPPT+Gprompt,0.5285±0.0000,0.6750±0.0000,0.7366±0.0000,0.7400±0.0000
Link,1shot,Cora,Edgepred_GPPT+GraphPrompter,0.5009±0.0000,0.6671±0.0000,0.7863±0.0000,0.7895±0.0000
Link,1shot,Cora,Edgepred_GPPT+None,0.5009±0.0000,0.6671±0.0000,0.7863±0.0000,0.7895±0.0000
Link,1shot,Cora,Edgepred_GPPT+PSP,0.5009±0.0000,0.6671±0.0000,0.7863±0.0000,0.7895±0.0000
Link,1shot,Cora,Edgepred_GPPT+ProNoG,0.5579±0.0000,0.6868±0.0000,0.7710±0.0000,0.7666±0.0000
Link,1shot,Cora,Edgepred_GPPT+SelfPro,0.5797±0.0000,0.7033±0.0000,0.8414±0.0000,0.8066±0.0000
Link,1shot,Cora,Edgepred_GPPT+UniPrompt,0.5000±0.0000,0.6667±0.0000,0.7650±0.0000,0.7598±0.0000
Link,1shot,Cora,Edgepred_Gprompt+All-in-one,0.5000±0.0000,0.6667±0.0000,0.6210±0.0000,0.6503±0.0000
Link,1shot,Cora,Edgepred_Gprompt+DAGPrompT,0.5000±0.0000,0.6667±0.0000,0.6817±0.0000,0.7094±0.0000
Link,1shot,Cora,Edgepred_Gprompt+EdgePrompt,0.4991±0.0000,0.6658±0.0000,0.4793±0.0000,0.4896±0.0000
Link,1shot,Cora,Edgepred_Gprompt+EdgePromptplus,0.5076±0.0000,0.6684±0.0000,0.6742±0.0000,0.6918±0.0000
Link,1shot,Cora,Edgepred_Gprompt+GPF,0.5000±0.0000,0.6667±0.0000,0.6789±0.0000,0.7120±0.0000
Link,1shot,Cora,Edgepred_Gprompt+GPF-plus,0.5000±0.0000,0.6667±0.0000,0.6794±0.0000,0.7111±0.0000
Link,1shot,Cora,Edgepred_Gprompt+Gprompt,0.5000±0.0000,0.6667±0.0000,0.7157±0.0000,0.7467±0.0000
Link,1shot,Cora,Edgepred_Gprompt+GraphPrompter,0.6034±0.0000,0.7010±0.0000,0.7235±0.0000,0.7160±0.0000
Link,1shot,Cora,Edgepred_Gprompt+None,0.6034±0.0000,0.7010±0.0000,0.7235±0.0000,0.7160±0.0000
Link,1shot,Cora,Edgepred_Gprompt+PSP,0.6034±0.0000,0.7010±0.0000,0.7235±0.0000,0.7160±0.0000
Link,1shot,Cora,Edgepred_Gprompt+ProNoG,0.5000±0.0000,0.6667±0.0000,0.7154±0.0000,0.7543±0.0000
Link,1shot,Cora,Edgepred_Gprompt+SelfPro,0.5588±0.0000,0.6873±0.0000,0.7541±0.0000,0.7589±0.0000
Link,1shot,Cora,Edgepred_Gprompt+UniPrompt,0.6034±0.0000,0.7069±0.0000,0.7272±0.0000,0.7220±0.0000
Link,1shot,Cora,GraphCL+All-in-one,0.5000±0.0000,0.6667±0.0000,0.5572±0.0000,0.6037±0.0000
Link,1shot,Cora,GraphCL+DAGPrompT,0.6357±0.0000,0.7292±0.0000,0.8205±0.0000,0.8178±0.0000
Link,1shot,Cora,GraphCL+EdgePrompt,0.4915±0.0000,0.6582±0.0000,0.4886±0.0000,0.4943±0.0000
Link,1shot,Cora,GraphCL+EdgePromptplus,0.4896±0.0000,0.6551±0.0000,0.4867±0.0000,0.4934±0.0000
Link,1shot,Cora,GraphCL+GPF,0.5000±0.0000,0.6667±0.0000,0.7161±0.0000,0.7323±0.0000
Link,1shot,Cora,GraphCL+GPF-plus,0.5000±0.0000,0.6667±0.0000,0.6863±0.0000,0.7221±0.0000
Link,1shot,Cora,GraphCL+Gprompt,0.6167±0.0000,0.7187±0.0000,0.7992±0.0000,0.7957±0.0000
Link,1shot,Cora,GraphCL+GraphPrompter,0.6879±0.0000,0.7550±0.0000,0.8479±0.0000,0.8415±0.0000
Link,1shot,Cora,GraphCL+None,0.6879±0.0000,0.7550±0.0000,0.8479±0.0000,0.8415±0.0000
Link,1shot,Cora,GraphCL+PSP,0.6879±0.0000,0.7550±0.0000,0.8479±0.0000,0.8415±0.0000
Link,1shot,Cora,GraphCL+ProNoG,0.6461±0.0000,0.7295±0.0000,0.7851±0.0000,0.7716±0.0000
Link,1shot,Cora,GraphCL+SelfPro,0.6300±0.0000,0.7174±0.0000,0.8180±0.0000,0.8249±0.0000
Link,1shot,Cora,GraphCL+UniPrompt,0.6954±0.0000,0.7585±0.0000,0.8318±0.0000,0.8190±0.0000
Link,1shot,Cora,GraphMAE+All-in-one,0.5000±0.0000,0.6667±0.0000,0.6699±0.0000,0.6903±0.0000
Link,1shot,Cora,GraphMAE+DAGPrompT,0.5000±0.0000,0.6667±0.0000,0.6875±0.0000,0.7222±0.0000
Link,1shot,Cora,GraphMAE+EdgePrompt,0.5000±0.0000,0.6667±0.0000,0.4851±0.0000,0.4927±0.0000
Link,1shot,Cora,GraphMAE+EdgePromptplus,0.5085±0.0000,0.6696±0.0000,0.6978±0.0000,0.7373±0.0000
Link,1shot,Cora,GraphMAE+GPF,0.5000±0.0000,0.6667±0.0000,0.6783±0.0000,0.7129±0.0000
Link,1shot,Cora,GraphMAE+GPF-plus,0.5000±0.0000,0.6667±0.0000,0.6802±0.0000,0.7140±0.0000
Link,1shot,Cora,GraphMAE+Gprompt,0.5000±0.0000,0.6667±0.0000,0.6846±0.0000,0.7205±0.0000
Link,1shot,Cora,GraphMAE+GraphPrompter,0.6290±0.0000,0.7071±0.0000,0.6861±0.0000,0.6738±0.0000
Link,1shot,Cora,GraphMAE+None,0.6290±0.0000,0.7071±0.0000,0.6861±0.0000,0.6738±0.0000
Link,1shot,Cora,GraphMAE+PSP,0.6290±0.0000,0.7071±0.0000,0.6861±0.0000,0.6738±0.0000
Link,1shot,Cora,GraphMAE+ProNoG,0.5000±0.0000,0.6667±0.0000,0.6810±0.0000,0.7182±0.0000
Link,1shot,Cora,GraphMAE+SelfPro,0.5066±0.0000,0.6696±0.0000,0.8313±0.0000,0.8129±0.0000
Link,1shot,Cora,GraphMAE+UniPrompt,0.6195±0.0000,0.6835±0.0000,0.6668±0.0000,0.6670±0.0000
Link,1shot,Cora,None+All-in-one,0.5000±0.0000,0.0000±0.0000,0.6388±0.0000,0.6520±0.0000
Link,1shot,Cora,None+DAGPrompT,0.5000±0.0000,0.6667±0.0000,0.6863±0.0000,0.7209±0.0000
Link,1shot,Cora,None+EdgePrompt,0.5000±0.0000,0.6667±0.0000,0.4744±0.0000,0.4870±0.0000
Link,1shot,Cora,None+EdgePromptplus,0.5000±0.0000,0.6667±0.0000,0.6236±0.0000,0.6570±0.0000
Link,1shot,Cora,None+GPF,0.5000±0.0000,0.6667±0.0000,0.6764±0.0000,0.7105±0.0000
Link,1shot,Cora,None+GPF-plus,0.5000±0.0000,0.6667±0.0000,0.6768±0.0000,0.7123±0.0000
Link,1shot,Cora,None+Gprompt,0.5000±0.0000,0.6667±0.0000,0.6818±0.0000,0.7188±0.0000
Link,1shot,Cora,None+GraphPrompter,0.5901±0.0000,0.6905±0.0000,0.6646±0.0000,0.6519±0.0000
Link,1shot,Cora,None+None,0.5901±0.0000,0.6905±0.0000,0.6646±0.0000,0.6519±0.0000
Link,1shot,Cora,None+PSP,0.5901±0.0000,0.6905±0.0000,0.6646±0.0000,0.6519±0.0000
Link,1shot,Cora,None+ProNoG,0.5000±0.0000,0.6667±0.0000,0.6821±0.0000,0.7189±0.0000
Link,1shot,Cora,None+SelfPro,0.4972±0.0000,0.6641±0.0000,0.6315±0.0000,0.6797±0.0000
Link,1shot,Cora,None+UniPrompt,0.6025±0.0000,0.6769±0.0000,0.6458±0.0000,0.6450±0.0000
Link,1shot,Cora,SimGRACE+All-in-one,0.5000±0.0000,0.6667±0.0000,0.6043±0.0000,0.6345±0.0000
Link,1shot,Cora,SimGRACE+DAGPrompT,0.5000±0.0000,0.6667±0.0000,0.7416±0.0000,0.7581±0.0000
Link,1shot,Cora,SimGRACE+EdgePrompt,0.4810±0.0000,0.6450±0.0000,0.4801±0.0000,0.4902±0.0000
Link,1shot,Cora,SimGRACE+EdgePromptplus,0.4991±0.0000,0.6645±0.0000,0.4962±0.0000,0.4981±0.0000
Link,1shot,Cora,SimGRACE+GPF,0.5000±0.0000,0.6667±0.0000,0.6413±0.0000,0.6663±0.0000
Link,1shot,Cora,SimGRACE+GPF-plus,0.5000±0.0000,0.6667±0.0000,0.5991±0.0000,0.6674±0.0000
Link,1shot,Cora,SimGRACE+Gprompt,0.5977±0.0000,0.7072±0.0000,0.7700±0.0000,0.7598±0.0000
Link,1shot,Cora,SimGRACE+GraphPrompter,0.5171±0.0000,0.6735±0.0000,0.7786±0.0000,0.7385±0.0000
Link,1shot,Cora,SimGRACE+None,0.5171±0.0000,0.6735±0.0000,0.7786±0.0000,0.7385±0.0000
Link,1shot,Cora,SimGRACE+PSP,0.5171±0.0000,0.6735±0.0000,0.7786±0.0000,0.7385±0.0000
Link,1shot,Cora,SimGRACE+ProNoG,0.6205±0.0000,0.7122±0.0000,0.7669±0.0000,0.7705±0.0000
Link,1shot,Cora,SimGRACE+SelfPro,0.5977±0.0000,0.7072±0.0000,0.7762±0.0000,0.7722±0.0000
Link,1shot,Cora,SimGRACE+UniPrompt,0.5142±0.0000,0.6722±0.0000,0.7783±0.0000,0.7341±0.0000
Link,1shot,IMDB-BINARY,DGI+All-in-one,0.4817±0.0000,0.0000±0.0000,0.3356±0.0000,0.4441±0.0000
Link,1shot,IMDB-BINARY,DGI+DAGPrompT,0.5183±0.0000,0.6827±0.0000,0.7228±0.0000,0.7435±0.0000
Link,1shot,IMDB-BINARY,DGI+EdgePrompt,0.5183±0.0000,0.6827±0.0000,0.6799±0.0000,0.6554±0.0000
Link,1shot,IMDB-BINARY,DGI+EdgePromptplus,0.5183±0.0000,0.6827±0.0000,0.7029±0.0000,0.7248±0.0000
Link,1shot,IMDB-BINARY,DGI+GPF,0.5183±0.0000,0.6827±0.0000,0.7245±0.0000,0.7452±0.0000
Link,1shot,IMDB-BINARY,DGI+GPF-plus,0.5183±0.0000,0.6827±0.0000,0.7244±0.0000,0.7447±0.0000
Link,1shot,IMDB-BINARY,DGI+Gprompt,0.5183±0.0000,0.6827±0.0000,0.7233±0.0000,0.7451±0.0000
Link,1shot,IMDB-BINARY,DGI+GraphPrompter,0.5183±0.0000,0.6827±0.0000,0.7244±0.0000,0.7448±0.0000
Link,1shot,IMDB-BINARY,DGI+None,0.5183±0.0000,0.6827±0.0000,0.7244±0.0000,0.7448±0.0000
Link,1shot,IMDB-BINARY,DGI+PSP,0.5183±0.0000,0.6827±0.0000,0.7244±0.0000,0.7448±0.0000
Link,1shot,IMDB-BINARY,DGI+ProNoG,0.5183±0.0000,0.6827±0.0000,0.7235±0.0000,0.7445±0.0000
Link,1shot,IMDB-BINARY,DGI+SelfPro,0.5180±0.0000,0.6824±0.0000,0.7211±0.0000,0.7213±0.0000
Link,1shot,IMDB-BINARY,DGI+UniPrompt,0.5183±0.0000,0.6827±0.0000,0.7200±0.0000,0.7391±0.0000
Link,1shot,IMDB-BINARY,Edgepred_GPPT+All-in-one,0.4817±0.0000,0.0000±0.0000,0.3357±0.0000,0.4443±0.0000
Link,1shot,IMDB-BINARY,Edgepred_GPPT+DAGPrompT,0.5183±0.0000,0.6827±0.0000,0.7226±0.0000,0.7429±0.0000
Link,1shot,IMDB-BINARY,Edgepred_GPPT+EdgePrompt,0.5183±0.0000,0.6827±0.0000,0.6832±0.0000,0.6673±0.0000
Link,1shot,IMDB-BINARY,Edgepred_GPPT+EdgePromptplus,0.5183±0.0000,0.6827±0.0000,0.7003±0.0000,0.7236±0.0000
Link,1shot,IMDB-BINARY,Edgepred_GPPT+GPF,0.5183±0.0000,0.6827±0.0000,0.7264±0.0000,0.7492±0.0000
Link,1shot,IMDB-BINARY,Edgepred_GPPT+GPF-plus,0.5183±0.0000,0.6827±0.0000,0.7264±0.0000,0.7491±0.0000
Link,1shot,IMDB-BINARY,Edgepred_GPPT+Gprompt,0.5183±0.0000,0.6827±0.0000,0.7245±0.0000,0.7456±0.0000
Link,1shot,IMDB-BINARY,Edgepred_GPPT+GraphPrompter,0.5183±0.0000,0.6827±0.0000,0.7264±0.0000,0.7492±0.0000
Link,1shot,IMDB-BINARY,Edgepred_GPPT+None,0.5183±0.0000,0.6827±0.0000,0.7264±0.0000,0.7492±0.0000
Link,1shot,IMDB-BINARY,Edgepred_GPPT+PSP,0.5183±0.0000,0.6827±0.0000,0.7264±0.0000,0.7492±0.0000
Link,1shot,IMDB-BINARY,Edgepred_GPPT+ProNoG,0.5183±0.0000,0.6827±0.0000,0.7233±0.0000,0.7441±0.0000
Link,1shot,IMDB-BINARY,Edgepred_GPPT+SelfPro,0.5155±0.0000,0.6745±0.0000,0.7285±0.0000,0.7292±0.0000
Link,1shot,IMDB-BINARY,Edgepred_GPPT+UniPrompt,0.5183±0.0000,0.6827±0.0000,0.7215±0.0000,0.7393±0.0000
Link,1shot,IMDB-BINARY,Edgepred_Gprompt+All-in-one,0.4817±0.0000,0.0000±0.0000,0.3358±0.0000,0.4445±0.0000
Link,1shot,IMDB-BINARY,Edgepred_Gprompt+DAGPrompT,0.5183±0.0000,0.6827±0.0000,0.7229±0.0000,0.7447±0.0000
Link,1shot,IMDB-BINARY,Edgepred_Gprompt+EdgePrompt,0.5183±0.0000,0.6827±0.0000,0.6541±0.0000,0.6332±0.0000
Link,1shot,IMDB-BINARY,Edgepred_Gprompt+EdgePromptplus,0.5184±0.0000,0.6827±0.0000,0.7018±0.0000,0.7027±0.0000
Link,1shot,IMDB-BINARY,Edgepred_Gprompt+GPF,0.5183±0.0000,0.6827±0.0000,0.7241±0.0000,0.7458±0.0000
Link,1shot,IMDB-BINARY,Edgepred_Gprompt+GPF-plus,0.5183±0.0000,0.6827±0.0000,0.7241±0.0000,0.7459±0.0000
Link,1shot,IMDB-BINARY,Edgepred_Gprompt+Gprompt,0.5183±0.0000,0.6827±0.0000,0.7234±0.0000,0.7455±0.0000
Link,1shot,IMDB-BINARY,Edgepred_Gprompt+GraphPrompter,0.5183±0.0000,0.6827±0.0000,0.7241±0.0000,0.7459±0.0000
Link,1shot,IMDB-BINARY,Edgepred_Gprompt+None,0.5183±0.0000,0.6827±0.0000,0.7241±0.0000,0.7459±0.0000
Link,1shot,IMDB-BINARY,Edgepred_Gprompt+PSP,0.5183±0.0000,0.6827±0.0000,0.7241±0.0000,0.7459±0.0000
Link,1shot,IMDB-BINARY,Edgepred_Gprompt+ProNoG,0.5183±0.0000,0.6827±0.0000,0.7230±0.0000,0.7452±0.0000
Link,1shot,IMDB-BINARY,Edgepred_Gprompt+SelfPro,0.5183±0.0000,0.6827±0.0000,0.7084±0.0000,0.7123±0.0000
Link,1shot,IMDB-BINARY,Edgepred_Gprompt+UniPrompt,0.5183±0.0000,0.6827±0.0000,0.7189±0.0000,0.7392±0.0000
Link,1shot,IMDB-BINARY,GraphCL+All-in-one,0.4817±0.0000,0.0000±0.0000,0.6907±0.0000,0.7215±0.0000
Link,1shot,IMDB-BINARY,GraphCL+DAGPrompT,0.5182±0.0000,0.6827±0.0000,0.7339±0.0000,0.7453±0.0000
Link,1shot,IMDB-BINARY,GraphCL+EdgePrompt,0.5183±0.0000,0.6827±0.0000,0.6862±0.0000,0.6717±0.0000
Link,1shot,IMDB-BINARY,GraphCL+EdgePromptplus,0.5181±0.0000,0.6826±0.0000,0.7057±0.0000,0.7319±0.0000
Link,1shot,IMDB-BINARY,GraphCL+GPF,0.5051±0.0000,0.6709±0.0000,0.7185±0.0000,0.7489±0.0000
Link,1shot,IMDB-BINARY,GraphCL+GPF-plus,0.4999±0.0000,0.6661±0.0000,0.7144±0.0000,0.7474±0.0000
Link,1shot,IMDB-BINARY,GraphCL+Gprompt,0.5134±0.0000,0.6783±0.0000,0.7065±0.0000,0.7395±0.0000
Link,1shot,IMDB-BINARY,GraphCL+GraphPrompter,0.5001±0.0000,0.6663±0.0000,0.7160±0.0000,0.7485±0.0000
Link,1shot,IMDB-BINARY,GraphCL+None,0.5001±0.0000,0.6663±0.0000,0.7160±0.0000,0.7485±0.0000
Link,1shot,IMDB-BINARY,GraphCL+PSP,0.5001±0.0000,0.6663±0.0000,0.7160±0.0000,0.7485±0.0000
Link,1shot,IMDB-BINARY,GraphCL+ProNoG,0.5221±0.0000,0.6842±0.0000,0.7173±0.0000,0.7518±0.0000
Link,1shot,IMDB-BINARY,GraphCL+SelfPro,0.5953±0.0000,0.7066±0.0000,0.7587±0.0000,0.7489±0.0000
Link,1shot,IMDB-BINARY,GraphCL+UniPrompt,0.5173±0.0000,0.6816±0.0000,0.7247±0.0000,0.7425±0.0000
Link,1shot,IMDB-BINARY,GraphMAE+All-in-one,0.4817±0.0000,0.0000±0.0000,0.3358±0.0000,0.4446±0.0000
Link,1shot,IMDB-BINARY,GraphMAE+DAGPrompT,0.5183±0.0000,0.6827±0.0000,0.7244±0.0000,0.7465±0.0000
Link,1shot,IMDB-BINARY,GraphMAE+EdgePrompt,0.5183±0.0000,0.6827±0.0000,0.7338±0.0000,0.7384±0.0000
Link,1shot,IMDB-BINARY,GraphMAE+EdgePromptplus,0.5183±0.0000,0.6827±0.0000,0.7122±0.0000,0.7341±0.0000
Link,1shot,IMDB-BINARY,GraphMAE+GPF,0.5183±0.0000,0.6827±0.0000,0.7245±0.0000,0.7472±0.0000
Link,1shot,IMDB-BINARY,GraphMAE+GPF-plus,0.5183±0.0000,0.6827±0.0000,0.7244±0.0000,0.7470±0.0000
Link,1shot,IMDB-BINARY,GraphMAE+Gprompt,0.5183±0.0000,0.6827±0.0000,0.7243±0.0000,0.7482±0.0000
Link,1shot,IMDB-BINARY,GraphMAE+GraphPrompter,0.5183±0.0000,0.6827±0.0000,0.7245±0.0000,0.7471±0.0000
Link,1shot,IMDB-BINARY,GraphMAE+None,0.5183±0.0000,0.6827±0.0000,0.7245±0.0000,0.7471±0.0000
Link,1shot,IMDB-BINARY,GraphMAE+PSP,0.5183±0.0000,0.6827±0.0000,0.7245±0.0000,0.7471±0.0000
Link,1shot,IMDB-BINARY,GraphMAE+ProNoG,0.5183±0.0000,0.6827±0.0000,0.7244±0.0000,0.7479±0.0000
Link,1shot,IMDB-BINARY,GraphMAE+SelfPro,0.5452±0.0000,0.6795±0.0000,0.7199±0.0000,0.7200±0.0000
Link,1shot,IMDB-BINARY,GraphMAE+UniPrompt,0.5158±0.0000,0.6793±0.0000,0.7204±0.0000,0.7386±0.0000
Link,1shot,IMDB-BINARY,None+All-in-one,0.4817±0.0000,0.0000±0.0000,0.3358±0.0000,0.4445±0.0000
Link,1shot,IMDB-BINARY,None+DAGPrompT,0.5183±0.0000,0.6827±0.0000,0.7227±0.0000,0.7432±0.0000
Link,1shot,IMDB-BINARY,None+EdgePrompt,0.5183±0.0000,0.6827±0.0000,0.6533±0.0000,0.6294±0.0000
Link,1shot,IMDB-BINARY,None+EdgePromptplus,0.5183±0.0000,0.6827±0.0000,0.6937±0.0000,0.6920±0.0000
Link,1shot,IMDB-BINARY,None+GPF,0.5183±0.0000,0.6827±0.0000,0.7227±0.0000,0.7395±0.0000
Link,1shot,IMDB-BINARY,None+GPF-plus,0.5183±0.0000,0.6827±0.0000,0.7228±0.0000,0.7402±0.0000
Link,1shot,IMDB-BINARY,None+Gprompt,0.5183±0.0000,0.6827±0.0000,0.7231±0.0000,0.7453±0.0000
Link,1shot,IMDB-BINARY,None+GraphPrompter,0.5183±0.0000,0.6827±0.0000,0.7227±0.0000,0.7397±0.0000
Link,1shot,IMDB-BINARY,None+None,0.5183±0.0000,0.6827±0.0000,0.7227±0.0000,0.7397±0.0000
Link,1shot,IMDB-BINARY,None+PSP,0.5183±0.0000,0.6827±0.0000,0.7227±0.0000,0.7397±0.0000
Link,1shot,IMDB-BINARY,None+ProNoG,0.5183±0.0000,0.6827±0.0000,0.7231±0.0000,0.7437±0.0000
Link,1shot,IMDB-BINARY,None+SelfPro,0.5183±0.0000,0.6827±0.0000,0.6873±0.0000,0.6959±0.0000
Link,1shot,IMDB-BINARY,None+UniPrompt,0.5183±0.0000,0.6827±0.0000,0.7188±0.0000,0.7343±0.0000
Link,1shot,IMDB-BINARY,SimGRACE+All-in-one,0.4860±0.0000,0.0164±0.0000,0.7122±0.0000,0.7316±0.0000
Link,1shot,IMDB-BINARY,SimGRACE+DAGPrompT,0.5183±0.0000,0.6827±0.0000,0.7154±0.0000,0.7485±0.0000
Link,1shot,IMDB-BINARY,SimGRACE+EdgePrompt,0.5183±0.0000,0.6827±0.0000,0.6655±0.0000,0.6492±0.0000
Link,1shot,IMDB-BINARY,SimGRACE+EdgePromptplus,0.5184±0.0000,0.6828±0.0000,0.7198±0.0000,0.7418±0.0000
Link,1shot,IMDB-BINARY,SimGRACE+GPF,0.5182±0.0000,0.6827±0.0000,0.7369±0.0000,0.7531±0.0000
Link,1shot,IMDB-BINARY,SimGRACE+GPF-plus,0.5182±0.0000,0.6827±0.0000,0.7419±0.0000,0.7554±0.0000
Link,1shot,IMDB-BINARY,SimGRACE+Gprompt,0.5183±0.0000,0.6827±0.0000,0.7113±0.0000,0.7533±0.0000
Link,1shot,IMDB-BINARY,SimGRACE+GraphPrompter,0.5182±0.0000,0.6827±0.0000,0.7371±0.0000,0.7534±0.0000
Link,1shot,IMDB-BINARY,SimGRACE+None,0.5182±0.0000,0.6827±0.0000,0.7371±0.0000,0.7534±0.0000
Link,1shot,IMDB-BINARY,SimGRACE+PSP,0.5182±0.0000,0.6827±0.0000,0.7371±0.0000,0.7534±0.0000
Link,1shot,IMDB-BINARY,SimGRACE+ProNoG,0.5183±0.0000,0.6827±0.0000,0.7035±0.0000,0.7526±0.0000
Link,1shot,IMDB-BINARY,SimGRACE+SelfPro,0.5913±0.0000,0.7107±0.0000,0.7722±0.0000,0.7547±0.0000
Link,1shot,IMDB-BINARY,SimGRACE+UniPrompt,0.5183±0.0000,0.6827±0.0000,0.7549±0.0000,0.7545±0.0000
Link,1shot,MUTAG,DGI+All-in-one,0.3357±0.0000,0.0000±0.0000,0.8139±0.0000,0.8557±0.0000
Link,1shot,MUTAG,DGI+DAGPrompT,0.6679±0.0000,0.8000±0.0000,0.5321±0.0000,0.6529±0.0000
Link,1shot,MUTAG,DGI+EdgePrompt,0.6643±0.0000,0.7983±0.0000,0.3957±0.0000,0.6151±0.0000
Link,1shot,MUTAG,DGI+EdgePromptplus,0.6655±0.0000,0.7991±0.0000,0.5440±0.0000,0.6875±0.0000
Link,1shot,MUTAG,DGI+GPF,0.6643±0.0000,0.7983±0.0000,0.4872±0.0000,0.6902±0.0000
Link,1shot,MUTAG,DGI+GPF-plus,0.6643±0.0000,0.7974±0.0000,0.5493±0.0000,0.6519±0.0000
Link,1shot,MUTAG,DGI+Gprompt,0.6643±0.0000,0.7974±0.0000,0.5515±0.0000,0.6553±0.0000
Link,1shot,MUTAG,DGI+GraphPrompter,0.6643±0.0000,0.7974±0.0000,0.5495±0.0000,0.6526±0.0000
Link,1shot,MUTAG,DGI+None,0.6643±0.0000,0.7974±0.0000,0.5495±0.0000,0.6528±0.0000
Link,1shot,MUTAG,DGI+PSP,0.6643±0.0000,0.7974±0.0000,0.5495±0.0000,0.6528±0.0000
Link,1shot,MUTAG,DGI+ProNoG,0.6673±0.0000,0.7991±0.0000,0.5582±0.0000,0.6617±0.0000
Link,1shot,MUTAG,DGI+SelfPro,0.7209±0.0000,0.8173±0.0000,0.6401±0.0000,0.7468±0.0000
Link,1shot,MUTAG,DGI+UniPrompt,0.6643±0.0000,0.7974±0.0000,0.5844±0.0000,0.6804±0.0000
Link,1shot,MUTAG,Edgepred_GPPT+All-in-one,0.6643±0.0000,0.7983±0.0000,0.7919±0.0000,0.8730±0.0000
Link,1shot,MUTAG,Edgepred_GPPT+DAGPrompT,0.6643±0.0000,0.7983±0.0000,0.6214±0.0000,0.7018±0.0000
Link,1shot,MUTAG,Edgepred_GPPT+EdgePrompt,0.6404±0.0000,0.7769±0.0000,0.4735±0.0000,0.6462±0.0000
Link,1shot,MUTAG,Edgepred_GPPT+EdgePromptplus,0.6589±0.0000,0.7940±0.0000,0.6652±0.0000,0.7852±0.0000
Link,1shot,MUTAG,Edgepred_GPPT+GPF,0.6583±0.0000,0.7935±0.0000,0.6172±0.0000,0.7303±0.0000
Link,1shot,MUTAG,Edgepred_GPPT+GPF-plus,0.6643±0.0000,0.7983±0.0000,0.5975±0.0000,0.6918±0.0000
Link,1shot,MUTAG,Edgepred_GPPT+Gprompt,0.6643±0.0000,0.7983±0.0000,0.6043±0.0000,0.6863±0.0000
Link,1shot,MUTAG,Edgepred_GPPT+GraphPrompter,0.6643±0.0000,0.7983±0.0000,0.6086±0.0000,0.6972±0.0000
Link,1shot,MUTAG,Edgepred_GPPT+None,0.6643±0.0000,0.7983±0.0000,0.6086±0.0000,0.6972±0.0000
Link,1shot,MUTAG,Edgepred_GPPT+PSP,0.6643±0.0000,0.7983±0.0000,0.6086±0.0000,0.6972±0.0000
Link,1shot,MUTAG,Edgepred_GPPT+ProNoG,0.6643±0.0000,0.7983±0.0000,0.5950±0.0000,0.6823±0.0000
Link,1shot,MUTAG,Edgepred_GPPT+SelfPro,0.6619±0.0000,0.7580±0.0000,0.6265±0.0000,0.7352±0.0000
Link,1shot,MUTAG,Edgepred_GPPT+UniPrompt,0.6643±0.0000,0.7983±0.0000,0.6274±0.0000,0.7129±0.0000
Link,1shot,MUTAG,Edgepred_Gprompt+All-in-one,0.3357±0.0000,0.0000±0.0000,0.7492±0.0000,0.8403±0.0000
Link,1shot,MUTAG,Edgepred_Gprompt+DAGPrompT,0.4982±0.0000,0.5589±0.0000,0.4242±0.0000,0.6232±0.0000
Link,1shot,MUTAG,Edgepred_Gprompt+EdgePrompt,0.5125±0.0000,0.6707±0.0000,0.4542±0.0000,0.6536±0.0000
Link,1shot,MUTAG,Edgepred_Gprompt+EdgePromptplus,0.4679±0.0000,0.5669±0.0000,0.4303±0.0000,0.6238±0.0000
Link,1shot,MUTAG,Edgepred_Gprompt+GPF,0.5814±0.0000,0.7310±0.0000,0.5506±0.0000,0.6947±0.0000
Link,1shot,MUTAG,Edgepred_Gprompt+GPF-plus,0.5196±0.0000,0.5906±0.0000,0.4392±0.0000,0.6271±0.0000
Link,1shot,MUTAG,Edgepred_Gprompt+Gprompt,0.5054±0.0000,0.5610±0.0000,0.4348±0.0000,0.6241±0.0000
Link,1shot,MUTAG,Edgepred_Gprompt+GraphPrompter,0.5349±0.0000,0.5963±0.0000,0.4435±0.0000,0.6247±0.0000
Link,1shot,MUTAG,Edgepred_Gprompt+None,0.5349±0.0000,0.5963±0.0000,0.4435±0.0000,0.6248±0.0000
Link,1shot,MUTAG,Edgepred_Gprompt+PSP,0.5349±0.0000,0.5963±0.0000,0.4435±0.0000,0.6247±0.0000
Link,1shot,MUTAG,Edgepred_Gprompt+ProNoG,0.5054±0.0000,0.5624±0.0000,0.4318±0.0000,0.6188±0.0000
Link,1shot,MUTAG,Edgepred_Gprompt+SelfPro,0.5116±0.0000,0.5895±0.0000,0.4929±0.0000,0.6932±0.0000
Link,1shot,MUTAG,Edgepred_Gprompt+UniPrompt,0.5367±0.0000,0.6058±0.0000,0.4553±0.0000,0.6367±0.0000
Link,1shot,MUTAG,GraphCL+All-in-one,0.3357±0.0000,0.0000±0.0000,0.7910±0.0000,0.8789±0.0000
Link,1shot,MUTAG,GraphCL+DAGPrompT,0.6977±0.0000,0.7921±0.0000,0.6157±0.0000,0.7410±0.0000
Link,1shot,MUTAG,GraphCL+EdgePrompt,0.5778±0.0000,0.7287±0.0000,0.4408±0.0000,0.6402±0.0000
Link,1shot,MUTAG,GraphCL+EdgePromptplus,0.7227±0.0000,0.8135±0.0000,0.6296±0.0000,0.7349±0.0000
Link,1shot,MUTAG,GraphCL+GPF,0.6655±0.0000,0.7970±0.0000,0.5067±0.0000,0.6685±0.0000
Link,1shot,MUTAG,GraphCL+GPF-plus,0.7424±0.0000,0.8227±0.0000,0.6652±0.0000,0.7574±0.0000
Link,1shot,MUTAG,GraphCL+Gprompt,0.7030±0.0000,0.7966±0.0000,0.5997±0.0000,0.6921±0.0000
Link,1shot,MUTAG,GraphCL+GraphPrompter,0.7496±0.0000,0.8263±0.0000,0.6687±0.0000,0.7593±0.0000
Link,1shot,MUTAG,GraphCL+None,0.7496±0.0000,0.8263±0.0000,0.6687±0.0000,0.7593±0.0000
Link,1shot,MUTAG,GraphCL+PSP,0.7496±0.0000,0.8263±0.0000,0.6687±0.0000,0.7593±0.0000
Link,1shot,MUTAG,GraphCL+ProNoG,0.7125±0.0000,0.7995±0.0000,0.6125±0.0000,0.7064±0.0000
Link,1shot,MUTAG,GraphCL+SelfPro,0.7227±0.0000,0.8020±0.0000,0.6829±0.0000,0.7688±0.0000
Link,1shot,MUTAG,GraphCL+UniPrompt,0.7304±0.0000,0.8147±0.0000,0.6412±0.0000,0.7412±0.0000
Link,1shot,MUTAG,GraphMAE+All-in-one,0.3357±0.0000,0.0000±0.0000,0.7643±0.0000,0.8189±0.0000
Link,1shot,MUTAG,GraphMAE+DAGPrompT,0.7102±0.0000,0.8090±0.0000,0.5839±0.0000,0.6808±0.0000
Link,1shot,MUTAG,GraphMAE+EdgePrompt,0.6643±0.0000,0.7983±0.0000,0.1809±0.0000,0.4911±0.0000
Link,1shot,MUTAG,GraphMAE+EdgePromptplus,0.6655±0.0000,0.7771±0.0000,0.4446±0.0000,0.6037±0.0000
Link,1shot,MUTAG,GraphMAE+GPF,0.6875±0.0000,0.7948±0.0000,0.5867±0.0000,0.7214±0.0000
Link,1shot,MUTAG,GraphMAE+GPF-plus,0.7102±0.0000,0.8103±0.0000,0.5723±0.0000,0.6714±0.0000
Link,1shot,MUTAG,GraphMAE+Gprompt,0.7048±0.0000,0.8043±0.0000,0.6018±0.0000,0.7136±0.0000
Link,1shot,MUTAG,GraphMAE+GraphPrompter,0.7120±0.0000,0.8113±0.0000,0.5772±0.0000,0.6731±0.0000
Link,1shot,MUTAG,GraphMAE+None,0.7120±0.0000,0.8113±0.0000,0.5772±0.0000,0.6731±0.0000
Link,1shot,MUTAG,GraphMAE+PSP,0.7120±0.0000,0.8113±0.0000,0.5772±0.0000,0.6731±0.0000
Link,1shot,MUTAG,GraphMAE+ProNoG,0.7030±0.0000,0.8056±0.0000,0.5757±0.0000,0.6736±0.0000
Link,1shot,MUTAG,GraphMAE+SelfPro,0.7138±0.0000,0.8049±0.0000,0.6236±0.0000,0.7318±0.0000
Link,1shot,MUTAG,GraphMAE+UniPrompt,0.7156±0.0000,0.8132±0.0000,0.6223±0.0000,0.7041±0.0000
Link,1shot,MUTAG,None+All-in-one,0.6643±0.0000,0.7983±0.0000,0.7766±0.0000,0.8348±0.0000
Link,1shot,MUTAG,None+DAGPrompT,0.6834±0.0000,0.7839±0.0000,0.5804±0.0000,0.6773±0.0000
Link,1shot,MUTAG,None+EdgePrompt,0.5671±0.0000,0.7206±0.0000,0.2129±0.0000,0.5025±0.0000
Link,1shot,MUTAG,None+EdgePromptplus,0.6607±0.0000,0.7705±0.0000,0.6370±0.0000,0.7657±0.0000
Link,1shot,MUTAG,None+GPF,0.6804±0.0000,0.7935±0.0000,0.5919±0.0000,0.7344±0.0000
Link,1shot,MUTAG,None+GPF-plus,0.7084±0.0000,0.8048±0.0000,0.5930±0.0000,0.7079±0.0000
Link,1shot,MUTAG,None+Gprompt,0.6905±0.0000,0.7898±0.0000,0.6104±0.0000,0.7461±0.0000
Link,1shot,MUTAG,None+GraphPrompter,0.7084±0.0000,0.8043±0.0000,0.5977±0.0000,0.7136±0.0000
Link,1shot,MUTAG,None+None,0.7084±0.0000,0.8043±0.0000,0.5977±0.0000,0.7136±0.0000
Link,1shot,MUTAG,None+PSP,0.7084±0.0000,0.8043±0.0000,0.5977±0.0000,0.7136±0.0000
Link,1shot,MUTAG,None+ProNoG,0.6834±0.0000,0.7849±0.0000,0.5957±0.0000,0.7110±0.0000
Link,1shot,MUTAG,None+SelfPro,0.7125±0.0000,0.7995±0.0000,0.6154±0.0000,0.7256±0.0000
Link,1shot,MUTAG,None+UniPrompt,0.7084±0.0000,0.8039±0.0000,0.6466±0.0000,0.7652±0.0000
Link,1shot,MUTAG,SimGRACE+All-in-one,0.3357±0.0000,0.0000±0.0000,0.7400±0.0000,0.8622±0.0000
Link,1shot,MUTAG,SimGRACE+DAGPrompT,0.6482±0.0000,0.7503±0.0000,0.5520±0.0000,0.7048±0.0000
Link,1shot,MUTAG,SimGRACE+EdgePrompt,0.6554±0.0000,0.7891±0.0000,0.5012±0.0000,0.6648±0.0000
Link,1shot,MUTAG,SimGRACE+EdgePromptplus,0.6816±0.0000,0.7845±0.0000,0.5941±0.0000,0.7101±0.0000
Link,1shot,MUTAG,SimGRACE+GPF,0.6643±0.0000,0.7983±0.0000,0.5000±0.0000,0.6643±0.0000
Link,1shot,MUTAG,SimGRACE+GPF-plus,0.7030±0.0000,0.7976±0.0000,0.6204±0.0000,0.7247±0.0000
Link,1shot,MUTAG,SimGRACE+Gprompt,0.6768±0.0000,0.7822±0.0000,0.5179±0.0000,0.6627±0.0000
Link,1shot,MUTAG,SimGRACE+GraphPrompter,0.6732±0.0000,0.7798±0.0000,0.5754±0.0000,0.7002±0.0000
Link,1shot,MUTAG,SimGRACE+None,0.6732±0.0000,0.7798±0.0000,0.5754±0.0000,0.7002±0.0000
Link,1shot,MUTAG,SimGRACE+PSP,0.6732±0.0000,0.7798±0.0000,0.5754±0.0000,0.7002±0.0000
Link,1shot,MUTAG,SimGRACE+ProNoG,0.6839±0.0000,0.7880±0.0000,0.5267±0.0000,0.6638±0.0000
Link,1shot,MUTAG,SimGRACE+SelfPro,0.6375±0.0000,0.7360±0.0000,0.5938±0.0000,0.7337±0.0000
Link,1shot,MUTAG,SimGRACE+UniPrompt,0.7084±0.0000,0.7990±0.0000,0.6406±0.0000,0.7360±0.0000
Link,1shot,PROTEINS,DGI+All-in-one,0.4852±0.0000,0.0000±0.0000,0.4271±0.0000,0.4518±0.0000
Link,1shot,PROTEINS,DGI+DAGPrompT,0.5150±0.0000,0.6796±0.0000,0.4528±0.0000,0.4827±0.0000
Link,1shot,PROTEINS,DGI+EdgePrompt,0.5149±0.0000,0.6797±0.0000,0.4998±0.0000,0.5147±0.0000
Link,1shot,PROTEINS,DGI+EdgePromptplus,0.5148±0.0000,0.6797±0.0000,0.5001±0.0000,0.5148±0.0000
Link,1shot,PROTEINS,DGI+GPF,0.5155±0.0000,0.6795±0.0000,0.5811±0.0000,0.5583±0.0000
Link,1shot,PROTEINS,DGI+GPF-plus,0.5147±0.0000,0.6795±0.0000,0.4999±0.0000,0.5148±0.0000
Link,1shot,PROTEINS,DGI+Gprompt,0.5150±0.0000,0.6796±0.0000,0.4459±0.0000,0.4792±0.0000
Link,1shot,PROTEINS,DGI+GraphPrompter,0.5147±0.0000,0.6795±0.0000,0.4998±0.0000,0.5147±0.0000
Link,1shot,PROTEINS,DGI+None,0.5147±0.0000,0.6795±0.0000,0.4998±0.0000,0.5147±0.0000
Link,1shot,PROTEINS,DGI+PSP,0.5147±0.0000,0.6795±0.0000,0.4998±0.0000,0.5147±0.0000
Link,1shot,PROTEINS,DGI+ProNoG,0.5148±0.0000,0.6797±0.0000,0.4491±0.0000,0.4791±0.0000
Link,1shot,PROTEINS,DGI+SelfPro,0.5397±0.0000,0.6642±0.0000,0.5633±0.0000,0.5595±0.0000
Link,1shot,PROTEINS,DGI+UniPrompt,0.5147±0.0000,0.6794±0.0000,0.5000±0.0000,0.5148±0.0000
Link,1shot,PROTEINS,Edgepred_GPPT+All-in-one,0.4852±0.0000,0.0000±0.0000,0.3883±0.0000,0.4341±0.0000
Link,1shot,PROTEINS,Edgepred_GPPT+DAGPrompT,0.5198±0.0000,0.6795±0.0000,0.5127±0.0000,0.5158±0.0000
Link,1shot,PROTEINS,Edgepred_GPPT+EdgePrompt,0.5151±0.0000,0.6797±0.0000,0.5003±0.0000,0.5150±0.0000
Link,1shot,PROTEINS,Edgepred_GPPT+EdgePromptplus,0.5259±0.0000,0.6788±0.0000,0.5036±0.0000,0.5103±0.0000
Link,1shot,PROTEINS,Edgepred_GPPT+GPF,0.5163±0.0000,0.6788±0.0000,0.5421±0.0000,0.5403±0.0000
Link,1shot,PROTEINS,Edgepred_GPPT+GPF-plus,0.5152±0.0000,0.6798±0.0000,0.5693±0.0000,0.5535±0.0000
Link,1shot,PROTEINS,Edgepred_GPPT+Gprompt,0.5154±0.0000,0.6795±0.0000,0.4773±0.0000,0.4956±0.0000
Link,1shot,PROTEINS,Edgepred_GPPT+GraphPrompter,0.5154±0.0000,0.6794±0.0000,0.5462±0.0000,0.5475±0.0000
Link,1shot,PROTEINS,Edgepred_GPPT+None,0.5154±0.0000,0.6794±0.0000,0.5462±0.0000,0.5475±0.0000
Link,1shot,PROTEINS,Edgepred_GPPT+PSP,0.5154±0.0000,0.6794±0.0000,0.5462±0.0000,0.5475±0.0000
Link,1shot,PROTEINS,Edgepred_GPPT+ProNoG,0.5206±0.0000,0.6801±0.0000,0.5320±0.0000,0.5284±0.0000
Link,1shot,PROTEINS,Edgepred_GPPT+SelfPro,0.5148±0.0000,0.6797±0.0000,0.6123±0.0000,0.5916±0.0000
Link,1shot,PROTEINS,Edgepred_GPPT+UniPrompt,0.5154±0.0000,0.6799±0.0000,0.5338±0.0000,0.5314±0.0000
Link,1shot,PROTEINS,Edgepred_Gprompt+All-in-one,0.4852±0.0000,0.0000±0.0000,0.4996±0.0000,0.5148±0.0000
Link,1shot,PROTEINS,Edgepred_Gprompt+DAGPrompT,0.5137±0.0000,0.6773±0.0000,0.4849±0.0000,0.5011±0.0000
Link,1shot,PROTEINS,Edgepred_Gprompt+EdgePrompt,0.5152±0.0000,0.6798±0.0000,0.5004±0.0000,0.5150±0.0000
Link,1shot,PROTEINS,Edgepred_Gprompt+EdgePromptplus,0.5147±0.0000,0.6796±0.0000,0.4999±0.0000,0.5148±0.0000
Link,1shot,PROTEINS,Edgepred_Gprompt+GPF,0.5261±0.0000,0.6807±0.0000,0.5126±0.0000,0.5212±0.0000
Link,1shot,PROTEINS,Edgepred_Gprompt+GPF-plus,0.5242±0.0000,0.6773±0.0000,0.5114±0.0000,0.5206±0.0000
Link,1shot,PROTEINS,Edgepred_Gprompt+Gprompt,0.5146±0.0000,0.6794±0.0000,0.4733±0.0000,0.5006±0.0000
Link,1shot,PROTEINS,Edgepred_Gprompt+GraphPrompter,0.5224±0.0000,0.6763±0.0000,0.5096±0.0000,0.5197±0.0000
Link,1shot,PROTEINS,Edgepred_Gprompt+None,0.5224±0.0000,0.6763±0.0000,0.5096±0.0000,0.5197±0.0000
Link,1shot,PROTEINS,Edgepred_Gprompt+PSP,0.5224±0.0000,0.6763±0.0000,0.5096±0.0000,0.5197±0.0000
Link,1shot,PROTEINS,Edgepred_Gprompt+ProNoG,0.5147±0.0000,0.6794±0.0000,0.4992±0.0000,0.5144±0.0000
Link,1shot,PROTEINS,Edgepred_Gprompt+SelfPro,0.5553±0.0000,0.6679±0.0000,0.5858±0.0000,0.5780±0.0000
Link,1shot,PROTEINS,Edgepred_Gprompt+UniPrompt,0.5267±0.0000,0.6687±0.0000,0.5181±0.0000,0.5257±0.0000
Link,1shot,PROTEINS,GraphCL+All-in-one,0.4852±0.0000,0.0000±0.0000,0.4995±0.0000,0.5147±0.0000
Link,1shot,PROTEINS,GraphCL+DAGPrompT,0.5525±0.0000,0.6725±0.0000,0.5480±0.0000,0.5333±0.0000
Link,1shot,PROTEINS,GraphCL+EdgePrompt,0.5151±0.0000,0.6797±0.0000,0.5003±0.0000,0.5149±0.0000
Link,1shot,PROTEINS,GraphCL+EdgePromptplus,0.5210±0.0000,0.6724±0.0000,0.5077±0.0000,0.5187±0.0000
Link,1shot,PROTEINS,GraphCL+GPF,0.5401±0.0000,0.6807±0.0000,0.5350±0.0000,0.5335±0.0000
Link,1shot,PROTEINS,GraphCL+GPF-plus,0.5327±0.0000,0.6749±0.0000,0.5337±0.0000,0.5320±0.0000
Link,1shot,PROTEINS,GraphCL+Gprompt,0.5484±0.0000,0.6733±0.0000,0.5385±0.0000,0.5232±0.0000
Link,1shot,PROTEINS,GraphCL+GraphPrompter,0.5525±0.0000,0.6737±0.0000,0.5446±0.0000,0.5387±0.0000
Link,1shot,PROTEINS,GraphCL+None,0.5525±0.0000,0.6737±0.0000,0.5446±0.0000,0.5387±0.0000
Link,1shot,PROTEINS,GraphCL+PSP,0.5525±0.0000,0.6737±0.0000,0.5446±0.0000,0.5387±0.0000
Link,1shot,PROTEINS,GraphCL+ProNoG,0.5569±0.0000,0.6702±0.0000,0.5475±0.0000,0.5354±0.0000
Link,1shot,PROTEINS,GraphCL+SelfPro,0.5365±0.0000,0.6767±0.0000,0.5954±0.0000,0.5829±0.0000
Link,1shot,PROTEINS,GraphCL+UniPrompt,0.5490±0.0000,0.6696±0.0000,0.5412±0.0000,0.5369±0.0000
Link,1shot,PROTEINS,GraphMAE+All-in-one,0.4852±0.0000,0.0000±0.0000,0.6172±0.0000,0.6264±0.0000
Link,1shot,PROTEINS,GraphMAE+DAGPrompT,0.5147±0.0000,0.6795±0.0000,0.4843±0.0000,0.4892±0.0000
Link,1shot,PROTEINS,GraphMAE+EdgePrompt,0.5148±0.0000,0.6797±0.0000,0.4999±0.0000,0.5148±0.0000
Link,1shot,PROTEINS,GraphMAE+EdgePromptplus,0.5148±0.0000,0.6797±0.0000,0.4989±0.0000,0.5143±0.0000
Link,1shot,PROTEINS,GraphMAE+GPF,0.5148±0.0000,0.6795±0.0000,0.4998±0.0000,0.5147±0.0000
Link,1shot,PROTEINS,GraphMAE+GPF-plus,0.5148±0.0000,0.6795±0.0000,0.4997±0.0000,0.5146±0.0000
Link,1shot,PROTEINS,GraphMAE+Gprompt,0.5145±0.0000,0.6792±0.0000,0.4568±0.0000,0.4842±0.0000
Link,1shot,PROTEINS,GraphMAE+GraphPrompter,0.5148±0.0000,0.6795±0.0000,0.4996±0.0000,0.5146±0.0000
Link,1shot,PROTEINS,GraphMAE+None,0.5148±0.0000,0.6795±0.0000,0.4996±0.0000,0.5146±0.0000
Link,1shot,PROTEINS,GraphMAE+PSP,0.5148±0.0000,0.6795±0.0000,0.4996±0.0000,0.5146±0.0000
Link,1shot,PROTEINS,GraphMAE+ProNoG,0.5149±0.0000,0.6795±0.0000,0.4548±0.0000,0.4820±0.0000
Link,1shot,PROTEINS,GraphMAE+SelfPro,0.5121±0.0000,0.6759±0.0000,0.5596±0.0000,0.5560±0.0000
Link,1shot,PROTEINS,GraphMAE+UniPrompt,0.5146±0.0000,0.6794±0.0000,0.4991±0.0000,0.5144±0.0000
Link,1shot,PROTEINS,None+All-in-one,0.4852±0.0000,0.0000±0.0000,0.6129±0.0000,0.6217±0.0000
Link,1shot,PROTEINS,None+DAGPrompT,0.5149±0.0000,0.6795±0.0000,0.4485±0.0000,0.4784±0.0000
Link,1shot,PROTEINS,None+EdgePrompt,0.5148±0.0000,0.6797±0.0000,0.5000±0.0000,0.5148±0.0000
Link,1shot,PROTEINS,None+EdgePromptplus,0.5148±0.0000,0.6797±0.0000,0.5000±0.0000,0.5148±0.0000
Link,1shot,PROTEINS,None+GPF,0.5148±0.0000,0.6795±0.0000,0.5000±0.0000,0.5148±0.0000
Link,1shot,PROTEINS,None+GPF-plus,0.5145±0.0000,0.6792±0.0000,0.5206±0.0000,0.5127±0.0000
Link,1shot,PROTEINS,None+Gprompt,0.5149±0.0000,0.6796±0.0000,0.4513±0.0000,0.4809±0.0000
Link,1shot,PROTEINS,None+GraphPrompter,0.5145±0.0000,0.6792±0.0000,0.5271±0.0000,0.5151±0.0000
Link,1shot,PROTEINS,None+None,0.5145±0.0000,0.6792±0.0000,0.5271±0.0000,0.5151±0.0000
Link,1shot,PROTEINS,None+PSP,0.5145±0.0000,0.6792±0.0000,0.5271±0.0000,0.5151±0.0000
Link,1shot,PROTEINS,None+ProNoG,0.5149±0.0000,0.6795±0.0000,0.4431±0.0000,0.4750±0.0000
Link,1shot,PROTEINS,None+SelfPro,0.5156±0.0000,0.6696±0.0000,0.5582±0.0000,0.5546±0.0000
Link,1shot,PROTEINS,None+UniPrompt,0.5144±0.0000,0.6792±0.0000,0.5268±0.0000,0.5197±0.0000
Link,1shot,PROTEINS,SimGRACE+All-in-one,0.4852±0.0000,0.0000±0.0000,0.5004±0.0000,0.5153±0.0000
Link,1shot,PROTEINS,SimGRACE+DAGPrompT,0.5159±0.0000,0.6739±0.0000,0.5580±0.0000,0.5538±0.0000
Link,1shot,PROTEINS,SimGRACE+EdgePrompt,0.5219±0.0000,0.6784±0.0000,0.5079±0.0000,0.5188±0.0000
Link,1shot,PROTEINS,SimGRACE+EdgePromptplus,0.5220±0.0000,0.6784±0.0000,0.5092±0.0000,0.5195±0.0000
Link,1shot,PROTEINS,SimGRACE+GPF,0.5244±0.0000,0.6732±0.0000,0.5224±0.0000,0.5269±0.0000
Link,1shot,PROTEINS,SimGRACE+GPF-plus,0.5154±0.0000,0.6788±0.0000,0.5704±0.0000,0.5538±0.0000
Link,1shot,PROTEINS,SimGRACE+Gprompt,0.5266±0.0000,0.6728±0.0000,0.5396±0.0000,0.5394±0.0000
Link,1shot,PROTEINS,SimGRACE+GraphPrompter,0.5160±0.0000,0.6742±0.0000,0.5555±0.0000,0.5412±0.0000
Link,1shot,PROTEINS,SimGRACE+None,0.5160±0.0000,0.6742±0.0000,0.5555±0.0000,0.5412±0.0000
Link,1shot,PROTEINS,SimGRACE+PSP,0.5160±0.0000,0.6742±0.0000,0.5555±0.0000,0.5412±0.0000
Link,1shot,PROTEINS,SimGRACE+ProNoG,0.5207±0.0000,0.6761±0.0000,0.5309±0.0000,0.5382±0.0000
Link,1shot,PROTEINS,SimGRACE+SelfPro,0.5358±0.0000,0.6670±0.0000,0.5688±0.0000,0.5637±0.0000
Link,1shot,PROTEINS,SimGRACE+UniPrompt,0.5154±0.0000,0.6726±0.0000,0.5660±0.0000,0.5528±0.0000
Link,1shot,PTC_MR,DGI+All-in-one,0.4031±0.0000,0.0000±0.0000,0.7356±0.0000,0.7717±0.0000
Link,1shot,PTC_MR,DGI+DAGPrompT,0.5998±0.0000,0.7498±0.0000,0.5461±0.0000,0.6452±0.0000
Link,1shot,PTC_MR,DGI+EdgePrompt,0.5991±0.0000,0.7493±0.0000,0.4945±0.0000,0.5964±0.0000
Link,1shot,PTC_MR,DGI+EdgePromptplus,0.5969±0.0000,0.7472±0.0000,0.3763±0.0000,0.5335±0.0000
Link,1shot,PTC_MR,DGI+GPF,0.5962±0.0000,0.7470±0.0000,0.4524±0.0000,0.5672±0.0000
Link,1shot,PTC_MR,DGI+GPF-plus,0.5969±0.0000,0.7476±0.0000,0.5069±0.0000,0.6588±0.0000
Link,1shot,PTC_MR,DGI+Gprompt,0.5991±0.0000,0.7493±0.0000,0.5485±0.0000,0.6642±0.0000
Link,1shot,PTC_MR,DGI+GraphPrompter,0.5924±0.0000,0.7437±0.0000,0.5133±0.0000,0.5990±0.0000
Link,1shot,PTC_MR,DGI+None,0.5924±0.0000,0.7437±0.0000,0.5133±0.0000,0.5990±0.0000
Link,1shot,PTC_MR,DGI+PSP,0.5924±0.0000,0.7437±0.0000,0.5133±0.0000,0.5990±0.0000
Link,1shot,PTC_MR,DGI+ProNoG,0.5962±0.0000,0.7470±0.0000,0.5103±0.0000,0.6042±0.0000
Link,1shot,PTC_MR,DGI+SelfPro,0.5213±0.0000,0.6196±0.0000,0.4825±0.0000,0.5872±0.0000
Link,1shot,PTC_MR,DGI+UniPrompt,0.5799±0.0000,0.7337±0.0000,0.5150±0.0000,0.6230±0.0000
Link,1shot,PTC_MR,Edgepred_GPPT+All-in-one,0.4031±0.0000,0.0000±0.0000,0.6755±0.0000,0.7253±0.0000
Link,1shot,PTC_MR,Edgepred_GPPT+DAGPrompT,0.5969±0.0000,0.7476±0.0000,0.5826±0.0000,0.6405±0.0000
Link,1shot,PTC_MR,Edgepred_GPPT+EdgePrompt,0.5943±0.0000,0.7452±0.0000,0.4797±0.0000,0.5892±0.0000
Link,1shot,PTC_MR,Edgepred_GPPT+EdgePromptplus,0.5976±0.0000,0.7481±0.0000,0.4717±0.0000,0.5839±0.0000
Link,1shot,PTC_MR,Edgepred_GPPT+GPF,0.5991±0.0000,0.7493±0.0000,0.4797±0.0000,0.5852±0.0000
Link,1shot,PTC_MR,Edgepred_GPPT+GPF-plus,0.5780±0.0000,0.7322±0.0000,0.5492±0.0000,0.6830±0.0000
Link,1shot,PTC_MR,Edgepred_GPPT+Gprompt,0.5969±0.0000,0.7476±0.0000,0.6136±0.0000,0.6540±0.0000
Link,1shot,PTC_MR,Edgepred_GPPT+GraphPrompter,0.5969±0.0000,0.7476±0.0000,0.6063±0.0000,0.6577±0.0000
Link,1shot,PTC_MR,Edgepred_GPPT+None,0.5969±0.0000,0.7476±0.0000,0.6063±0.0000,0.6577±0.0000
Link,1shot,PTC_MR,Edgepred_GPPT+PSP,0.5969±0.0000,0.7476±0.0000,0.6063±0.0000,0.6577±0.0000
Link,1shot,PTC_MR,Edgepred_GPPT+ProNoG,0.5969±0.0000,0.7476±0.0000,0.5737±0.0000,0.6352±0.0000
Link,1shot,PTC_MR,Edgepred_GPPT+SelfPro,0.5983±0.0000,0.7487±0.0000,0.4787±0.0000,0.5873±0.0000
Link,1shot,PTC_MR,Edgepred_GPPT+UniPrompt,0.5969±0.0000,0.7476±0.0000,0.6160±0.0000,0.6654±0.0000
Link,1shot,PTC_MR,Edgepred_Gprompt+All-in-one,0.4031±0.0000,0.0000±0.0000,0.6962±0.0000,0.7243±0.0000
Link,1shot,PTC_MR,Edgepred_Gprompt+DAGPrompT,0.5948±0.0000,0.7459±0.0000,0.6168±0.0000,0.6490±0.0000
Link,1shot,PTC_MR,Edgepred_Gprompt+EdgePrompt,0.5969±0.0000,0.7476±0.0000,0.4850±0.0000,0.5897±0.0000
Link,1shot,PTC_MR,Edgepred_Gprompt+EdgePromptplus,0.5969±0.0000,0.7476±0.0000,0.5000±0.0000,0.5969±0.0000
Link,1shot,PTC_MR,Edgepred_Gprompt+GPF,0.5969±0.0000,0.7476±0.0000,0.4976±0.0000,0.6331±0.0000
Link,1shot,PTC_MR,Edgepred_Gprompt+GPF-plus,0.5969±0.0000,0.7476±0.0000,0.5787±0.0000,0.6575±0.0000
Link,1shot,PTC_MR,Edgepred_Gprompt+Gprompt,0.5991±0.0000,0.7493±0.0000,0.5610±0.0000,0.6257±0.0000
Link,1shot,PTC_MR,Edgepred_Gprompt+GraphPrompter,0.5913±0.0000,0.7432±0.0000,0.5516±0.0000,0.6363±0.0000
Link,1shot,PTC_MR,Edgepred_Gprompt+None,0.5913±0.0000,0.7432±0.0000,0.5516±0.0000,0.6364±0.0000
Link,1shot,PTC_MR,Edgepred_Gprompt+PSP,0.5913±0.0000,0.7432±0.0000,0.5515±0.0000,0.6364±0.0000
Link,1shot,PTC_MR,Edgepred_Gprompt+ProNoG,0.5860±0.0000,0.7354±0.0000,0.5191±0.0000,0.5975±0.0000
Link,1shot,PTC_MR,Edgepred_Gprompt+SelfPro,0.5355±0.0000,0.6179±0.0000,0.4822±0.0000,0.5819±0.0000
Link,1shot,PTC_MR,Edgepred_Gprompt+UniPrompt,0.5948±0.0000,0.7459±0.0000,0.5670±0.0000,0.6456±0.0000
Link,1shot,PTC_MR,GraphCL+All-in-one,0.4031±0.0000,0.0000±0.0000,0.6284±0.0000,0.7055±0.0000
Link,1shot,PTC_MR,GraphCL+DAGPrompT,0.5462±0.0000,0.6879±0.0000,0.5008±0.0000,0.6103±0.0000
Link,1shot,PTC_MR,GraphCL+EdgePrompt,0.5733±0.0000,0.7267±0.0000,0.4826±0.0000,0.5887±0.0000
Link,1shot,PTC_MR,GraphCL+EdgePromptplus,0.5697±0.0000,0.7247±0.0000,0.4240±0.0000,0.5594±0.0000
Link,1shot,PTC_MR,GraphCL+GPF,0.5795±0.0000,0.7322±0.0000,0.4800±0.0000,0.6065±0.0000
Link,1shot,PTC_MR,GraphCL+GPF-plus,0.5760±0.0000,0.7289±0.0000,0.5110±0.0000,0.6267±0.0000
Link,1shot,PTC_MR,GraphCL+Gprompt,0.5307±0.0000,0.6655±0.0000,0.4769±0.0000,0.5858±0.0000
Link,1shot,PTC_MR,GraphCL+GraphPrompter,0.5190±0.0000,0.6611±0.0000,0.4793±0.0000,0.5853±0.0000
Link,1shot,PTC_MR,GraphCL+None,0.5190±0.0000,0.6611±0.0000,0.4793±0.0000,0.5853±0.0000
Link,1shot,PTC_MR,GraphCL+PSP,0.5190±0.0000,0.6611±0.0000,0.4793±0.0000,0.5853±0.0000
Link,1shot,PTC_MR,GraphCL+ProNoG,0.5273±0.0000,0.6539±0.0000,0.4791±0.0000,0.5906±0.0000
Link,1shot,PTC_MR,GraphCL+SelfPro,0.5118±0.0000,0.5977±0.0000,0.4739±0.0000,0.5821±0.0000
Link,1shot,PTC_MR,GraphCL+UniPrompt,0.5536±0.0000,0.6769±0.0000,0.4537±0.0000,0.5567±0.0000
Link,1shot,PTC_MR,GraphMAE+All-in-one,0.4031±0.0000,0.0000±0.0000,0.7544±0.0000,0.7890±0.0000
Link,1shot,PTC_MR,GraphMAE+DAGPrompT,0.5962±0.0000,0.7470±0.0000,0.5777±0.0000,0.6336±0.0000
Link,1shot,PTC_MR,GraphMAE+EdgePrompt,0.5931±0.0000,0.7446±0.0000,0.4941±0.0000,0.5962±0.0000
Link,1shot,PTC_MR,GraphMAE+EdgePromptplus,0.5991±0.0000,0.7493±0.0000,0.4941±0.0000,0.5962±0.0000
Link,1shot,PTC_MR,GraphMAE+GPF,0.5962±0.0000,0.7470±0.0000,0.5913±0.0000,0.6748±0.0000
Link,1shot,PTC_MR,GraphMAE+GPF-plus,0.5969±0.0000,0.7476±0.0000,0.5800±0.0000,0.6573±0.0000
Link,1shot,PTC_MR,GraphMAE+Gprompt,0.5976±0.0000,0.7481±0.0000,0.5960±0.0000,0.6581±0.0000
Link,1shot,PTC_MR,GraphMAE+GraphPrompter,0.5969±0.0000,0.7476±0.0000,0.4959±0.0000,0.6463±0.0000
Link,1shot,PTC_MR,GraphMAE+None,0.5969±0.0000,0.7476±0.0000,0.4959±0.0000,0.6463±0.0000
Link,1shot,PTC_MR,GraphMAE+PSP,0.5969±0.0000,0.7476±0.0000,0.4959±0.0000,0.6463±0.0000
Link,1shot,PTC_MR,GraphMAE+ProNoG,0.5991±0.0000,0.7493±0.0000,0.5444±0.0000,0.6215±0.0000
Link,1shot,PTC_MR,GraphMAE+SelfPro,0.5177±0.0000,0.6264±0.0000,0.4794±0.0000,0.5795±0.0000
Link,1shot,PTC_MR,GraphMAE+UniPrompt,0.5969±0.0000,0.7476±0.0000,0.5203±0.0000,0.6338±0.0000
Link,1shot,PTC_MR,None+All-in-one,0.4031±0.0000,0.0000±0.0000,0.7082±0.0000,0.7472±0.0000
Link,1shot,PTC_MR,None+DAGPrompT,0.5962±0.0000,0.7470±0.0000,0.5371±0.0000,0.6088±0.0000
Link,1shot,PTC_MR,None+EdgePrompt,0.5955±0.0000,0.7465±0.0000,0.4965±0.0000,0.5938±0.0000
Link,1shot,PTC_MR,None+EdgePromptplus,0.5991±0.0000,0.7493±0.0000,0.5000±0.0000,0.5991±0.0000
Link,1shot,PTC_MR,None+GPF,0.5955±0.0000,0.7465±0.0000,0.5722±0.0000,0.6366±0.0000
Link,1shot,PTC_MR,None+GPF-plus,0.5969±0.0000,0.7476±0.0000,0.5273±0.0000,0.6516±0.0000
Link,1shot,PTC_MR,None+Gprompt,0.5991±0.0000,0.7493±0.0000,0.5811±0.0000,0.6624±0.0000
Link,1shot,PTC_MR,None+GraphPrompter,0.5794±0.0000,0.7313±0.0000,0.5088±0.0000,0.5913±0.0000
Link,1shot,PTC_MR,None+None,0.5794±0.0000,0.7313±0.0000,0.5088±0.0000,0.5913±0.0000
Link,1shot,PTC_MR,None+PSP,0.5794±0.0000,0.7313±0.0000,0.5088±0.0000,0.5913±0.0000
Link,1shot,PTC_MR,None+ProNoG,0.5991±0.0000,0.7493±0.0000,0.5690±0.0000,0.6448±0.0000
Link,1shot,PTC_MR,None+SelfPro,0.5379±0.0000,0.6341±0.0000,0.4980±0.0000,0.6010±0.0000
Link,1shot,PTC_MR,None+UniPrompt,0.5314±0.0000,0.6877±0.0000,0.5372±0.0000,0.6681±0.0000
Link,1shot,PTC_MR,SimGRACE+All-in-one,0.4031±0.0000,0.0000±0.0000,0.7226±0.0000,0.7830±0.0000
Link,1shot,PTC_MR,SimGRACE+DAGPrompT,0.5147±0.0000,0.6485±0.0000,0.4934±0.0000,0.5983±0.0000
Link,1shot,PTC_MR,SimGRACE+EdgePrompt,0.5343±0.0000,0.6907±0.0000,0.4508±0.0000,0.5733±0.0000
Link,1shot,PTC_MR,SimGRACE+EdgePromptplus,0.4740±0.0000,0.6100±0.0000,0.4208±0.0000,0.5586±0.0000
Link,1shot,PTC_MR,SimGRACE+GPF,0.5733±0.0000,0.7271±0.0000,0.4555±0.0000,0.5366±0.0000
Link,1shot,PTC_MR,SimGRACE+GPF-plus,0.5453±0.0000,0.7003±0.0000,0.5278±0.0000,0.6082±0.0000
Link,1shot,PTC_MR,SimGRACE+Gprompt,0.5291±0.0000,0.6621±0.0000,0.5085±0.0000,0.6053±0.0000
Link,1shot,PTC_MR,SimGRACE+GraphPrompter,0.5166±0.0000,0.6571±0.0000,0.4886±0.0000,0.5953±0.0000
Link,1shot,PTC_MR,SimGRACE+None,0.5166±0.0000,0.6571±0.0000,0.4886±0.0000,0.5953±0.0000
Link,1shot,PTC_MR,SimGRACE+PSP,0.5166±0.0000,0.6571±0.0000,0.4886±0.0000,0.5953±0.0000
Link,1shot,PTC_MR,SimGRACE+ProNoG,0.5300±0.0000,0.6655±0.0000,0.4874±0.0000,0.5936±0.0000
Link,1shot,PTC_MR,SimGRACE+SelfPro,0.5047±0.0000,0.6057±0.0000,0.4731±0.0000,0.5819±0.0000
Link,1shot,PTC_MR,SimGRACE+UniPrompt,0.5301±0.0000,0.6655±0.0000,0.5389±0.0000,0.6388±0.0000
Link,1shot,PubMed,DGI+All-in-one,0.5000±0.0000,0.6667±0.0000,0.2982±0.0000,0.3946±0.0000
Link,1shot,PubMed,DGI+DAGPrompT,0.5000±0.0000,0.6667±0.0000,0.8998±0.0000,0.8810±0.0000
Link,1shot,PubMed,DGI+EdgePrompt,0.4999±0.0000,0.6664±0.0000,0.5024±0.0000,0.5011±0.0000
Link,1shot,PubMed,DGI+EdgePromptplus,0.4252±0.0000,0.5781±0.0000,0.6135±0.0000,0.6152±0.0000
Link,1shot,PubMed,DGI+GPF,0.5000±0.0000,0.6667±0.0000,0.8902±0.0000,0.8742±0.0000
Link,1shot,PubMed,DGI+GPF-plus,0.5000±0.0000,0.6667±0.0000,0.8870±0.0000,0.8712±0.0000
Link,1shot,PubMed,DGI+Gprompt,0.5000±0.0000,0.6667±0.0000,0.8965±0.0000,0.8816±0.0000
Link,1shot,PubMed,DGI+GraphPrompter,0.5000±0.0000,0.6667±0.0000,0.9003±0.0000,0.8872±0.0000
Link,1shot,PubMed,DGI+None,0.5000±0.0000,0.6667±0.0000,0.9003±0.0000,0.8872±0.0000
Link,1shot,PubMed,DGI+PSP,0.5000±0.0000,0.6667±0.0000,0.9003±0.0000,0.8872±0.0000
Link,1shot,PubMed,DGI+ProNoG,0.5000±0.0000,0.6667±0.0000,0.8845±0.0000,0.8673±0.0000
Link,1shot,PubMed,DGI+SelfPro,0.5115±0.0000,0.6687±0.0000,0.6621±0.0000,0.6878±0.0000
Link,1shot,PubMed,DGI+UniPrompt,0.5000±0.0000,0.6667±0.0000,0.8709±0.0000,0.8653±0.0000
Link,1shot,PubMed,Edgepred_GPPT+All-in-one,0.5000±0.0000,0.6667±0.0000,0.6657±0.0000,0.7049±0.0000
Link,1shot,PubMed,Edgepred_GPPT+DAGPrompT,0.5000±0.0000,0.6667±0.0000,0.8405±0.0000,0.8649±0.0000
Link,1shot,PubMed,Edgepred_GPPT+EdgePrompt,0.5011±0.0000,0.6667±0.0000,0.5090±0.0000,0.5046±0.0000
Link,1shot,PubMed,Edgepred_GPPT+EdgePromptplus,0.4495±0.0000,0.5848±0.0000,0.6655±0.0000,0.7013±0.0000
Link,1shot,PubMed,Edgepred_GPPT+GPF,0.4985±0.0000,0.6649±0.0000,0.8508±0.0000,0.8412±0.0000
Link,1shot,PubMed,Edgepred_GPPT+GPF-plus,0.5000±0.0000,0.6667±0.0000,0.6849±0.0000,0.6723±0.0000
Link,1shot,PubMed,Edgepred_GPPT+Gprompt,0.5000±0.0000,0.6667±0.0000,0.9213±0.0000,0.9176±0.0000
Link,1shot,PubMed,Edgepred_GPPT+GraphPrompter,0.5000±0.0000,0.6667±0.0000,0.7181±0.0000,0.6821±0.0000
Link,1shot,PubMed,Edgepred_GPPT+None,0.5000±0.0000,0.6667±0.0000,0.7181±0.0000,0.6821±0.0000
Link,1shot,PubMed,Edgepred_GPPT+PSP,0.5000±0.0000,0.6667±0.0000,0.7181±0.0000,0.6821±0.0000
Link,1shot,PubMed,Edgepred_GPPT+ProNoG,0.5000±0.0000,0.6667±0.0000,0.9390±0.0000,0.9357±0.0000
Link,1shot,PubMed,Edgepred_GPPT+SelfPro,0.6273±0.0000,0.7256±0.0000,0.8350±0.0000,0.7835±0.0000
Link,1shot,PubMed,Edgepred_GPPT+UniPrompt,0.5000±0.0000,0.6667±0.0000,0.7625±0.0000,0.7406±0.0000
Link,1shot,PubMed,Edgepred_Gprompt+All-in-one,0.5000±0.0000,0.6667±0.0000,0.3870±0.0000,0.5203±0.0000
Link,1shot,PubMed,Edgepred_Gprompt+DAGPrompT,0.5000±0.0000,0.6667±0.0000,0.8810±0.0000,0.8644±0.0000
Link,1shot,PubMed,Edgepred_Gprompt+EdgePrompt,0.4958±0.0000,0.6611±0.0000,0.4988±0.0000,0.4994±0.0000
Link,1shot,PubMed,Edgepred_Gprompt+EdgePromptplus,0.4640±0.0000,0.6240±0.0000,0.6816±0.0000,0.7398±0.0000
Link,1shot,PubMed,Edgepred_Gprompt+GPF,0.5000±0.0000,0.6667±0.0000,0.8841±0.0000,0.8705±0.0000
Link,1shot,PubMed,Edgepred_Gprompt+GPF-plus,0.5000±0.0000,0.6667±0.0000,0.8870±0.0000,0.8721±0.0000
Link,1shot,PubMed,Edgepred_Gprompt+Gprompt,0.5000±0.0000,0.6667±0.0000,0.8342±0.0000,0.8344±0.0000
Link,1shot,PubMed,Edgepred_Gprompt+GraphPrompter,0.6697±0.0000,0.7455±0.0000,0.8667±0.0000,0.8706±0.0000
Link,1shot,PubMed,Edgepred_Gprompt+None,0.6697±0.0000,0.7455±0.0000,0.8667±0.0000,0.8706±0.0000
Link,1shot,PubMed,Edgepred_Gprompt+PSP,0.6697±0.0000,0.7455±0.0000,0.8667±0.0000,0.8706±0.0000
Link,1shot,PubMed,Edgepred_Gprompt+ProNoG,0.5000±0.0000,0.6667±0.0000,0.8280±0.0000,0.8326±0.0000
Link,1shot,PubMed,Edgepred_Gprompt+SelfPro,0.6831±0.0000,0.7510±0.0000,0.8513±0.0000,0.8394±0.0000
Link,1shot,PubMed,Edgepred_Gprompt+UniPrompt,0.6845±0.0000,0.7526±0.0000,0.8346±0.0000,0.8307±0.0000
Link,1shot,PubMed,GraphCL+All-in-one,0.5000±0.0000,0.6667±0.0000,0.6985±0.0000,0.7168±0.0000
Link,1shot,PubMed,GraphCL+DAGPrompT,0.5889±0.0000,0.7056±0.0000,0.8419±0.0000,0.8510±0.0000
Link,1shot,PubMed,GraphCL+EdgePrompt,0.4764±0.0000,0.6368±0.0000,0.4699±0.0000,0.4847±0.0000
Link,1shot,PubMed,GraphCL+EdgePromptplus,0.4560±0.0000,0.6170±0.0000,0.5324±0.0000,0.5271±0.0000
Link,1shot,PubMed,GraphCL+GPF,0.5000±0.0000,0.6667±0.0000,0.8845±0.0000,0.8704±0.0000
Link,1shot,PubMed,GraphCL+GPF-plus,0.5000±0.0000,0.6667±0.0000,0.9022±0.0000,0.8811±0.0000
Link,1shot,PubMed,GraphCL+Gprompt,0.6027±0.0000,0.7124±0.0000,0.8634±0.0000,0.8699±0.0000
Link,1shot,PubMed,GraphCL+GraphPrompter,0.7184±0.0000,0.7688±0.0000,0.8771±0.0000,0.8863±0.0000
Link,1shot,PubMed,GraphCL+None,0.7184±0.0000,0.7688±0.0000,0.8771±0.0000,0.8863±0.0000
Link,1shot,PubMed,GraphCL+PSP,0.7184±0.0000,0.7688±0.0000,0.8771±0.0000,0.8863±0.0000
Link,1shot,PubMed,GraphCL+ProNoG,0.6459±0.0000,0.7293±0.0000,0.8372±0.0000,0.8487±0.0000
Link,1shot,PubMed,GraphCL+SelfPro,0.6937±0.0000,0.7512±0.0000,0.8189±0.0000,0.8053±0.0000
Link,1shot,PubMed,GraphCL+UniPrompt,0.7181±0.0000,0.7682±0.0000,0.8523±0.0000,0.8527±0.0000
Link,1shot,PubMed,GraphMAE+All-in-one,0.5000±0.0000,0.6667±0.0000,0.5582±0.0000,0.6606±0.0000
Link,1shot,PubMed,GraphMAE+DAGPrompT,0.5000±0.0000,0.6667±0.0000,0.8862±0.0000,0.8689±0.0000
Link,1shot,PubMed,GraphMAE+EdgePrompt,0.4900±0.0000,0.6541±0.0000,0.4874±0.0000,0.4936±0.0000
Link,1shot,PubMed,GraphMAE+EdgePromptplus,0.4958±0.0000,0.6583±0.0000,0.6855±0.0000,0.7148±0.0000
Link,1shot,PubMed,GraphMAE+GPF,0.5000±0.0000,0.6667±0.0000,0.8889±0.0000,0.8753±0.0000
Link,1shot,PubMed,GraphMAE+GPF-plus,0.5000±0.0000,0.6667±0.0000,0.8926±0.0000,0.8760±0.0000
Link,1shot,PubMed,GraphMAE+Gprompt,0.5000±0.0000,0.6667±0.0000,0.8747±0.0000,0.8645±0.0000
Link,1shot,PubMed,GraphMAE+GraphPrompter,0.6203±0.0000,0.7237±0.0000,0.8843±0.0000,0.8852±0.0000
Link,1shot,PubMed,GraphMAE+None,0.6203±0.0000,0.7237±0.0000,0.8843±0.0000,0.8852±0.0000
Link,1shot,PubMed,GraphMAE+PSP,0.6203±0.0000,0.7237±0.0000,0.8843±0.0000,0.8852±0.0000
Link,1shot,PubMed,GraphMAE+ProNoG,0.5000±0.0000,0.6667±0.0000,0.8703±0.0000,0.8622±0.0000
Link,1shot,PubMed,GraphMAE+SelfPro,0.7134±0.0000,0.7694±0.0000,0.8672±0.0000,0.8498±0.0000
Link,1shot,PubMed,GraphMAE+UniPrompt,0.7044±0.0000,0.7637±0.0000,0.8279±0.0000,0.8174±0.0000
Link,1shot,PubMed,None+All-in-one,0.5000±0.0000,0.6667±0.0000,0.2644±0.0000,0.3718±0.0000
Link,1shot,PubMed,None+DAGPrompT,0.5000±0.0000,0.6667±0.0000,0.8926±0.0000,0.8695±0.0000
Link,1shot,PubMed,None+EdgePrompt,0.4868±0.0000,0.6370±0.0000,0.5852±0.0000,0.5757±0.0000
Link,1shot,PubMed,None+EdgePromptplus,0.5000±0.0000,0.6667±0.0000,0.6890±0.0000,0.7422±0.0000
Link,1shot,PubMed,None+GPF,0.5000±0.0000,0.6667±0.0000,0.8858±0.0000,0.8706±0.0000
Link,1shot,PubMed,None+GPF-plus,0.5000±0.0000,0.6667±0.0000,0.8920±0.0000,0.8756±0.0000
Link,1shot,PubMed,None+Gprompt,0.5000±0.0000,0.6667±0.0000,0.8890±0.0000,0.8694±0.0000
Link,1shot,PubMed,None+GraphPrompter,0.5000±0.0000,0.6667±0.0000,0.8922±0.0000,0.8709±0.0000
Link,1shot,PubMed,None+None,0.5000±0.0000,0.6667±0.0000,0.8922±0.0000,0.8709±0.0000
Link,1shot,PubMed,None+PSP,0.5000±0.0000,0.6667±0.0000,0.8922±0.0000,0.8709±0.0000
Link,1shot,PubMed,None+ProNoG,0.5000±0.0000,0.6667±0.0000,0.8908±0.0000,0.8686±0.0000
Link,1shot,PubMed,None+SelfPro,0.5000±0.0000,0.6667±0.0000,0.6107±0.0000,0.6570±0.0000
Link,1shot,PubMed,None+UniPrompt,0.5000±0.0000,0.6667±0.0000,0.8572±0.0000,0.8351±0.0000
Link,1shot,PubMed,SimGRACE+All-in-one,0.5000±0.0000,0.6667±0.0000,0.7149±0.0000,0.7263±0.0000
Link,1shot,PubMed,SimGRACE+DAGPrompT,0.5000±0.0000,0.6667±0.0000,0.8841±0.0000,0.8681±0.0000
Link,1shot,PubMed,SimGRACE+EdgePrompt,0.4959±0.0000,0.6612±0.0000,0.4958±0.0000,0.4979±0.0000
Link,1shot,PubMed,SimGRACE+EdgePromptplus,0.4868±0.0000,0.6514±0.0000,0.4868±0.0000,0.4935±0.0000
Link,1shot,PubMed,SimGRACE+GPF,0.5000±0.0000,0.6667±0.0000,0.8730±0.0000,0.8518±0.0000
Link,1shot,PubMed,SimGRACE+GPF-plus,0.5000±0.0000,0.6667±0.0000,0.8669±0.0000,0.8595±0.0000
Link,1shot,PubMed,SimGRACE+Gprompt,0.5150±0.0000,0.6730±0.0000,0.8482±0.0000,0.8446±0.0000
Link,1shot,PubMed,SimGRACE+GraphPrompter,0.5300±0.0000,0.6778±0.0000,0.7564±0.0000,0.6956±0.0000
Link,1shot,PubMed,SimGRACE+None,0.5300±0.0000,0.6778±0.0000,0.7564±0.0000,0.6956±0.0000
Link,1shot,PubMed,SimGRACE+PSP,0.5300±0.0000,0.6778±0.0000,0.7564±0.0000,0.6956±0.0000
Link,1shot,PubMed,SimGRACE+ProNoG,0.5142±0.0000,0.6724±0.0000,0.8432±0.0000,0.8356±0.0000
Link,1shot,PubMed,SimGRACE+SelfPro,0.6035±0.0000,0.7049±0.0000,0.7374±0.0000,0.7147±0.0000
Link,1shot,PubMed,SimGRACE+UniPrompt,0.5630±0.0000,0.6927±0.0000,0.6990±0.0000,0.6411±0.0000
Link,1shot,Wisconsin,DGI+All-in-one,0.4167±0.0000,0.1250±0.0000,0.2865±0.0000,0.4360±0.0000
Link,1shot,Wisconsin,DGI+DAGPrompT,0.5000±0.0000,0.6571±0.0000,0.6458±0.0000,0.6646±0.0000
Link,1shot,Wisconsin,DGI+EdgePrompt,0.4375±0.0000,0.5424±0.0000,0.5339±0.0000,0.5524±0.0000
Link,1shot,Wisconsin,DGI+EdgePromptplus,0.4375±0.0000,0.5574±0.0000,0.4531±0.0000,0.4712±0.0000
Link,1shot,Wisconsin,DGI+GPF,0.5208±0.0000,0.6761±0.0000,0.6832±0.0000,0.6389±0.0000
Link,1shot,Wisconsin,DGI+GPF-plus,0.5417±0.0000,0.6857±0.0000,0.6207±0.0000,0.5754±0.0000
Link,1shot,Wisconsin,DGI+Gprompt,0.5000±0.0000,0.6667±0.0000,0.6372±0.0000,0.6766±0.0000
Link,1shot,Wisconsin,DGI+GraphPrompter,0.6042±0.0000,0.7164±0.0000,0.7847±0.0000,0.7215±0.0000
Link,1shot,Wisconsin,DGI+None,0.6042±0.0000,0.7164±0.0000,0.7847±0.0000,0.7215±0.0000
Link,1shot,Wisconsin,DGI+PSP,0.6042±0.0000,0.7164±0.0000,0.7847±0.0000,0.7215±0.0000
Link,1shot,Wisconsin,DGI+ProNoG,0.5417±0.0000,0.6765±0.0000,0.8542±0.0000,0.8698±0.0000
Link,1shot,Wisconsin,DGI+SelfPro,0.5208±0.0000,0.6567±0.0000,0.5590±0.0000,0.6092±0.0000
Link,1shot,Wisconsin,DGI+UniPrompt,0.5833±0.0000,0.7059±0.0000,0.6597±0.0000,0.5929±0.0000
Link,1shot,Wisconsin,Edgepred_GPPT+All-in-one,0.3750±0.0000,0.2105±0.0000,0.3351±0.0000,0.4733±0.0000
Link,1shot,Wisconsin,Edgepred_GPPT+DAGPrompT,0.6667±0.0000,0.7143±0.0000,0.7674±0.0000,0.7668±0.0000
Link,1shot,Wisconsin,Edgepred_GPPT+EdgePrompt,0.5208±0.0000,0.6349±0.0000,0.6311±0.0000,0.6159±0.0000
Link,1shot,Wisconsin,Edgepred_GPPT+EdgePromptplus,0.5625±0.0000,0.6866±0.0000,0.6354±0.0000,0.5968±0.0000
Link,1shot,Wisconsin,Edgepred_GPPT+GPF,0.5417±0.0000,0.6857±0.0000,0.6788±0.0000,0.6104±0.0000
Link,1shot,Wisconsin,Edgepred_GPPT+GPF-plus,0.6042±0.0000,0.7164±0.0000,0.7274±0.0000,0.6475±0.0000
Link,1shot,Wisconsin,Edgepred_GPPT+Gprompt,0.5833±0.0000,0.7059±0.0000,0.8186±0.0000,0.8012±0.0000
Link,1shot,Wisconsin,Edgepred_GPPT+GraphPrompter,0.5833±0.0000,0.6875±0.0000,0.6884±0.0000,0.6274±0.0000
Link,1shot,Wisconsin,Edgepred_GPPT+None,0.5833±0.0000,0.6875±0.0000,0.6884±0.0000,0.6274±0.0000
Link,1shot,Wisconsin,Edgepred_GPPT+PSP,0.5833±0.0000,0.6875±0.0000,0.6884±0.0000,0.6274±0.0000
Link,1shot,Wisconsin,Edgepred_GPPT+ProNoG,0.6250±0.0000,0.7000±0.0000,0.7569±0.0000,0.7551±0.0000
Link,1shot,Wisconsin,Edgepred_GPPT+SelfPro,0.6458±0.0000,0.6792±0.0000,0.7326±0.0000,0.7923±0.0000
Link,1shot,Wisconsin,Edgepred_GPPT+UniPrompt,0.5833±0.0000,0.6970±0.0000,0.6198±0.0000,0.5719±0.0000
Link,1shot,Wisconsin,Edgepred_Gprompt+All-in-one,0.5000±0.0000,0.0000±0.0000,0.4514±0.0000,0.5598±0.0000
Link,1shot,Wisconsin,Edgepred_Gprompt+DAGPrompT,0.5000±0.0000,0.6667±0.0000,0.7882±0.0000,0.8054±0.0000
Link,1shot,Wisconsin,Edgepred_Gprompt+EdgePrompt,0.5208±0.0000,0.6567±0.0000,0.6224±0.0000,0.5869±0.0000
Link,1shot,Wisconsin,Edgepred_Gprompt+EdgePromptplus,0.5000±0.0000,0.6667±0.0000,0.6458±0.0000,0.5803±0.0000
Link,1shot,Wisconsin,Edgepred_Gprompt+GPF,0.5000±0.0000,0.6667±0.0000,0.7517±0.0000,0.7015±0.0000
Link,1shot,Wisconsin,Edgepred_Gprompt+GPF-plus,0.5208±0.0000,0.6667±0.0000,0.7743±0.0000,0.7405±0.0000
Link,1shot,Wisconsin,Edgepred_Gprompt+Gprompt,0.6250±0.0000,0.7188±0.0000,0.7865±0.0000,0.7890±0.0000
Link,1shot,Wisconsin,Edgepred_Gprompt+GraphPrompter,0.5000±0.0000,0.6667±0.0000,0.7535±0.0000,0.7000±0.0000
Link,1shot,Wisconsin,Edgepred_Gprompt+None,0.5000±0.0000,0.6667±0.0000,0.7535±0.0000,0.7000±0.0000
Link,1shot,Wisconsin,Edgepred_Gprompt+PSP,0.5000±0.0000,0.6667±0.0000,0.7535±0.0000,0.7000±0.0000
Link,1shot,Wisconsin,Edgepred_Gprompt+ProNoG,0.5625±0.0000,0.6957±0.0000,0.8247±0.0000,0.8213±0.0000
Link,1shot,Wisconsin,Edgepred_Gprompt+SelfPro,0.5833±0.0000,0.7059±0.0000,0.6684±0.0000,0.7275±0.0000
Link,1shot,Wisconsin,Edgepred_Gprompt+UniPrompt,0.5208±0.0000,0.6761±0.0000,0.7665±0.0000,0.7533±0.0000
Link,1shot,Wisconsin,GraphCL+All-in-one,0.5208±0.0000,0.6667±0.0000,0.5243±0.0000,0.5970±0.0000
Link,1shot,Wisconsin,GraphCL+DAGPrompT,0.6250±0.0000,0.7188±0.0000,0.7500±0.0000,0.7959±0.0000
Link,1shot,Wisconsin,GraphCL+EdgePrompt,0.6042±0.0000,0.6415±0.0000,0.6042±0.0000,0.5611±0.0000
Link,1shot,Wisconsin,GraphCL+EdgePromptplus,0.6042±0.0000,0.6545±0.0000,0.6042±0.0000,0.5605±0.0000
Link,1shot,Wisconsin,GraphCL+GPF,0.5208±0.0000,0.6230±0.0000,0.5208±0.0000,0.5107±0.0000
Link,1shot,Wisconsin,GraphCL+GPF-plus,0.5417±0.0000,0.6452±0.0000,0.5417±0.0000,0.5219±0.0000
Link,1shot,Wisconsin,GraphCL+Gprompt,0.6250±0.0000,0.7097±0.0000,0.6892±0.0000,0.6215±0.0000
Link,1shot,Wisconsin,GraphCL+GraphPrompter,0.6875±0.0000,0.7368±0.0000,0.6849±0.0000,0.6193±0.0000
Link,1shot,Wisconsin,GraphCL+None,0.6875±0.0000,0.7368±0.0000,0.6849±0.0000,0.6193±0.0000
Link,1shot,Wisconsin,GraphCL+PSP,0.6875±0.0000,0.7368±0.0000,0.6849±0.0000,0.6193±0.0000
Link,1shot,Wisconsin,GraphCL+ProNoG,0.7708±0.0000,0.8136±0.0000,0.7378±0.0000,0.6517±0.0000
Link,1shot,Wisconsin,GraphCL+SelfPro,0.4583±0.0000,0.5517±0.0000,0.5955±0.0000,0.6471±0.0000
Link,1shot,Wisconsin,GraphCL+UniPrompt,0.6667±0.0000,0.7037±0.0000,0.6667±0.0000,0.6056±0.0000
Link,1shot,Wisconsin,GraphMAE+All-in-one,0.4792±0.0000,0.6479±0.0000,0.4861±0.0000,0.5736±0.0000
Link,1shot,Wisconsin,GraphMAE+DAGPrompT,0.5000±0.0000,0.6667±0.0000,0.7899±0.0000,0.7991±0.0000
Link,1shot,Wisconsin,GraphMAE+EdgePrompt,0.4167±0.0000,0.5758±0.0000,0.5243±0.0000,0.5136±0.0000
Link,1shot,Wisconsin,GraphMAE+EdgePromptplus,0.4583±0.0000,0.5938±0.0000,0.5799±0.0000,0.5785±0.0000
Link,1shot,Wisconsin,GraphMAE+GPF,0.5417±0.0000,0.6857±0.0000,0.7743±0.0000,0.7076±0.0000
Link,1shot,Wisconsin,GraphMAE+GPF-plus,0.5833±0.0000,0.6875±0.0000,0.7292±0.0000,0.7242±0.0000
Link,1shot,Wisconsin,GraphMAE+Gprompt,0.5833±0.0000,0.7059±0.0000,0.8108±0.0000,0.7918±0.0000
Link,1shot,Wisconsin,GraphMAE+GraphPrompter,0.6042±0.0000,0.7164±0.0000,0.7569±0.0000,0.6963±0.0000
Link,1shot,Wisconsin,GraphMAE+None,0.6042±0.0000,0.7164±0.0000,0.7569±0.0000,0.6963±0.0000
Link,1shot,Wisconsin,GraphMAE+PSP,0.6042±0.0000,0.7164±0.0000,0.7569±0.0000,0.6963±0.0000
Link,1shot,Wisconsin,GraphMAE+ProNoG,0.6250±0.0000,0.7273±0.0000,0.8455±0.0000,0.8638±0.0000
Link,1shot,Wisconsin,GraphMAE+SelfPro,0.6667±0.0000,0.7143±0.0000,0.7743±0.0000,0.8180±0.0000
Link,1shot,Wisconsin,GraphMAE+UniPrompt,0.6458±0.0000,0.7302±0.0000,0.7951±0.0000,0.7520±0.0000
Link,1shot,Wisconsin,None+All-in-one,0.5000±0.0000,0.0000±0.0000,0.2865±0.0000,0.4465±0.0000
Link,1shot,Wisconsin,None+DAGPrompT,0.5000±0.0000,0.6667±0.0000,0.7708±0.0000,0.7898±0.0000
Link,1shot,Wisconsin,None+EdgePrompt,0.5833±0.0000,0.6970±0.0000,0.6667±0.0000,0.6047±0.0000
Link,1shot,Wisconsin,None+EdgePromptplus,0.4792±0.0000,0.5098±0.0000,0.4609±0.0000,0.5034±0.0000
Link,1shot,Wisconsin,None+GPF,0.5208±0.0000,0.6761±0.0000,0.7465±0.0000,0.7465±0.0000
Link,1shot,Wisconsin,None+GPF-plus,0.5417±0.0000,0.6765±0.0000,0.7726±0.0000,0.8078±0.0000
Link,1shot,Wisconsin,None+Gprompt,0.6250±0.0000,0.7188±0.0000,0.8194±0.0000,0.8320±0.0000
Link,1shot,Wisconsin,None+GraphPrompter,0.5208±0.0000,0.6761±0.0000,0.7517±0.0000,0.7731±0.0000
Link,1shot,Wisconsin,None+None,0.5208±0.0000,0.6761±0.0000,0.7517±0.0000,0.7731±0.0000
Link,1shot,Wisconsin,None+PSP,0.5208±0.0000,0.6761±0.0000,0.7517±0.0000,0.7731±0.0000
Link,1shot,Wisconsin,None+ProNoG,0.5625±0.0000,0.6866±0.0000,0.8003±0.0000,0.8190±0.0000
Link,1shot,Wisconsin,None+SelfPro,0.5000±0.0000,0.6667±0.0000,0.6875±0.0000,0.7440±0.0000
Link,1shot,Wisconsin,None+UniPrompt,0.4792±0.0000,0.6479±0.0000,0.7274±0.0000,0.7154±0.0000
Link,1shot,Wisconsin,SimGRACE+All-in-one,0.5000±0.0000,0.0000±0.0000,0.2691±0.0000,0.3809±0.0000
Link,1shot,Wisconsin,SimGRACE+DAGPrompT,0.5417±0.0000,0.6857±0.0000,0.6050±0.0000,0.6607±0.0000
Link,1shot,Wisconsin,SimGRACE+EdgePrompt,0.5208±0.0000,0.6102±0.0000,0.5747±0.0000,0.5698±0.0000
Link,1shot,Wisconsin,SimGRACE+EdgePromptplus,0.5417±0.0000,0.6333±0.0000,0.6354±0.0000,0.6884±0.0000
Link,1shot,Wisconsin,SimGRACE+GPF,0.5000±0.0000,0.6667±0.0000,0.7274±0.0000,0.7610±0.0000
Link,1shot,Wisconsin,SimGRACE+GPF-plus,0.5000±0.0000,0.6667±0.0000,0.7431±0.0000,0.7245±0.0000
Link,1shot,Wisconsin,SimGRACE+Gprompt,0.5000±0.0000,0.6667±0.0000,0.7483±0.0000,0.7708±0.0000
Link,1shot,Wisconsin,SimGRACE+GraphPrompter,0.5000±0.0000,0.6667±0.0000,0.7135±0.0000,0.7397±0.0000
Link,1shot,Wisconsin,SimGRACE+None,0.5000±0.0000,0.6667±0.0000,0.7135±0.0000,0.7397±0.0000
Link,1shot,Wisconsin,SimGRACE+PSP,0.5000±0.0000,0.6667±0.0000,0.7135±0.0000,0.7397±0.0000
Link,1shot,Wisconsin,SimGRACE+ProNoG,0.5000±0.0000,0.6667±0.0000,0.6979±0.0000,0.7402±0.0000
Link,1shot,Wisconsin,SimGRACE+SelfPro,0.5000±0.0000,0.6667±0.0000,0.6701±0.0000,0.7049±0.0000
Link,1shot,Wisconsin,SimGRACE+UniPrompt,0.5000±0.0000,0.6667±0.0000,0.6997±0.0000,0.7221±0.0000
Link,3shot,CiteSeer,DGI+All-in-one,0.5000±0.0000,0.6667±0.0000,0.5832±0.0000,0.6384±0.0000
Link,3shot,CiteSeer,DGI+DAGPrompT,0.5000±0.0000,0.6667±0.0000,0.6628±0.0000,0.6886±0.0000
Link,3shot,CiteSeer,DGI+EdgePrompt,0.4582±0.0000,0.6121±0.0000,0.5455±0.0000,0.6287±0.0000
Link,3shot,CiteSeer,DGI+EdgePromptplus,0.4582±0.0000,0.6097±0.0000,0.5623±0.0000,0.6531±0.0000
Link,3shot,CiteSeer,DGI+GPF,0.5000±0.0000,0.6667±0.0000,0.6403±0.0000,0.6418±0.0000
Link,3shot,CiteSeer,DGI+GPF-plus,0.5000±0.0000,0.6667±0.0000,0.7036±0.0000,0.7026±0.0000
Link,3shot,CiteSeer,DGI+Gprompt,0.5000±0.0000,0.6667±0.0000,0.6519±0.0000,0.6818±0.0000
Link,3shot,CiteSeer,DGI+GraphPrompter,0.5912±0.0000,0.7014±0.0000,0.7260±0.0000,0.7316±0.0000
Link,3shot,CiteSeer,DGI+None,0.5912±0.0000,0.7014±0.0000,0.7260±0.0000,0.7316±0.0000
Link,3shot,CiteSeer,DGI+PSP,0.5912±0.0000,0.7014±0.0000,0.7260±0.0000,0.7316±0.0000
Link,3shot,CiteSeer,DGI+ProNoG,0.5000±0.0000,0.6667±0.0000,0.6480±0.0000,0.6803±0.0000
Link,3shot,CiteSeer,DGI+SelfPro,0.5681±0.0000,0.6494±0.0000,0.6613±0.0000,0.7115±0.0000
Link,3shot,CiteSeer,DGI+UniPrompt,0.5901±0.0000,0.7023±0.0000,0.7423±0.0000,0.7570±0.0000
Link,3shot,CiteSeer,Edgepred_GPPT+All-in-one,0.5000±0.0000,0.6667±0.0000,0.5731±0.0000,0.6320±0.0000
Link,3shot,CiteSeer,Edgepred_GPPT+DAGPrompT,0.5000±0.0000,0.6667±0.0000,0.7393±0.0000,0.7345±0.0000
Link,3shot,CiteSeer,Edgepred_GPPT+EdgePrompt,0.4560±0.0000,0.6124±0.0000,0.6275±0.0000,0.6595±0.0000
Link,3shot,CiteSeer,Edgepred_GPPT+EdgePromptplus,0.4681±0.0000,0.6271±0.0000,0.5966±0.0000,0.6154±0.0000
Link,3shot,CiteSeer,Edgepred_GPPT+GPF,0.5000±0.0000,0.6667±0.0000,0.6291±0.0000,0.6271±0.0000
Link,3shot,CiteSeer,Edgepred_GPPT+GPF-plus,0.5000±0.0000,0.6667±0.0000,0.5649±0.0000,0.6175±0.0000
Link,3shot,CiteSeer,Edgepred_GPPT+Gprompt,0.5000±0.0000,0.6667±0.0000,0.7161±0.0000,0.7216±0.0000
Link,3shot,CiteSeer,Edgepred_GPPT+GraphPrompter,0.5000±0.0000,0.6667±0.0000,0.7786±0.0000,0.7682±0.0000
Link,3shot,CiteSeer,Edgepred_GPPT+None,0.5000±0.0000,0.6667±0.0000,0.7786±0.0000,0.7682±0.0000
Link,3shot,CiteSeer,Edgepred_GPPT+PSP,0.5000±0.0000,0.6667±0.0000,0.7786±0.0000,0.7682±0.0000
Link,3shot,CiteSeer,Edgepred_GPPT+ProNoG,0.5626±0.0000,0.6910±0.0000,0.7693±0.0000,0.7787±0.0000
Link,3shot,CiteSeer,Edgepred_GPPT+SelfPro,0.6736±0.0000,0.7415±0.0000,0.7785±0.0000,0.7636±0.0000
Link,3shot,CiteSeer,Edgepred_GPPT+UniPrompt,0.5000±0.0000,0.6667±0.0000,0.7925±0.0000,0.7709±0.0000
Link,3shot,CiteSeer,Edgepred_Gprompt+All-in-one,0.5000±0.0000,0.0000±0.0000,0.5460±0.0000,0.6046±0.0000
Link,3shot,CiteSeer,Edgepred_Gprompt+DAGPrompT,0.5000±0.0000,0.6667±0.0000,0.6381±0.0000,0.6497±0.0000
Link,3shot,CiteSeer,Edgepred_Gprompt+EdgePrompt,0.4462±0.0000,0.5955±0.0000,0.5519±0.0000,0.6492±0.0000
Link,3shot,CiteSeer,Edgepred_Gprompt+EdgePromptplus,0.5044±0.0000,0.6676±0.0000,0.5844±0.0000,0.6720±0.0000
Link,3shot,CiteSeer,Edgepred_Gprompt+GPF,0.5000±0.0000,0.6667±0.0000,0.6377±0.0000,0.6387±0.0000
Link,3shot,CiteSeer,Edgepred_Gprompt+GPF-plus,0.5000±0.0000,0.6667±0.0000,0.6311±0.0000,0.6357±0.0000
Link,3shot,CiteSeer,Edgepred_Gprompt+Gprompt,0.5000±0.0000,0.6667±0.0000,0.6240±0.0000,0.6496±0.0000
Link,3shot,CiteSeer,Edgepred_Gprompt+GraphPrompter,0.5000±0.0000,0.6667±0.0000,0.6131±0.0000,0.6453±0.0000
Link,3shot,CiteSeer,Edgepred_Gprompt+None,0.5000±0.0000,0.6667±0.0000,0.6131±0.0000,0.6453±0.0000
Link,3shot,CiteSeer,Edgepred_Gprompt+PSP,0.5000±0.0000,0.6667±0.0000,0.6131±0.0000,0.6453±0.0000
Link,3shot,CiteSeer,Edgepred_Gprompt+ProNoG,0.5000±0.0000,0.6667±0.0000,0.6212±0.0000,0.6488±0.0000
Link,3shot,CiteSeer,Edgepred_Gprompt+SelfPro,0.5220±0.0000,0.6751±0.0000,0.8479±0.0000,0.8630±0.0000
Link,3shot,CiteSeer,Edgepred_Gprompt+UniPrompt,0.5000±0.0000,0.6667±0.0000,0.5825±0.0000,0.6340±0.0000
Link,3shot,CiteSeer,GraphCL+All-in-one,0.5000±0.0000,0.0000±0.0000,0.4736±0.0000,0.5223±0.0000
Link,3shot,CiteSeer,GraphCL+DAGPrompT,0.5714±0.0000,0.6944±0.0000,0.7027±0.0000,0.6904±0.0000
Link,3shot,CiteSeer,GraphCL+EdgePrompt,0.4549±0.0000,0.6107±0.0000,0.4252±0.0000,0.4614±0.0000
Link,3shot,CiteSeer,GraphCL+EdgePromptplus,0.4846±0.0000,0.6466±0.0000,0.5631±0.0000,0.6036±0.0000
Link,3shot,CiteSeer,GraphCL+GPF,0.5000±0.0000,0.6667±0.0000,0.6496±0.0000,0.6420±0.0000
Link,3shot,CiteSeer,GraphCL+GPF-plus,0.5000±0.0000,0.6667±0.0000,0.6363±0.0000,0.6179±0.0000
Link,3shot,CiteSeer,GraphCL+Gprompt,0.5714±0.0000,0.6948±0.0000,0.6980±0.0000,0.6806±0.0000
Link,3shot,CiteSeer,GraphCL+GraphPrompter,0.6747±0.0000,0.7333±0.0000,0.7509±0.0000,0.7373±0.0000
Link,3shot,CiteSeer,GraphCL+None,0.6747±0.0000,0.7333±0.0000,0.7509±0.0000,0.7373±0.0000
Link,3shot,CiteSeer,GraphCL+PSP,0.6747±0.0000,0.7333±0.0000,0.7509±0.0000,0.7373±0.0000
Link,3shot,CiteSeer,GraphCL+ProNoG,0.5758±0.0000,0.6951±0.0000,0.6765±0.0000,0.6671±0.0000
Link,3shot,CiteSeer,GraphCL+SelfPro,0.6253±0.0000,0.7132±0.0000,0.7737±0.0000,0.7510±0.0000
Link,3shot,CiteSeer,GraphCL+UniPrompt,0.6780±0.0000,0.7363±0.0000,0.7519±0.0000,0.7306±0.0000
Link,3shot,CiteSeer,GraphMAE+All-in-one,0.5000±0.0000,0.0000±0.0000,0.5861±0.0000,0.6385±0.0000
Link,3shot,CiteSeer,GraphMAE+DAGPrompT,0.5000±0.0000,0.6667±0.0000,0.6384±0.0000,0.6442±0.0000
Link,3shot,CiteSeer,GraphMAE+EdgePrompt,0.4473±0.0000,0.5960±0.0000,0.5524±0.0000,0.6509±0.0000
Link,3shot,CiteSeer,GraphMAE+EdgePromptplus,0.4846±0.0000,0.6466±0.0000,0.5569±0.0000,0.6507±0.0000
Link,3shot,CiteSeer,GraphMAE+GPF,0.5000±0.0000,0.6667±0.0000,0.6371±0.0000,0.6379±0.0000
Link,3shot,CiteSeer,GraphMAE+GPF-plus,0.5000±0.0000,0.6667±0.0000,0.6372±0.0000,0.6378±0.0000
Link,3shot,CiteSeer,GraphMAE+Gprompt,0.5000±0.0000,0.6667±0.0000,0.6333±0.0000,0.6415±0.0000
Link,3shot,CiteSeer,GraphMAE+GraphPrompter,0.5000±0.0000,0.6667±0.0000,0.6318±0.0000,0.6420±0.0000
Link,3shot,CiteSeer,GraphMAE+None,0.5000±0.0000,0.6667±0.0000,0.6318±0.0000,0.6420±0.0000
Link,3shot,CiteSeer,GraphMAE+PSP,0.5000±0.0000,0.6667±0.0000,0.6318±0.0000,0.6420±0.0000
Link,3shot,CiteSeer,GraphMAE+ProNoG,0.5000±0.0000,0.6667±0.0000,0.6323±0.0000,0.6414±0.0000
Link,3shot,CiteSeer,GraphMAE+SelfPro,0.5000±0.0000,0.6667±0.0000,0.5872±0.0000,0.6750±0.0000
Link,3shot,CiteSeer,GraphMAE+UniPrompt,0.5000±0.0000,0.6667±0.0000,0.6184±0.0000,0.6400±0.0000
Link,3shot,CiteSeer,None+All-in-one,0.5000±0.0000,0.0000±0.0000,0.5711±0.0000,0.6237±0.0000
Link,3shot,CiteSeer,None+DAGPrompT,0.5000±0.0000,0.6667±0.0000,0.6458±0.0000,0.6294±0.0000
Link,3shot,CiteSeer,None+EdgePrompt,0.5000±0.0000,0.6667±0.0000,0.5484±0.0000,0.6473±0.0000
Link,3shot,CiteSeer,None+EdgePromptplus,0.4363±0.0000,0.5799±0.0000,0.5565±0.0000,0.6532±0.0000
Link,3shot,CiteSeer,None+GPF,0.5000±0.0000,0.6667±0.0000,0.6378±0.0000,0.6388±0.0000
Link,3shot,CiteSeer,None+GPF-plus,0.5000±0.0000,0.6667±0.0000,0.6369±0.0000,0.6378±0.0000
Link,3shot,CiteSeer,None+Gprompt,0.5000±0.0000,0.6667±0.0000,0.6522±0.0000,0.6604±0.0000
Link,3shot,CiteSeer,None+GraphPrompter,0.5000±0.0000,0.6667±0.0000,0.6482±0.0000,0.6618±0.0000
Link,3shot,CiteSeer,None+None,0.5000±0.0000,0.6667±0.0000,0.6482±0.0000,0.6618±0.0000
Link,3shot,CiteSeer,None+PSP,0.5000±0.0000,0.6667±0.0000,0.6482±0.0000,0.6618±0.0000
Link,3shot,CiteSeer,None+ProNoG,0.5000±0.0000,0.6667±0.0000,0.6548±0.0000,0.6614±0.0000
Link,3shot,CiteSeer,None+SelfPro,0.5000±0.0000,0.6667±0.0000,0.6603±0.0000,0.7425±0.0000
Link,3shot,CiteSeer,None+UniPrompt,0.5000±0.0000,0.6667±0.0000,0.6567±0.0000,0.6715±0.0000
Link,3shot,CiteSeer,SimGRACE+All-in-one,0.5000±0.0000,0.6667±0.0000,0.5941±0.0000,0.6517±0.0000
Link,3shot,CiteSeer,SimGRACE+DAGPrompT,0.5011±0.0000,0.6672±0.0000,0.7503±0.0000,0.7414±0.0000
Link,3shot,CiteSeer,SimGRACE+EdgePrompt,0.4802±0.0000,0.6446±0.0000,0.4802±0.0000,0.4903±0.0000
Link,3shot,CiteSeer,SimGRACE+EdgePromptplus,0.4418±0.0000,0.5870±0.0000,0.5008±0.0000,0.5108±0.0000
Link,3shot,CiteSeer,SimGRACE+GPF,0.5000±0.0000,0.6667±0.0000,0.6338±0.0000,0.6365±0.0000
Link,3shot,CiteSeer,SimGRACE+GPF-plus,0.5000±0.0000,0.6667±0.0000,0.5875±0.0000,0.5995±0.0000
Link,3shot,CiteSeer,SimGRACE+Gprompt,0.5077±0.0000,0.6701±0.0000,0.7261±0.0000,0.7158±0.0000
Link,3shot,CiteSeer,SimGRACE+GraphPrompter,0.5385±0.0000,0.6828±0.0000,0.6908±0.0000,0.6415±0.0000
Link,3shot,CiteSeer,SimGRACE+None,0.5385±0.0000,0.6828±0.0000,0.6908±0.0000,0.6415±0.0000
Link,3shot,CiteSeer,SimGRACE+PSP,0.5385±0.0000,0.6828±0.0000,0.6908±0.0000,0.6415±0.0000
Link,3shot,CiteSeer,SimGRACE+ProNoG,0.5077±0.0000,0.6701±0.0000,0.7493±0.0000,0.7402±0.0000
Link,3shot,CiteSeer,SimGRACE+SelfPro,0.5912±0.0000,0.7024±0.0000,0.7971±0.0000,0.7742±0.0000
Link,3shot,CiteSeer,SimGRACE+UniPrompt,0.5352±0.0000,0.6812±0.0000,0.6871±0.0000,0.6344±0.0000
Link,3shot,Cora,DGI+All-in-one,0.5000±0.0000,0.0000±0.0000,0.6513±0.0000,0.7092±0.0000
Link,3shot,Cora,DGI+DAGPrompT,0.5000±0.0000,0.6667±0.0000,0.6683±0.0000,0.7156±0.0000
Link,3shot,Cora,DGI+EdgePrompt,0.5000±0.0000,0.6667±0.0000,0.5693±0.0000,0.5553±0.0000
Link,3shot,Cora,DGI+EdgePromptplus,0.4839±0.0000,0.6486±0.0000,0.6391±0.0000,0.6841±0.0000
Link,3shot,Cora,DGI+GPF,0.5000±0.0000,0.6667±0.0000,0.6776±0.0000,0.7141±0.0000
Link,3shot,Cora,DGI+GPF-plus,0.5000±0.0000,0.6667±0.0000,0.6960±0.0000,0.7263±0.0000
Link,3shot,Cora,DGI+Gprompt,0.6034±0.0000,0.6980±0.0000,0.6510±0.0000,0.6550±0.0000
Link,3shot,Cora,DGI+GraphPrompter,0.6480±0.0000,0.7204±0.0000,0.7305±0.0000,0.7286±0.0000
Link,3shot,Cora,DGI+None,0.6480±0.0000,0.7204±0.0000,0.7305±0.0000,0.7286±0.0000
Link,3shot,Cora,DGI+PSP,0.6480±0.0000,0.7204±0.0000,0.7305±0.0000,0.7286±0.0000
Link,3shot,Cora,DGI+ProNoG,0.6328±0.0000,0.6877±0.0000,0.6963±0.0000,0.6905±0.0000
Link,3shot,Cora,DGI+SelfPro,0.5332±0.0000,0.6476±0.0000,0.6018±0.0000,0.6440±0.0000
Link,3shot,Cora,DGI+UniPrompt,0.6433±0.0000,0.7173±0.0000,0.7198±0.0000,0.7059±0.0000
Link,3shot,Cora,Edgepred_GPPT+All-in-one,0.5000±0.0000,0.6667±0.0000,0.4376±0.0000,0.5264±0.0000
Link,3shot,Cora,Edgepred_GPPT+DAGPrompT,0.5000±0.0000,0.6667±0.0000,0.7634±0.0000,0.7701±0.0000
Link,3shot,Cora,Edgepred_GPPT+EdgePrompt,0.4896±0.0000,0.6542±0.0000,0.5012±0.0000,0.5019±0.0000
Link,3shot,Cora,Edgepred_GPPT+EdgePromptplus,0.5028±0.0000,0.6606±0.0000,0.5246±0.0000,0.5147±0.0000
Link,3shot,Cora,Edgepred_GPPT+GPF,0.5000±0.0000,0.6667±0.0000,0.6759±0.0000,0.7107±0.0000
Link,3shot,Cora,Edgepred_GPPT+GPF-plus,0.5000±0.0000,0.6667±0.0000,0.6518±0.0000,0.6977±0.0000
Link,3shot,Cora,Edgepred_GPPT+Gprompt,0.6366±0.0000,0.7258±0.0000,0.8056±0.0000,0.7859±0.0000
Link,3shot,Cora,Edgepred_GPPT+GraphPrompter,0.5000±0.0000,0.6667±0.0000,0.7998±0.0000,0.7900±0.0000
Link,3shot,Cora,Edgepred_GPPT+None,0.5000±0.0000,0.6667±0.0000,0.7998±0.0000,0.7900±0.0000
Link,3shot,Cora,Edgepred_GPPT+PSP,0.5000±0.0000,0.6667±0.0000,0.7998±0.0000,0.7900±0.0000
Link,3shot,Cora,Edgepred_GPPT+ProNoG,0.5000±0.0000,0.6667±0.0000,0.8282±0.0000,0.8221±0.0000
Link,3shot,Cora,Edgepred_GPPT+SelfPro,0.7154±0.0000,0.7699±0.0000,0.8574±0.0000,0.8398±0.0000
Link,3shot,Cora,Edgepred_GPPT+UniPrompt,0.5000±0.0000,0.6667±0.0000,0.7818±0.0000,0.7618±0.0000
Link,3shot,Cora,Edgepred_Gprompt+All-in-one,0.5000±0.0000,0.6667±0.0000,0.4992±0.0000,0.5604±0.0000
Link,3shot,Cora,Edgepred_Gprompt+DAGPrompT,0.5000±0.0000,0.6667±0.0000,0.6465±0.0000,0.7010±0.0000
Link,3shot,Cora,Edgepred_Gprompt+EdgePrompt,0.4962±0.0000,0.6633±0.0000,0.6358±0.0000,0.6278±0.0000
Link,3shot,Cora,Edgepred_Gprompt+EdgePromptplus,0.4962±0.0000,0.6585±0.0000,0.6531±0.0000,0.6818±0.0000
Link,3shot,Cora,Edgepred_Gprompt+GPF,0.5000±0.0000,0.6667±0.0000,0.6767±0.0000,0.7106±0.0000
Link,3shot,Cora,Edgepred_Gprompt+GPF-plus,0.5000±0.0000,0.6667±0.0000,0.6677±0.0000,0.7022±0.0000
Link,3shot,Cora,Edgepred_Gprompt+Gprompt,0.5000±0.0000,0.6667±0.0000,0.6528±0.0000,0.7053±0.0000
Link,3shot,Cora,Edgepred_Gprompt+GraphPrompter,0.6404±0.0000,0.7004±0.0000,0.6851±0.0000,0.6804±0.0000
Link,3shot,Cora,Edgepred_Gprompt+None,0.6404±0.0000,0.7004±0.0000,0.6851±0.0000,0.6804±0.0000
Link,3shot,Cora,Edgepred_Gprompt+PSP,0.6404±0.0000,0.7004±0.0000,0.6851±0.0000,0.6804±0.0000
Link,3shot,Cora,Edgepred_Gprompt+ProNoG,0.5000±0.0000,0.6667±0.0000,0.6540±0.0000,0.7053±0.0000
Link,3shot,Cora,Edgepred_Gprompt+SelfPro,0.5920±0.0000,0.7034±0.0000,0.7967±0.0000,0.8082±0.0000
Link,3shot,Cora,Edgepred_Gprompt+UniPrompt,0.6328±0.0000,0.6979±0.0000,0.6764±0.0000,0.6667±0.0000
Link,3shot,Cora,GraphCL+All-in-one,0.4725±0.0000,0.6380±0.0000,0.4859±0.0000,0.5616±0.0000
Link,3shot,Cora,GraphCL+DAGPrompT,0.6300±0.0000,0.7277±0.0000,0.8195±0.0000,0.8245±0.0000
Link,3shot,Cora,GraphCL+EdgePrompt,0.4972±0.0000,0.6637±0.0000,0.4895±0.0000,0.4947±0.0000
Link,3shot,Cora,GraphCL+EdgePromptplus,0.5142±0.0000,0.6545±0.0000,0.6490±0.0000,0.6264±0.0000
Link,3shot,Cora,GraphCL+GPF,0.5000±0.0000,0.6667±0.0000,0.6748±0.0000,0.7105±0.0000
Link,3shot,Cora,GraphCL+GPF-plus,0.5000±0.0000,0.6667±0.0000,0.6686±0.0000,0.7078±0.0000
Link,3shot,Cora,GraphCL+Gprompt,0.6879±0.0000,0.7509±0.0000,0.8286±0.0000,0.8250±0.0000
Link,3shot,Cora,GraphCL+GraphPrompter,0.6964±0.0000,0.7601±0.0000,0.8643±0.0000,0.8514±0.0000
Link,3shot,Cora,GraphCL+None,0.6964±0.0000,0.7601±0.0000,0.8643±0.0000,0.8514±0.0000
Link,3shot,Cora,GraphCL+PSP,0.6964±0.0000,0.7601±0.0000,0.8643±0.0000,0.8514±0.0000
Link,3shot,Cora,GraphCL+ProNoG,0.7021±0.0000,0.7588±0.0000,0.8225±0.0000,0.8208±0.0000
Link,3shot,Cora,GraphCL+SelfPro,0.6528±0.0000,0.7363±0.0000,0.8384±0.0000,0.8372±0.0000
Link,3shot,Cora,GraphCL+UniPrompt,0.7011±0.0000,0.7630±0.0000,0.8547±0.0000,0.8349±0.0000
Link,3shot,Cora,GraphMAE+All-in-one,0.5000±0.0000,0.6667±0.0000,0.5718±0.0000,0.6434±0.0000
Link,3shot,Cora,GraphMAE+DAGPrompT,0.5000±0.0000,0.6667±0.0000,0.6686±0.0000,0.7160±0.0000
Link,3shot,Cora,GraphMAE+EdgePrompt,0.5000±0.0000,0.6658±0.0000,0.6324±0.0000,0.6577±0.0000
Link,3shot,Cora,GraphMAE+EdgePromptplus,0.4772±0.0000,0.6363±0.0000,0.6548±0.0000,0.6988±0.0000
Link,3shot,Cora,GraphMAE+GPF,0.5000±0.0000,0.6667±0.0000,0.6767±0.0000,0.7125±0.0000
Link,3shot,Cora,GraphMAE+GPF-plus,0.5000±0.0000,0.6667±0.0000,0.6838±0.0000,0.7184±0.0000
Link,3shot,Cora,GraphMAE+Gprompt,0.5000±0.0000,0.6667±0.0000,0.6689±0.0000,0.7144±0.0000
Link,3shot,Cora,GraphMAE+GraphPrompter,0.6006±0.0000,0.6618±0.0000,0.6592±0.0000,0.6606±0.0000
Link,3shot,Cora,GraphMAE+None,0.6006±0.0000,0.6618±0.0000,0.6592±0.0000,0.6606±0.0000
Link,3shot,Cora,GraphMAE+PSP,0.6006±0.0000,0.6618±0.0000,0.6592±0.0000,0.6606±0.0000
Link,3shot,Cora,GraphMAE+ProNoG,0.5000±0.0000,0.6667±0.0000,0.6713±0.0000,0.7159±0.0000
Link,3shot,Cora,GraphMAE+SelfPro,0.5702±0.0000,0.6962±0.0000,0.7831±0.0000,0.7845±0.0000
Link,3shot,Cora,GraphMAE+UniPrompt,0.6252±0.0000,0.6776±0.0000,0.6588±0.0000,0.6494±0.0000
Link,3shot,Cora,None+All-in-one,0.5000±0.0000,0.6667±0.0000,0.5303±0.0000,0.5691±0.0000
Link,3shot,Cora,None+DAGPrompT,0.5000±0.0000,0.6667±0.0000,0.6694±0.0000,0.7176±0.0000
Link,3shot,Cora,None+EdgePrompt,0.4981±0.0000,0.6650±0.0000,0.6303±0.0000,0.6465±0.0000
Link,3shot,Cora,None+EdgePromptplus,0.5000±0.0000,0.6667±0.0000,0.6426±0.0000,0.6866±0.0000
Link,3shot,Cora,None+GPF,0.5000±0.0000,0.6667±0.0000,0.6751±0.0000,0.7107±0.0000
Link,3shot,Cora,None+GPF-plus,0.5000±0.0000,0.6667±0.0000,0.6762±0.0000,0.7115±0.0000
Link,3shot,Cora,None+Gprompt,0.5000±0.0000,0.6667±0.0000,0.6848±0.0000,0.7243±0.0000
Link,3shot,Cora,None+GraphPrompter,0.6328±0.0000,0.7012±0.0000,0.6943±0.0000,0.6860±0.0000
Link,3shot,Cora,None+None,0.6328±0.0000,0.7012±0.0000,0.6943±0.0000,0.6860±0.0000
Link,3shot,Cora,None+PSP,0.6328±0.0000,0.7012±0.0000,0.6943±0.0000,0.6860±0.0000
Link,3shot,Cora,None+ProNoG,0.5000±0.0000,0.6667±0.0000,0.6891±0.0000,0.7277±0.0000
Link,3shot,Cora,None+SelfPro,0.5000±0.0000,0.6662±0.0000,0.6755±0.0000,0.7199±0.0000
Link,3shot,Cora,None+UniPrompt,0.6167±0.0000,0.6897±0.0000,0.6736±0.0000,0.6604±0.0000
Link,3shot,Cora,SimGRACE+All-in-one,0.5000±0.0000,0.6667±0.0000,0.5571±0.0000,0.5989±0.0000
Link,3shot,Cora,SimGRACE+DAGPrompT,0.5000±0.0000,0.6662±0.0000,0.7078±0.0000,0.7373±0.0000
Link,3shot,Cora,SimGRACE+EdgePrompt,0.4877±0.0000,0.6512±0.0000,0.4857±0.0000,0.4928±0.0000
Link,3shot,Cora,SimGRACE+EdgePromptplus,0.4801±0.0000,0.6418±0.0000,0.4912±0.0000,0.4960±0.0000
Link,3shot,Cora,SimGRACE+GPF,0.5000±0.0000,0.6667±0.0000,0.6864±0.0000,0.7195±0.0000
Link,3shot,Cora,SimGRACE+GPF-plus,0.5000±0.0000,0.6667±0.0000,0.6249±0.0000,0.6352±0.0000
Link,3shot,Cora,SimGRACE+Gprompt,0.6385±0.0000,0.7176±0.0000,0.7684±0.0000,0.7524±0.0000
Link,3shot,Cora,SimGRACE+GraphPrompter,0.5047±0.0000,0.6688±0.0000,0.7916±0.0000,0.7713±0.0000
Link,3shot,Cora,SimGRACE+None,0.5047±0.0000,0.6688±0.0000,0.7916±0.0000,0.7713±0.0000
Link,3shot,Cora,SimGRACE+PSP,0.5047±0.0000,0.6688±0.0000,0.7916±0.0000,0.7713±0.0000
Link,3shot,Cora,SimGRACE+ProNoG,0.5047±0.0000,0.6688±0.0000,0.7865±0.0000,0.7860±0.0000
Link,3shot,Cora,SimGRACE+SelfPro,0.6546±0.0000,0.7234±0.0000,0.7619±0.0000,0.7708±0.0000
Link,3shot,Cora,SimGRACE+UniPrompt,0.5047±0.0000,0.6688±0.0000,0.7755±0.0000,0.7231±0.0000
Link,3shot,IMDB-BINARY,DGI+All-in-one,0.4812±0.0000,0.0000±0.0000,0.3352±0.0000,0.4423±0.0000
Link,3shot,IMDB-BINARY,DGI+DAGPrompT,0.5188±0.0000,0.6831±0.0000,0.7220±0.0000,0.7442±0.0000
Link,3shot,IMDB-BINARY,DGI+EdgePrompt,0.5188±0.0000,0.6831±0.0000,0.7046±0.0000,0.7131±0.0000
Link,3shot,IMDB-BINARY,DGI+EdgePromptplus,0.5186±0.0000,0.6829±0.0000,0.6939±0.0000,0.7183±0.0000
Link,3shot,IMDB-BINARY,DGI+GPF,0.5188±0.0000,0.6831±0.0000,0.7223±0.0000,0.7457±0.0000
Link,3shot,IMDB-BINARY,DGI+GPF-plus,0.5188±0.0000,0.6831±0.0000,0.7219±0.0000,0.7453±0.0000
Link,3shot,IMDB-BINARY,DGI+Gprompt,0.5188±0.0000,0.6831±0.0000,0.7221±0.0000,0.7442±0.0000
Link,3shot,IMDB-BINARY,DGI+GraphPrompter,0.5188±0.0000,0.6831±0.0000,0.7220±0.0000,0.7456±0.0000
Link,3shot,IMDB-BINARY,DGI+None,0.5188±0.0000,0.6831±0.0000,0.7220±0.0000,0.7456±0.0000
Link,3shot,IMDB-BINARY,DGI+PSP,0.5188±0.0000,0.6831±0.0000,0.7220±0.0000,0.7456±0.0000
Link,3shot,IMDB-BINARY,DGI+ProNoG,0.5188±0.0000,0.6831±0.0000,0.7221±0.0000,0.7444±0.0000
Link,3shot,IMDB-BINARY,DGI+SelfPro,0.5185±0.0000,0.6826±0.0000,0.7181±0.0000,0.7202±0.0000
Link,3shot,IMDB-BINARY,DGI+UniPrompt,0.5188±0.0000,0.6831±0.0000,0.7192±0.0000,0.7374±0.0000
Link,3shot,IMDB-BINARY,Edgepred_GPPT+All-in-one,0.4812±0.0000,0.0000±0.0000,0.3356±0.0000,0.4431±0.0000
Link,3shot,IMDB-BINARY,Edgepred_GPPT+DAGPrompT,0.5188±0.0000,0.6831±0.0000,0.7221±0.0000,0.7442±0.0000
Link,3shot,IMDB-BINARY,Edgepred_GPPT+EdgePrompt,0.5188±0.0000,0.6831±0.0000,0.6751±0.0000,0.6766±0.0000
Link,3shot,IMDB-BINARY,Edgepred_GPPT+EdgePromptplus,0.5188±0.0000,0.6831±0.0000,0.7065±0.0000,0.7301±0.0000
Link,3shot,IMDB-BINARY,Edgepred_GPPT+GPF,0.5188±0.0000,0.6831±0.0000,0.7237±0.0000,0.7465±0.0000
Link,3shot,IMDB-BINARY,Edgepred_GPPT+GPF-plus,0.5188±0.0000,0.6831±0.0000,0.7232±0.0000,0.7470±0.0000
Link,3shot,IMDB-BINARY,Edgepred_GPPT+Gprompt,0.5188±0.0000,0.6831±0.0000,0.7221±0.0000,0.7443±0.0000
Link,3shot,IMDB-BINARY,Edgepred_GPPT+GraphPrompter,0.5188±0.0000,0.6831±0.0000,0.7230±0.0000,0.7471±0.0000
Link,3shot,IMDB-BINARY,Edgepred_GPPT+None,0.5188±0.0000,0.6831±0.0000,0.7230±0.0000,0.7471±0.0000
Link,3shot,IMDB-BINARY,Edgepred_GPPT+PSP,0.5188±0.0000,0.6831±0.0000,0.7230±0.0000,0.7471±0.0000
Link,3shot,IMDB-BINARY,Edgepred_GPPT+ProNoG,0.5188±0.0000,0.6831±0.0000,0.7221±0.0000,0.7443±0.0000
Link,3shot,IMDB-BINARY,Edgepred_GPPT+SelfPro,0.5186±0.0000,0.6829±0.0000,0.7127±0.0000,0.7126±0.0000
Link,3shot,IMDB-BINARY,Edgepred_GPPT+UniPrompt,0.5188±0.0000,0.6831±0.0000,0.7199±0.0000,0.7385±0.0000
Link,3shot,IMDB-BINARY,Edgepred_Gprompt+All-in-one,0.4812±0.0000,0.0000±0.0000,0.3356±0.0000,0.4431±0.0000
Link,3shot,IMDB-BINARY,Edgepred_Gprompt+DAGPrompT,0.5188±0.0000,0.6831±0.0000,0.7220±0.0000,0.7442±0.0000
Link,3shot,IMDB-BINARY,Edgepred_Gprompt+EdgePrompt,0.5188±0.0000,0.6831±0.0000,0.6773±0.0000,0.6772±0.0000
Link,3shot,IMDB-BINARY,Edgepred_Gprompt+EdgePromptplus,0.5186±0.0000,0.6830±0.0000,0.7050±0.0000,0.6967±0.0000
Link,3shot,IMDB-BINARY,Edgepred_Gprompt+GPF,0.5188±0.0000,0.6831±0.0000,0.7236±0.0000,0.7460±0.0000
Link,3shot,IMDB-BINARY,Edgepred_Gprompt+GPF-plus,0.5188±0.0000,0.6831±0.0000,0.7235±0.0000,0.7468±0.0000
Link,3shot,IMDB-BINARY,Edgepred_Gprompt+Gprompt,0.5188±0.0000,0.6831±0.0000,0.7220±0.0000,0.7442±0.0000
Link,3shot,IMDB-BINARY,Edgepred_Gprompt+GraphPrompter,0.5188±0.0000,0.6831±0.0000,0.7234±0.0000,0.7468±0.0000
Link,3shot,IMDB-BINARY,Edgepred_Gprompt+None,0.5188±0.0000,0.6831±0.0000,0.7234±0.0000,0.7468±0.0000
Link,3shot,IMDB-BINARY,Edgepred_Gprompt+PSP,0.5188±0.0000,0.6831±0.0000,0.7234±0.0000,0.7468±0.0000
Link,3shot,IMDB-BINARY,Edgepred_Gprompt+ProNoG,0.5188±0.0000,0.6831±0.0000,0.7221±0.0000,0.7444±0.0000
Link,3shot,IMDB-BINARY,Edgepred_Gprompt+SelfPro,0.5188±0.0000,0.6831±0.0000,0.6985±0.0000,0.7041±0.0000
Link,3shot,IMDB-BINARY,Edgepred_Gprompt+UniPrompt,0.5188±0.0000,0.6831±0.0000,0.7193±0.0000,0.7404±0.0000
Link,3shot,IMDB-BINARY,GraphCL+All-in-one,0.5783±0.0000,0.3534±0.0000,0.6740±0.0000,0.7182±0.0000
Link,3shot,IMDB-BINARY,GraphCL+DAGPrompT,0.5188±0.0000,0.6831±0.0000,0.7326±0.0000,0.7434±0.0000
Link,3shot,IMDB-BINARY,GraphCL+EdgePrompt,0.5188±0.0000,0.6831±0.0000,0.6880±0.0000,0.6846±0.0000
Link,3shot,IMDB-BINARY,GraphCL+EdgePromptplus,0.5187±0.0000,0.6831±0.0000,0.7085±0.0000,0.7337±0.0000
Link,3shot,IMDB-BINARY,GraphCL+GPF,0.5094±0.0000,0.6748±0.0000,0.7120±0.0000,0.7413±0.0000
Link,3shot,IMDB-BINARY,GraphCL+GPF-plus,0.5040±0.0000,0.6698±0.0000,0.7104±0.0000,0.7464±0.0000
Link,3shot,IMDB-BINARY,GraphCL+Gprompt,0.5069±0.0000,0.6725±0.0000,0.6967±0.0000,0.7383±0.0000
Link,3shot,IMDB-BINARY,GraphCL+GraphPrompter,0.5061±0.0000,0.6717±0.0000,0.7120±0.0000,0.7482±0.0000
Link,3shot,IMDB-BINARY,GraphCL+None,0.5061±0.0000,0.6717±0.0000,0.7120±0.0000,0.7482±0.0000
Link,3shot,IMDB-BINARY,GraphCL+PSP,0.5061±0.0000,0.6717±0.0000,0.7120±0.0000,0.7482±0.0000
Link,3shot,IMDB-BINARY,GraphCL+ProNoG,0.5174±0.0000,0.6818±0.0000,0.7207±0.0000,0.7447±0.0000
Link,3shot,IMDB-BINARY,GraphCL+SelfPro,0.5860±0.0000,0.7023±0.0000,0.7538±0.0000,0.7470±0.0000
Link,3shot,IMDB-BINARY,GraphCL+UniPrompt,0.5200±0.0000,0.6829±0.0000,0.7208±0.0000,0.7419±0.0000
Link,3shot,IMDB-BINARY,GraphMAE+All-in-one,0.4812±0.0000,0.0000±0.0000,0.3357±0.0000,0.4432±0.0000
Link,3shot,IMDB-BINARY,GraphMAE+DAGPrompT,0.5188±0.0000,0.6831±0.0000,0.7222±0.0000,0.7441±0.0000
Link,3shot,IMDB-BINARY,GraphMAE+EdgePrompt,0.5414±0.0000,0.6931±0.0000,0.7691±0.0000,0.7662±0.0000
Link,3shot,IMDB-BINARY,GraphMAE+EdgePromptplus,0.5188±0.0000,0.6831±0.0000,0.7125±0.0000,0.7377±0.0000
Link,3shot,IMDB-BINARY,GraphMAE+GPF,0.5188±0.0000,0.6831±0.0000,0.7219±0.0000,0.7437±0.0000
Link,3shot,IMDB-BINARY,GraphMAE+GPF-plus,0.5188±0.0000,0.6831±0.0000,0.7222±0.0000,0.7446±0.0000
Link,3shot,IMDB-BINARY,GraphMAE+Gprompt,0.5188±0.0000,0.6831±0.0000,0.7224±0.0000,0.7460±0.0000
Link,3shot,IMDB-BINARY,GraphMAE+GraphPrompter,0.5188±0.0000,0.6831±0.0000,0.7223±0.0000,0.7448±0.0000
Link,3shot,IMDB-BINARY,GraphMAE+None,0.5188±0.0000,0.6831±0.0000,0.7223±0.0000,0.7448±0.0000
Link,3shot,IMDB-BINARY,GraphMAE+PSP,0.5188±0.0000,0.6831±0.0000,0.7223±0.0000,0.7448±0.0000
Link,3shot,IMDB-BINARY,GraphMAE+ProNoG,0.5188±0.0000,0.6831±0.0000,0.7229±0.0000,0.7463±0.0000
Link,3shot,IMDB-BINARY,GraphMAE+SelfPro,0.5713±0.0000,0.6864±0.0000,0.7143±0.0000,0.7215±0.0000
Link,3shot,IMDB-BINARY,GraphMAE+UniPrompt,0.5188±0.0000,0.6831±0.0000,0.7175±0.0000,0.7369±0.0000
Link,3shot,IMDB-BINARY,None+All-in-one,0.4812±0.0000,0.0000±0.0000,0.3356±0.0000,0.4432±0.0000
Link,3shot,IMDB-BINARY,None+DAGPrompT,0.5188±0.0000,0.6831±0.0000,0.7220±0.0000,0.7442±0.0000
Link,3shot,IMDB-BINARY,None+EdgePrompt,0.5188±0.0000,0.6831±0.0000,0.7032±0.0000,0.7028±0.0000
Link,3shot,IMDB-BINARY,None+EdgePromptplus,0.5188±0.0000,0.6831±0.0000,0.6975±0.0000,0.6935±0.0000
Link,3shot,IMDB-BINARY,None+GPF,0.5188±0.0000,0.6831±0.0000,0.7224±0.0000,0.7439±0.0000
Link,3shot,IMDB-BINARY,None+GPF-plus,0.5188±0.0000,0.6831±0.0000,0.7214±0.0000,0.7402±0.0000
Link,3shot,IMDB-BINARY,None+Gprompt,0.5188±0.0000,0.6831±0.0000,0.7220±0.0000,0.7441±0.0000
Link,3shot,IMDB-BINARY,None+GraphPrompter,0.5188±0.0000,0.6831±0.0000,0.7234±0.0000,0.7462±0.0000
Link,3shot,IMDB-BINARY,None+None,0.5188±0.0000,0.6831±0.0000,0.7234±0.0000,0.7462±0.0000
Link,3shot,IMDB-BINARY,None+PSP,0.5188±0.0000,0.6831±0.0000,0.7234±0.0000,0.7462±0.0000
Link,3shot,IMDB-BINARY,None+ProNoG,0.5188±0.0000,0.6831±0.0000,0.7220±0.0000,0.7441±0.0000
Link,3shot,IMDB-BINARY,None+SelfPro,0.5188±0.0000,0.6831±0.0000,0.6948±0.0000,0.7038±0.0000
Link,3shot,IMDB-BINARY,None+UniPrompt,0.5188±0.0000,0.6831±0.0000,0.7194±0.0000,0.7391±0.0000
Link,3shot,IMDB-BINARY,SimGRACE+All-in-one,0.4853±0.0000,0.0154±0.0000,0.6985±0.0000,0.7282±0.0000
Link,3shot,IMDB-BINARY,SimGRACE+DAGPrompT,0.5188±0.0000,0.6831±0.0000,0.7137±0.0000,0.7473±0.0000
Link,3shot,IMDB-BINARY,SimGRACE+EdgePrompt,0.5189±0.0000,0.6831±0.0000,0.6839±0.0000,0.6761±0.0000
Link,3shot,IMDB-BINARY,SimGRACE+EdgePromptplus,0.5183±0.0000,0.6827±0.0000,0.7044±0.0000,0.7257±0.0000
Link,3shot,IMDB-BINARY,SimGRACE+GPF,0.5188±0.0000,0.6831±0.0000,0.7311±0.0000,0.7473±0.0000
Link,3shot,IMDB-BINARY,SimGRACE+GPF-plus,0.5189±0.0000,0.6832±0.0000,0.7352±0.0000,0.7522±0.0000
Link,3shot,IMDB-BINARY,SimGRACE+Gprompt,0.5188±0.0000,0.6831±0.0000,0.7081±0.0000,0.7451±0.0000
Link,3shot,IMDB-BINARY,SimGRACE+GraphPrompter,0.5189±0.0000,0.6831±0.0000,0.7366±0.0000,0.7519±0.0000
Link,3shot,IMDB-BINARY,SimGRACE+None,0.5189±0.0000,0.6831±0.0000,0.7366±0.0000,0.7519±0.0000
Link,3shot,IMDB-BINARY,SimGRACE+PSP,0.5189±0.0000,0.6831±0.0000,0.7366±0.0000,0.7519±0.0000
Link,3shot,IMDB-BINARY,SimGRACE+ProNoG,0.5188±0.0000,0.6831±0.0000,0.7151±0.0000,0.7535±0.0000
Link,3shot,IMDB-BINARY,SimGRACE+SelfPro,0.6068±0.0000,0.7154±0.0000,0.7681±0.0000,0.7476±0.0000
Link,3shot,IMDB-BINARY,SimGRACE+UniPrompt,0.5185±0.0000,0.6829±0.0000,0.7502±0.0000,0.7537±0.0000
Link,3shot,MUTAG,DGI+All-in-one,0.3357±0.0000,0.0000±0.0000,0.7132±0.0000,0.8020±0.0000
Link,3shot,MUTAG,DGI+DAGPrompT,0.6607±0.0000,0.7957±0.0000,0.5321±0.0000,0.6462±0.0000
Link,3shot,MUTAG,DGI+EdgePrompt,0.6643±0.0000,0.7983±0.0000,0.3650±0.0000,0.5597±0.0000
Link,3shot,MUTAG,DGI+EdgePromptplus,0.6905±0.0000,0.8014±0.0000,0.6384±0.0000,0.7290±0.0000
Link,3shot,MUTAG,DGI+GPF,0.6643±0.0000,0.7983±0.0000,0.6031±0.0000,0.6742±0.0000
Link,3shot,MUTAG,DGI+GPF-plus,0.6625±0.0000,0.7966±0.0000,0.5286±0.0000,0.6452±0.0000
Link,3shot,MUTAG,DGI+Gprompt,0.6625±0.0000,0.7966±0.0000,0.5313±0.0000,0.6469±0.0000
Link,3shot,MUTAG,DGI+GraphPrompter,0.6625±0.0000,0.7966±0.0000,0.5322±0.0000,0.6475±0.0000
Link,3shot,MUTAG,DGI+None,0.6625±0.0000,0.7966±0.0000,0.5322±0.0000,0.6475±0.0000
Link,3shot,MUTAG,DGI+PSP,0.6625±0.0000,0.7966±0.0000,0.5322±0.0000,0.6475±0.0000
Link,3shot,MUTAG,DGI+ProNoG,0.6625±0.0000,0.7970±0.0000,0.5418±0.0000,0.6600±0.0000
Link,3shot,MUTAG,DGI+SelfPro,0.7375±0.0000,0.8178±0.0000,0.6238±0.0000,0.7352±0.0000
Link,3shot,MUTAG,DGI+UniPrompt,0.6643±0.0000,0.7983±0.0000,0.5870±0.0000,0.7014±0.0000
Link,3shot,MUTAG,Edgepred_GPPT+All-in-one,0.3357±0.0000,0.0000±0.0000,0.4927±0.0000,0.6374±0.0000
Link,3shot,MUTAG,Edgepred_GPPT+DAGPrompT,0.6643±0.0000,0.7983±0.0000,0.6071±0.0000,0.7209±0.0000
Link,3shot,MUTAG,Edgepred_GPPT+EdgePrompt,0.6643±0.0000,0.7983±0.0000,0.5084±0.0000,0.6480±0.0000
Link,3shot,MUTAG,Edgepred_GPPT+EdgePromptplus,0.6750±0.0000,0.7889±0.0000,0.6222±0.0000,0.7456±0.0000
Link,3shot,MUTAG,Edgepred_GPPT+GPF,0.6643±0.0000,0.7983±0.0000,0.5577±0.0000,0.7125±0.0000
Link,3shot,MUTAG,Edgepred_GPPT+GPF-plus,0.6643±0.0000,0.7983±0.0000,0.6016±0.0000,0.7114±0.0000
Link,3shot,MUTAG,Edgepred_GPPT+Gprompt,0.6625±0.0000,0.7970±0.0000,0.6109±0.0000,0.7086±0.0000
Link,3shot,MUTAG,Edgepred_GPPT+GraphPrompter,0.6643±0.0000,0.7983±0.0000,0.6146±0.0000,0.7078±0.0000
Link,3shot,MUTAG,Edgepred_GPPT+None,0.6643±0.0000,0.7983±0.0000,0.6146±0.0000,0.7078±0.0000
Link,3shot,MUTAG,Edgepred_GPPT+PSP,0.6643±0.0000,0.7983±0.0000,0.6146±0.0000,0.7078±0.0000
Link,3shot,MUTAG,Edgepred_GPPT+ProNoG,0.6661±0.0000,0.7991±0.0000,0.6455±0.0000,0.7439±0.0000
Link,3shot,MUTAG,Edgepred_GPPT+SelfPro,0.6268±0.0000,0.7164±0.0000,0.5965±0.0000,0.7023±0.0000
Link,3shot,MUTAG,Edgepred_GPPT+UniPrompt,0.6589±0.0000,0.7944±0.0000,0.5946±0.0000,0.7077±0.0000
Link,3shot,MUTAG,Edgepred_Gprompt+All-in-one,0.3357±0.0000,0.0000±0.0000,0.5606±0.0000,0.6840±0.0000
Link,3shot,MUTAG,Edgepred_Gprompt+DAGPrompT,0.4973±0.0000,0.5723±0.0000,0.4181±0.0000,0.6110±0.0000
Link,3shot,MUTAG,Edgepred_Gprompt+EdgePrompt,0.5607±0.0000,0.7099±0.0000,0.2690±0.0000,0.5266±0.0000
Link,3shot,MUTAG,Edgepred_Gprompt+EdgePromptplus,0.5492±0.0000,0.6480±0.0000,0.4675±0.0000,0.6374±0.0000
Link,3shot,MUTAG,Edgepred_Gprompt+GPF,0.6643±0.0000,0.7983±0.0000,0.4683±0.0000,0.6370±0.0000
Link,3shot,MUTAG,Edgepred_Gprompt+GPF-plus,0.5375±0.0000,0.6163±0.0000,0.4372±0.0000,0.6246±0.0000
Link,3shot,MUTAG,Edgepred_Gprompt+Gprompt,0.4973±0.0000,0.5630±0.0000,0.4095±0.0000,0.6078±0.0000
Link,3shot,MUTAG,Edgepred_Gprompt+GraphPrompter,0.5107±0.0000,0.5595±0.0000,0.4475±0.0000,0.6335±0.0000
Link,3shot,MUTAG,Edgepred_Gprompt+None,0.5107±0.0000,0.5595±0.0000,0.4475±0.0000,0.6336±0.0000
Link,3shot,MUTAG,Edgepred_Gprompt+PSP,0.5107±0.0000,0.5595±0.0000,0.4475±0.0000,0.6335±0.0000
Link,3shot,MUTAG,Edgepred_Gprompt+ProNoG,0.5107±0.0000,0.5581±0.0000,0.4454±0.0000,0.6358±0.0000
Link,3shot,MUTAG,Edgepred_Gprompt+SelfPro,0.5474±0.0000,0.6970±0.0000,0.4679±0.0000,0.6910±0.0000
Link,3shot,MUTAG,Edgepred_Gprompt+UniPrompt,0.5170±0.0000,0.5934±0.0000,0.4400±0.0000,0.6248±0.0000
Link,3shot,MUTAG,GraphCL+All-in-one,0.3357±0.0000,0.0000±0.0000,0.7729±0.0000,0.8661±0.0000
Link,3shot,MUTAG,GraphCL+DAGPrompT,0.7030±0.0000,0.7899±0.0000,0.6077±0.0000,0.7231±0.0000
Link,3shot,MUTAG,GraphCL+EdgePrompt,0.5957±0.0000,0.7438±0.0000,0.4527±0.0000,0.6450±0.0000
Link,3shot,MUTAG,GraphCL+EdgePromptplus,0.6250±0.0000,0.7273±0.0000,0.6116±0.0000,0.7356±0.0000
Link,3shot,MUTAG,GraphCL+GPF,0.6643±0.0000,0.7983±0.0000,0.5000±0.0000,0.6643±0.0000
Link,3shot,MUTAG,GraphCL+GPF-plus,0.6869±0.0000,0.7831±0.0000,0.5854±0.0000,0.7099±0.0000
Link,3shot,MUTAG,GraphCL+Gprompt,0.7138±0.0000,0.8015±0.0000,0.5971±0.0000,0.6946±0.0000
Link,3shot,MUTAG,GraphCL+GraphPrompter,0.7174±0.0000,0.8035±0.0000,0.6438±0.0000,0.7475±0.0000
Link,3shot,MUTAG,GraphCL+None,0.7174±0.0000,0.8035±0.0000,0.6438±0.0000,0.7475±0.0000
Link,3shot,MUTAG,GraphCL+PSP,0.7174±0.0000,0.8035±0.0000,0.6438±0.0000,0.7475±0.0000
Link,3shot,MUTAG,GraphCL+ProNoG,0.7245±0.0000,0.8080±0.0000,0.5808±0.0000,0.6651±0.0000
Link,3shot,MUTAG,GraphCL+SelfPro,0.7036±0.0000,0.7877±0.0000,0.6480±0.0000,0.7457±0.0000
Link,3shot,MUTAG,GraphCL+UniPrompt,0.7143±0.0000,0.8015±0.0000,0.6396±0.0000,0.7431±0.0000
Link,3shot,MUTAG,GraphMAE+All-in-one,0.3357±0.0000,0.0000±0.0000,0.6705±0.0000,0.7750±0.0000
Link,3shot,MUTAG,GraphMAE+DAGPrompT,0.6571±0.0000,0.7563±0.0000,0.5781±0.0000,0.7077±0.0000
Link,3shot,MUTAG,GraphMAE+EdgePrompt,0.6589±0.0000,0.7917±0.0000,0.3135±0.0000,0.5396±0.0000
Link,3shot,MUTAG,GraphMAE+EdgePromptplus,0.6089±0.0000,0.7181±0.0000,0.5359±0.0000,0.6795±0.0000
Link,3shot,MUTAG,GraphMAE+GPF,0.7232±0.0000,0.8093±0.0000,0.6400±0.0000,0.7648±0.0000
Link,3shot,MUTAG,GraphMAE+GPF-plus,0.6607±0.0000,0.7607±0.0000,0.5836±0.0000,0.7210±0.0000
Link,3shot,MUTAG,GraphMAE+Gprompt,0.6625±0.0000,0.7623±0.0000,0.5838±0.0000,0.7092±0.0000
Link,3shot,MUTAG,GraphMAE+GraphPrompter,0.6762±0.0000,0.7712±0.0000,0.6056±0.0000,0.7427±0.0000
Link,3shot,MUTAG,GraphMAE+None,0.6762±0.0000,0.7712±0.0000,0.6056±0.0000,0.7427±0.0000
Link,3shot,MUTAG,GraphMAE+PSP,0.6762±0.0000,0.7712±0.0000,0.6056±0.0000,0.7427±0.0000
Link,3shot,MUTAG,GraphMAE+ProNoG,0.6143±0.0000,0.7150±0.0000,0.5821±0.0000,0.7168±0.0000
Link,3shot,MUTAG,GraphMAE+SelfPro,0.7161±0.0000,0.8049±0.0000,0.6193±0.0000,0.7326±0.0000
Link,3shot,MUTAG,GraphMAE+UniPrompt,0.6625±0.0000,0.7586±0.0000,0.5940±0.0000,0.7207±0.0000
Link,3shot,MUTAG,None+All-in-one,0.3357±0.0000,0.0000±0.0000,0.7130±0.0000,0.8152±0.0000
Link,3shot,MUTAG,None+DAGPrompT,0.6839±0.0000,0.7834±0.0000,0.5776±0.0000,0.7071±0.0000
Link,3shot,MUTAG,None+EdgePrompt,0.6679±0.0000,0.7978±0.0000,0.3009±0.0000,0.5363±0.0000
Link,3shot,MUTAG,None+EdgePromptplus,0.6357±0.0000,0.7424±0.0000,0.5495±0.0000,0.6967±0.0000
Link,3shot,MUTAG,None+GPF,0.7143±0.0000,0.8049±0.0000,0.6164±0.0000,0.7530±0.0000
Link,3shot,MUTAG,None+GPF-plus,0.6780±0.0000,0.7767±0.0000,0.5948±0.0000,0.7233±0.0000
Link,3shot,MUTAG,None+Gprompt,0.6571±0.0000,0.7545±0.0000,0.5779±0.0000,0.7170±0.0000
Link,3shot,MUTAG,None+GraphPrompter,0.6643±0.0000,0.7626±0.0000,0.5750±0.0000,0.7142±0.0000
Link,3shot,MUTAG,None+None,0.6643±0.0000,0.7626±0.0000,0.5750±0.0000,0.7142±0.0000
Link,3shot,MUTAG,None+PSP,0.6643±0.0000,0.7626±0.0000,0.5750±0.0000,0.7142±0.0000
Link,3shot,MUTAG,None+ProNoG,0.6571±0.0000,0.7545±0.0000,0.5779±0.0000,0.7128±0.0000
Link,3shot,MUTAG,None+SelfPro,0.7143±0.0000,0.8034±0.0000,0.6151±0.0000,0.7302±0.0000
Link,3shot,MUTAG,None+UniPrompt,0.6643±0.0000,0.7620±0.0000,0.5879±0.0000,0.7176±0.0000
Link,3shot,MUTAG,SimGRACE+All-in-one,0.3357±0.0000,0.0000±0.0000,0.7327±0.0000,0.8049±0.0000
Link,3shot,MUTAG,SimGRACE+DAGPrompT,0.6679±0.0000,0.7698±0.0000,0.5281±0.0000,0.6779±0.0000
Link,3shot,MUTAG,SimGRACE+EdgePrompt,0.5993±0.0000,0.7472±0.0000,0.4556±0.0000,0.6455±0.0000
Link,3shot,MUTAG,SimGRACE+EdgePromptplus,0.6089±0.0000,0.7115±0.0000,0.5652±0.0000,0.6929±0.0000
Link,3shot,MUTAG,SimGRACE+GPF,0.6643±0.0000,0.7983±0.0000,0.5000±0.0000,0.6643±0.0000
Link,3shot,MUTAG,SimGRACE+GPF-plus,0.6589±0.0000,0.7615±0.0000,0.5851±0.0000,0.7047±0.0000
Link,3shot,MUTAG,SimGRACE+Gprompt,0.6054±0.0000,0.7119±0.0000,0.5237±0.0000,0.6779±0.0000
Link,3shot,MUTAG,SimGRACE+GraphPrompter,0.6816±0.0000,0.7792±0.0000,0.5882±0.0000,0.7060±0.0000
Link,3shot,MUTAG,SimGRACE+None,0.6816±0.0000,0.7792±0.0000,0.5882±0.0000,0.7060±0.0000
Link,3shot,MUTAG,SimGRACE+PSP,0.6816±0.0000,0.7792±0.0000,0.5882±0.0000,0.7060±0.0000
Link,3shot,MUTAG,SimGRACE+ProNoG,0.6018±0.0000,0.7130±0.0000,0.5155±0.0000,0.6650±0.0000
Link,3shot,MUTAG,SimGRACE+SelfPro,0.6214±0.0000,0.7039±0.0000,0.6156±0.0000,0.7332±0.0000
Link,3shot,MUTAG,SimGRACE+UniPrompt,0.6589±0.0000,0.7633±0.0000,0.5623±0.0000,0.6904±0.0000
Link,3shot,PROTEINS,DGI+All-in-one,0.4854±0.0000,0.0000±0.0000,0.6190±0.0000,0.6195±0.0000
Link,3shot,PROTEINS,DGI+DAGPrompT,0.5151±0.0000,0.6797±0.0000,0.4580±0.0000,0.4851±0.0000
Link,3shot,PROTEINS,DGI+EdgePrompt,0.5146±0.0000,0.6795±0.0000,0.4999±0.0000,0.5145±0.0000
Link,3shot,PROTEINS,DGI+EdgePromptplus,0.5146±0.0000,0.6795±0.0000,0.4993±0.0000,0.5142±0.0000
Link,3shot,PROTEINS,DGI+GPF,0.5147±0.0000,0.6795±0.0000,0.4996±0.0000,0.5144±0.0000
Link,3shot,PROTEINS,DGI+GPF-plus,0.5146±0.0000,0.6794±0.0000,0.4998±0.0000,0.5145±0.0000
Link,3shot,PROTEINS,DGI+Gprompt,0.5146±0.0000,0.6795±0.0000,0.4483±0.0000,0.4808±0.0000
Link,3shot,PROTEINS,DGI+GraphPrompter,0.5146±0.0000,0.6794±0.0000,0.5000±0.0000,0.5145±0.0000
Link,3shot,PROTEINS,DGI+None,0.5146±0.0000,0.6794±0.0000,0.5000±0.0000,0.5145±0.0000
Link,3shot,PROTEINS,DGI+PSP,0.5146±0.0000,0.6794±0.0000,0.5000±0.0000,0.5145±0.0000
Link,3shot,PROTEINS,DGI+ProNoG,0.5146±0.0000,0.6794±0.0000,0.4471±0.0000,0.4785±0.0000
Link,3shot,PROTEINS,DGI+SelfPro,0.5410±0.0000,0.6736±0.0000,0.5700±0.0000,0.5645±0.0000
Link,3shot,PROTEINS,DGI+UniPrompt,0.5146±0.0000,0.6794±0.0000,0.5000±0.0000,0.5146±0.0000
Link,3shot,PROTEINS,Edgepred_GPPT+All-in-one,0.4854±0.0000,0.0000±0.0000,0.4171±0.0000,0.4416±0.0000
Link,3shot,PROTEINS,Edgepred_GPPT+DAGPrompT,0.5146±0.0000,0.6795±0.0000,0.4796±0.0000,0.5007±0.0000
Link,3shot,PROTEINS,Edgepred_GPPT+EdgePrompt,0.5217±0.0000,0.6731±0.0000,0.4994±0.0000,0.5137±0.0000
Link,3shot,PROTEINS,Edgepred_GPPT+EdgePromptplus,0.5148±0.0000,0.6794±0.0000,0.4989±0.0000,0.5140±0.0000
Link,3shot,PROTEINS,Edgepred_GPPT+GPF,0.5238±0.0000,0.6792±0.0000,0.5458±0.0000,0.5388±0.0000
Link,3shot,PROTEINS,Edgepred_GPPT+GPF-plus,0.5146±0.0000,0.6793±0.0000,0.5702±0.0000,0.5630±0.0000
Link,3shot,PROTEINS,Edgepred_GPPT+Gprompt,0.5147±0.0000,0.6796±0.0000,0.5104±0.0000,0.5202±0.0000
Link,3shot,PROTEINS,Edgepred_GPPT+GraphPrompter,0.5151±0.0000,0.6792±0.0000,0.5287±0.0000,0.5445±0.0000
Link,3shot,PROTEINS,Edgepred_GPPT+None,0.5151±0.0000,0.6792±0.0000,0.5287±0.0000,0.5445±0.0000
Link,3shot,PROTEINS,Edgepred_GPPT+PSP,0.5151±0.0000,0.6792±0.0000,0.5287±0.0000,0.5445±0.0000
Link,3shot,PROTEINS,Edgepred_GPPT+ProNoG,0.5146±0.0000,0.6794±0.0000,0.5118±0.0000,0.5219±0.0000
Link,3shot,PROTEINS,Edgepred_GPPT+SelfPro,0.5146±0.0000,0.6795±0.0000,0.6127±0.0000,0.5902±0.0000
Link,3shot,PROTEINS,Edgepred_GPPT+UniPrompt,0.5144±0.0000,0.6790±0.0000,0.5493±0.0000,0.5503±0.0000
Link,3shot,PROTEINS,Edgepred_Gprompt+All-in-one,0.4856±0.0000,0.0005±0.0000,0.4722±0.0000,0.4761±0.0000
Link,3shot,PROTEINS,Edgepred_Gprompt+DAGPrompT,0.5117±0.0000,0.6729±0.0000,0.4957±0.0000,0.5087±0.0000
Link,3shot,PROTEINS,Edgepred_Gprompt+EdgePrompt,0.5149±0.0000,0.6796±0.0000,0.5003±0.0000,0.5147±0.0000
Link,3shot,PROTEINS,Edgepred_Gprompt+EdgePromptplus,0.5145±0.0000,0.6794±0.0000,0.4999±0.0000,0.5145±0.0000
Link,3shot,PROTEINS,Edgepred_Gprompt+GPF,0.5177±0.0000,0.6795±0.0000,0.5044±0.0000,0.5168±0.0000
Link,3shot,PROTEINS,Edgepred_Gprompt+GPF-plus,0.5235±0.0000,0.6758±0.0000,0.5117±0.0000,0.5206±0.0000
Link,3shot,PROTEINS,Edgepred_Gprompt+Gprompt,0.5142±0.0000,0.6788±0.0000,0.4766±0.0000,0.5104±0.0000
Link,3shot,PROTEINS,Edgepred_Gprompt+GraphPrompter,0.5229±0.0000,0.6760±0.0000,0.5106±0.0000,0.5200±0.0000
Link,3shot,PROTEINS,Edgepred_Gprompt+None,0.5229±0.0000,0.6760±0.0000,0.5106±0.0000,0.5200±0.0000
Link,3shot,PROTEINS,Edgepred_Gprompt+PSP,0.5229±0.0000,0.6760±0.0000,0.5106±0.0000,0.5200±0.0000
Link,3shot,PROTEINS,Edgepred_Gprompt+ProNoG,0.5162±0.0000,0.6776±0.0000,0.5058±0.0000,0.5279±0.0000
Link,3shot,PROTEINS,Edgepred_Gprompt+SelfPro,0.5619±0.0000,0.6707±0.0000,0.5884±0.0000,0.5787±0.0000
Link,3shot,PROTEINS,Edgepred_Gprompt+UniPrompt,0.5214±0.0000,0.6743±0.0000,0.5064±0.0000,0.5178±0.0000
Link,3shot,PROTEINS,GraphCL+All-in-one,0.4854±0.0000,0.0000±0.0000,0.5236±0.0000,0.5230±0.0000
Link,3shot,PROTEINS,GraphCL+DAGPrompT,0.5511±0.0000,0.6684±0.0000,0.5460±0.0000,0.5298±0.0000
Link,3shot,PROTEINS,GraphCL+EdgePrompt,0.5144±0.0000,0.6792±0.0000,0.4998±0.0000,0.5145±0.0000
Link,3shot,PROTEINS,GraphCL+EdgePromptplus,0.5154±0.0000,0.6781±0.0000,0.5032±0.0000,0.5162±0.0000
Link,3shot,PROTEINS,GraphCL+GPF,0.5406±0.0000,0.6706±0.0000,0.5314±0.0000,0.5314±0.0000
Link,3shot,PROTEINS,GraphCL+GPF-plus,0.5364±0.0000,0.6695±0.0000,0.5294±0.0000,0.5302±0.0000
Link,3shot,PROTEINS,GraphCL+Gprompt,0.5520±0.0000,0.6664±0.0000,0.5473±0.0000,0.5322±0.0000
Link,3shot,PROTEINS,GraphCL+GraphPrompter,0.5318±0.0000,0.6678±0.0000,0.5301±0.0000,0.5328±0.0000
Link,3shot,PROTEINS,GraphCL+None,0.5318±0.0000,0.6678±0.0000,0.5301±0.0000,0.5328±0.0000
Link,3shot,PROTEINS,GraphCL+PSP,0.5318±0.0000,0.6678±0.0000,0.5301±0.0000,0.5328±0.0000
Link,3shot,PROTEINS,GraphCL+ProNoG,0.5496±0.0000,0.6694±0.0000,0.5470±0.0000,0.5390±0.0000
Link,3shot,PROTEINS,GraphCL+SelfPro,0.5379±0.0000,0.6760±0.0000,0.5952±0.0000,0.5825±0.0000
Link,3shot,PROTEINS,GraphCL+UniPrompt,0.5261±0.0000,0.6609±0.0000,0.5291±0.0000,0.5369±0.0000
Link,3shot,PROTEINS,GraphMAE+All-in-one,0.4854±0.0000,0.0000±0.0000,0.6337±0.0000,0.6397±0.0000
Link,3shot,PROTEINS,GraphMAE+DAGPrompT,0.5146±0.0000,0.6795±0.0000,0.4893±0.0000,0.5021±0.0000
Link,3shot,PROTEINS,GraphMAE+EdgePrompt,0.5146±0.0000,0.6795±0.0000,0.4999±0.0000,0.5145±0.0000
Link,3shot,PROTEINS,GraphMAE+EdgePromptplus,0.5145±0.0000,0.6794±0.0000,0.4957±0.0000,0.5124±0.0000
Link,3shot,PROTEINS,GraphMAE+GPF,0.5148±0.0000,0.6796±0.0000,0.4998±0.0000,0.5144±0.0000
Link,3shot,PROTEINS,GraphMAE+GPF-plus,0.5148±0.0000,0.6795±0.0000,0.4996±0.0000,0.5144±0.0000
Link,3shot,PROTEINS,GraphMAE+Gprompt,0.5150±0.0000,0.6796±0.0000,0.4548±0.0000,0.4842±0.0000
Link,3shot,PROTEINS,GraphMAE+GraphPrompter,0.5148±0.0000,0.6795±0.0000,0.4993±0.0000,0.5142±0.0000
Link,3shot,PROTEINS,GraphMAE+None,0.5148±0.0000,0.6795±0.0000,0.4993±0.0000,0.5142±0.0000
Link,3shot,PROTEINS,GraphMAE+PSP,0.5148±0.0000,0.6795±0.0000,0.4993±0.0000,0.5142±0.0000
Link,3shot,PROTEINS,GraphMAE+ProNoG,0.5150±0.0000,0.6796±0.0000,0.4596±0.0000,0.4862±0.0000
Link,3shot,PROTEINS,GraphMAE+SelfPro,0.5145±0.0000,0.6794±0.0000,0.5563±0.0000,0.5525±0.0000
Link,3shot,PROTEINS,GraphMAE+UniPrompt,0.5148±0.0000,0.6795±0.0000,0.4996±0.0000,0.5144±0.0000
Link,3shot,PROTEINS,None+All-in-one,0.4854±0.0000,0.0000±0.0000,0.6379±0.0000,0.6449±0.0000
Link,3shot,PROTEINS,None+DAGPrompT,0.5146±0.0000,0.6795±0.0000,0.4554±0.0000,0.4851±0.0000
Link,3shot,PROTEINS,None+EdgePrompt,0.5146±0.0000,0.6795±0.0000,0.5000±0.0000,0.5146±0.0000
Link,3shot,PROTEINS,None+EdgePromptplus,0.5145±0.0000,0.6794±0.0000,0.4999±0.0000,0.5145±0.0000
Link,3shot,PROTEINS,None+GPF,0.5147±0.0000,0.6795±0.0000,0.5000±0.0000,0.5146±0.0000
Link,3shot,PROTEINS,None+GPF-plus,0.5146±0.0000,0.6794±0.0000,0.5000±0.0000,0.5146±0.0000
Link,3shot,PROTEINS,None+Gprompt,0.5150±0.0000,0.6796±0.0000,0.4539±0.0000,0.4826±0.0000
Link,3shot,PROTEINS,None+GraphPrompter,0.5146±0.0000,0.6794±0.0000,0.5000±0.0000,0.5146±0.0000
Link,3shot,PROTEINS,None+None,0.5146±0.0000,0.6794±0.0000,0.5000±0.0000,0.5146±0.0000
Link,3shot,PROTEINS,None+PSP,0.5146±0.0000,0.6794±0.0000,0.5000±0.0000,0.5146±0.0000
Link,3shot,PROTEINS,None+ProNoG,0.5150±0.0000,0.6796±0.0000,0.4463±0.0000,0.4795±0.0000
Link,3shot,PROTEINS,None+SelfPro,0.5146±0.0000,0.6795±0.0000,0.5584±0.0000,0.5548±0.0000
Link,3shot,PROTEINS,None+UniPrompt,0.5146±0.0000,0.6794±0.0000,0.5000±0.0000,0.5146±0.0000
Link,3shot,PROTEINS,SimGRACE+All-in-one,0.4854±0.0000,0.0000±0.0000,0.5000±0.0000,0.5146±0.0000
Link,3shot,PROTEINS,SimGRACE+DAGPrompT,0.5157±0.0000,0.6735±0.0000,0.5353±0.0000,0.5441±0.0000
Link,3shot,PROTEINS,SimGRACE+EdgePrompt,0.5139±0.0000,0.6788±0.0000,0.4993±0.0000,0.5142±0.0000
Link,3shot,PROTEINS,SimGRACE+EdgePromptplus,0.5147±0.0000,0.6793±0.0000,0.5002±0.0000,0.5147±0.0000
Link,3shot,PROTEINS,SimGRACE+GPF,0.5166±0.0000,0.6781±0.0000,0.5186±0.0000,0.5243±0.0000
Link,3shot,PROTEINS,SimGRACE+GPF-plus,0.5160±0.0000,0.6785±0.0000,0.5794±0.0000,0.5564±0.0000
Link,3shot,PROTEINS,SimGRACE+Gprompt,0.5128±0.0000,0.6754±0.0000,0.5789±0.0000,0.5730±0.0000
Link,3shot,PROTEINS,SimGRACE+GraphPrompter,0.5148±0.0000,0.6758±0.0000,0.5577±0.0000,0.5489±0.0000
Link,3shot,PROTEINS,SimGRACE+None,0.5148±0.0000,0.6758±0.0000,0.5577±0.0000,0.5489±0.0000
Link,3shot,PROTEINS,SimGRACE+PSP,0.5148±0.0000,0.6758±0.0000,0.5577±0.0000,0.5489±0.0000
Link,3shot,PROTEINS,SimGRACE+ProNoG,0.5282±0.0000,0.6679±0.0000,0.5410±0.0000,0.5423±0.0000
Link,3shot,PROTEINS,SimGRACE+SelfPro,0.5295±0.0000,0.6654±0.0000,0.5664±0.0000,0.5621±0.0000
Link,3shot,PROTEINS,SimGRACE+UniPrompt,0.5143±0.0000,0.6765±0.0000,0.5432±0.0000,0.5479±0.0000
Link,3shot,PTC_MR,DGI+All-in-one,0.4024±0.0000,0.0000±0.0000,0.6797±0.0000,0.7383±0.0000
Link,3shot,PTC_MR,DGI+DAGPrompT,0.5976±0.0000,0.7481±0.0000,0.6043±0.0000,0.6447±0.0000
Link,3shot,PTC_MR,DGI+EdgePrompt,0.5669±0.0000,0.7202±0.0000,0.4753±0.0000,0.5856±0.0000
Link,3shot,PTC_MR,DGI+EdgePromptplus,0.5929±0.0000,0.7444±0.0000,0.4372±0.0000,0.5668±0.0000
Link,3shot,PTC_MR,DGI+GPF,0.5983±0.0000,0.7487±0.0000,0.5780±0.0000,0.6473±0.0000
Link,3shot,PTC_MR,DGI+GPF-plus,0.5339±0.0000,0.6844±0.0000,0.4593±0.0000,0.5751±0.0000
Link,3shot,PTC_MR,DGI+Gprompt,0.5955±0.0000,0.7465±0.0000,0.5510±0.0000,0.6541±0.0000
Link,3shot,PTC_MR,DGI+GraphPrompter,0.5979±0.0000,0.7483±0.0000,0.5312±0.0000,0.6086±0.0000
Link,3shot,PTC_MR,DGI+None,0.5979±0.0000,0.7483±0.0000,0.5312±0.0000,0.6086±0.0000
Link,3shot,PTC_MR,DGI+PSP,0.5979±0.0000,0.7483±0.0000,0.5312±0.0000,0.6086±0.0000
Link,3shot,PTC_MR,DGI+ProNoG,0.5969±0.0000,0.7476±0.0000,0.4822±0.0000,0.5619±0.0000
Link,3shot,PTC_MR,DGI+SelfPro,0.5553±0.0000,0.6524±0.0000,0.5144±0.0000,0.6095±0.0000
Link,3shot,PTC_MR,DGI+UniPrompt,0.6005±0.0000,0.7504±0.0000,0.5684±0.0000,0.6333±0.0000
Link,3shot,PTC_MR,Edgepred_GPPT+All-in-one,0.4024±0.0000,0.0000±0.0000,0.6526±0.0000,0.7251±0.0000
Link,3shot,PTC_MR,Edgepred_GPPT+DAGPrompT,0.5976±0.0000,0.7481±0.0000,0.5872±0.0000,0.6369±0.0000
Link,3shot,PTC_MR,Edgepred_GPPT+EdgePrompt,0.5976±0.0000,0.7481±0.0000,0.4745±0.0000,0.5851±0.0000
Link,3shot,PTC_MR,Edgepred_GPPT+EdgePromptplus,0.5748±0.0000,0.7296±0.0000,0.3727±0.0000,0.5352±0.0000
Link,3shot,PTC_MR,Edgepred_GPPT+GPF,0.5976±0.0000,0.7481±0.0000,0.5133±0.0000,0.6201±0.0000
Link,3shot,PTC_MR,Edgepred_GPPT+GPF-plus,0.5716±0.0000,0.7249±0.0000,0.5299±0.0000,0.6354±0.0000
Link,3shot,PTC_MR,Edgepred_GPPT+Gprompt,0.5976±0.0000,0.7481±0.0000,0.5903±0.0000,0.6432±0.0000
Link,3shot,PTC_MR,Edgepred_GPPT+GraphPrompter,0.5976±0.0000,0.7481±0.0000,0.6145±0.0000,0.6652±0.0000
Link,3shot,PTC_MR,Edgepred_GPPT+None,0.5976±0.0000,0.7481±0.0000,0.6145±0.0000,0.6652±0.0000
Link,3shot,PTC_MR,Edgepred_GPPT+PSP,0.5976±0.0000,0.7481±0.0000,0.6145±0.0000,0.6652±0.0000
Link,3shot,PTC_MR,Edgepred_GPPT+ProNoG,0.5976±0.0000,0.7481±0.0000,0.5906±0.0000,0.6457±0.0000
Link,3shot,PTC_MR,Edgepred_GPPT+SelfPro,0.6005±0.0000,0.7504±0.0000,0.4791±0.0000,0.6020±0.0000
Link,3shot,PTC_MR,Edgepred_GPPT+UniPrompt,0.5976±0.0000,0.7481±0.0000,0.6236±0.0000,0.6775±0.0000
Link,3shot,PTC_MR,Edgepred_Gprompt+All-in-one,0.4024±0.0000,0.0000±0.0000,0.7007±0.0000,0.7371±0.0000
Link,3shot,PTC_MR,Edgepred_Gprompt+DAGPrompT,0.5962±0.0000,0.7470±0.0000,0.5716±0.0000,0.6305±0.0000
Link,3shot,PTC_MR,Edgepred_Gprompt+EdgePrompt,0.5953±0.0000,0.7459±0.0000,0.4980±0.0000,0.5967±0.0000
Link,3shot,PTC_MR,Edgepred_Gprompt+EdgePromptplus,0.5976±0.0000,0.7481±0.0000,0.5000±0.0000,0.5976±0.0000
Link,3shot,PTC_MR,Edgepred_Gprompt+GPF,0.5976±0.0000,0.7481±0.0000,0.5102±0.0000,0.6140±0.0000
Link,3shot,PTC_MR,Edgepred_Gprompt+GPF-plus,0.5972±0.0000,0.7478±0.0000,0.5950±0.0000,0.6486±0.0000
Link,3shot,PTC_MR,Edgepred_Gprompt+Gprompt,0.5998±0.0000,0.7498±0.0000,0.5668±0.0000,0.6257±0.0000
Link,3shot,PTC_MR,Edgepred_Gprompt+GraphPrompter,0.5850±0.0000,0.7374±0.0000,0.5333±0.0000,0.6341±0.0000
Link,3shot,PTC_MR,Edgepred_Gprompt+None,0.5850±0.0000,0.7374±0.0000,0.5333±0.0000,0.6341±0.0000
Link,3shot,PTC_MR,Edgepred_Gprompt+PSP,0.5850±0.0000,0.7374±0.0000,0.5333±0.0000,0.6341±0.0000
Link,3shot,PTC_MR,Edgepred_Gprompt+ProNoG,0.5998±0.0000,0.7498±0.0000,0.5666±0.0000,0.6093±0.0000
Link,3shot,PTC_MR,Edgepred_Gprompt+SelfPro,0.5254±0.0000,0.6249±0.0000,0.4842±0.0000,0.5778±0.0000
Link,3shot,PTC_MR,Edgepred_Gprompt+UniPrompt,0.5993±0.0000,0.7494±0.0000,0.5390±0.0000,0.6454±0.0000
Link,3shot,PTC_MR,GraphCL+All-in-one,0.4024±0.0000,0.0000±0.0000,0.6457±0.0000,0.7144±0.0000
Link,3shot,PTC_MR,GraphCL+DAGPrompT,0.5414±0.0000,0.6761±0.0000,0.4560±0.0000,0.5675±0.0000
Link,3shot,PTC_MR,GraphCL+EdgePrompt,0.5811±0.0000,0.7334±0.0000,0.4880±0.0000,0.5918±0.0000
Link,3shot,PTC_MR,GraphCL+EdgePromptplus,0.5645±0.0000,0.7178±0.0000,0.4753±0.0000,0.5861±0.0000
Link,3shot,PTC_MR,GraphCL+GPF,0.5873±0.0000,0.7388±0.0000,0.5074±0.0000,0.5833±0.0000
Link,3shot,PTC_MR,GraphCL+GPF-plus,0.5586±0.0000,0.7115±0.0000,0.5399±0.0000,0.6265±0.0000
Link,3shot,PTC_MR,GraphCL+Gprompt,0.4982±0.0000,0.6239±0.0000,0.4601±0.0000,0.5899±0.0000
Link,3shot,PTC_MR,GraphCL+GraphPrompter,0.5230±0.0000,0.6462±0.0000,0.4735±0.0000,0.5771±0.0000
Link,3shot,PTC_MR,GraphCL+None,0.5230±0.0000,0.6462±0.0000,0.4735±0.0000,0.5771±0.0000
Link,3shot,PTC_MR,GraphCL+PSP,0.5230±0.0000,0.6462±0.0000,0.4735±0.0000,0.5771±0.0000
Link,3shot,PTC_MR,GraphCL+ProNoG,0.5268±0.0000,0.6446±0.0000,0.4667±0.0000,0.5824±0.0000
Link,3shot,PTC_MR,GraphCL+SelfPro,0.4959±0.0000,0.6011±0.0000,0.4665±0.0000,0.5729±0.0000
Link,3shot,PTC_MR,GraphCL+UniPrompt,0.5360±0.0000,0.6544±0.0000,0.4953±0.0000,0.5865±0.0000
Link,3shot,PTC_MR,GraphMAE+All-in-one,0.4024±0.0000,0.0000±0.0000,0.6598±0.0000,0.7324±0.0000
Link,3shot,PTC_MR,GraphMAE+DAGPrompT,0.5962±0.0000,0.7470±0.0000,0.5993±0.0000,0.6533±0.0000
Link,3shot,PTC_MR,GraphMAE+EdgePrompt,0.5998±0.0000,0.7498±0.0000,0.4990±0.0000,0.5993±0.0000
Link,3shot,PTC_MR,GraphMAE+EdgePromptplus,0.5998±0.0000,0.7498±0.0000,0.4950±0.0000,0.5974±0.0000
Link,3shot,PTC_MR,GraphMAE+GPF,0.5955±0.0000,0.7465±0.0000,0.5829±0.0000,0.6695±0.0000
Link,3shot,PTC_MR,GraphMAE+GPF-plus,0.5976±0.0000,0.7481±0.0000,0.5982±0.0000,0.6282±0.0000
Link,3shot,PTC_MR,GraphMAE+Gprompt,0.5998±0.0000,0.7498±0.0000,0.5745±0.0000,0.6784±0.0000
Link,3shot,PTC_MR,GraphMAE+GraphPrompter,0.5976±0.0000,0.7481±0.0000,0.5416±0.0000,0.6650±0.0000
Link,3shot,PTC_MR,GraphMAE+None,0.5976±0.0000,0.7481±0.0000,0.5416±0.0000,0.6650±0.0000
Link,3shot,PTC_MR,GraphMAE+PSP,0.5976±0.0000,0.7481±0.0000,0.5416±0.0000,0.6650±0.0000
Link,3shot,PTC_MR,GraphMAE+ProNoG,0.5998±0.0000,0.7498±0.0000,0.5570±0.0000,0.6752±0.0000
Link,3shot,PTC_MR,GraphMAE+SelfPro,0.5645±0.0000,0.6892±0.0000,0.5033±0.0000,0.5960±0.0000
Link,3shot,PTC_MR,GraphMAE+UniPrompt,0.5976±0.0000,0.7481±0.0000,0.5632±0.0000,0.6574±0.0000
Link,3shot,PTC_MR,None+All-in-one,0.4024±0.0000,0.0000±0.0000,0.6213±0.0000,0.6966±0.0000
Link,3shot,PTC_MR,None+DAGPrompT,0.5998±0.0000,0.7498±0.0000,0.6102±0.0000,0.6815±0.0000
Link,3shot,PTC_MR,None+EdgePrompt,0.5991±0.0000,0.7493±0.0000,0.5000±0.0000,0.5991±0.0000
Link,3shot,PTC_MR,None+EdgePromptplus,0.5962±0.0000,0.7470±0.0000,0.4881±0.0000,0.5904±0.0000
Link,3shot,PTC_MR,None+GPF,0.5976±0.0000,0.7481±0.0000,0.4568±0.0000,0.5949±0.0000
Link,3shot,PTC_MR,None+GPF-plus,0.5950±0.0000,0.7461±0.0000,0.4980±0.0000,0.5820±0.0000
Link,3shot,PTC_MR,None+Gprompt,0.5998±0.0000,0.7498±0.0000,0.5840±0.0000,0.6806±0.0000
Link,3shot,PTC_MR,None+GraphPrompter,0.6005±0.0000,0.7504±0.0000,0.5190±0.0000,0.5850±0.0000
Link,3shot,PTC_MR,None+None,0.6005±0.0000,0.7504±0.0000,0.5190±0.0000,0.5850±0.0000
Link,3shot,PTC_MR,None+PSP,0.6005±0.0000,0.7504±0.0000,0.5190±0.0000,0.5849±0.0000
Link,3shot,PTC_MR,None+ProNoG,0.5991±0.0000,0.7493±0.0000,0.4954±0.0000,0.5778±0.0000
Link,3shot,PTC_MR,None+SelfPro,0.5373±0.0000,0.6603±0.0000,0.4938±0.0000,0.5939±0.0000
Link,3shot,PTC_MR,None+UniPrompt,0.6005±0.0000,0.7504±0.0000,0.5251±0.0000,0.6192±0.0000
Link,3shot,PTC_MR,SimGRACE+All-in-one,0.4024±0.0000,0.0000±0.0000,0.6631±0.0000,0.7442±0.0000
Link,3shot,PTC_MR,SimGRACE+DAGPrompT,0.5047±0.0000,0.6416±0.0000,0.4620±0.0000,0.5771±0.0000
Link,3shot,PTC_MR,SimGRACE+EdgePrompt,0.5077±0.0000,0.6640±0.0000,0.4237±0.0000,0.5601±0.0000
Link,3shot,PTC_MR,SimGRACE+EdgePromptplus,0.5101±0.0000,0.6202±0.0000,0.4495±0.0000,0.5730±0.0000
Link,3shot,PTC_MR,SimGRACE+GPF,0.5386±0.0000,0.6846±0.0000,0.5228±0.0000,0.6245±0.0000
Link,3shot,PTC_MR,SimGRACE+GPF-plus,0.6019±0.0000,0.7515±0.0000,0.5027±0.0000,0.5825±0.0000
Link,3shot,PTC_MR,SimGRACE+Gprompt,0.5112±0.0000,0.6462±0.0000,0.4822±0.0000,0.5859±0.0000
Link,3shot,PTC_MR,SimGRACE+GraphPrompter,0.5178±0.0000,0.6548±0.0000,0.4801±0.0000,0.5764±0.0000
Link,3shot,PTC_MR,SimGRACE+None,0.5178±0.0000,0.6548±0.0000,0.4801±0.0000,0.5764±0.0000
Link,3shot,PTC_MR,SimGRACE+PSP,0.5178±0.0000,0.6548±0.0000,0.4801±0.0000,0.5764±0.0000
Link,3shot,PTC_MR,SimGRACE+ProNoG,0.5184±0.0000,0.6553±0.0000,0.4685±0.0000,0.5817±0.0000
Link,3shot,PTC_MR,SimGRACE+SelfPro,0.4756±0.0000,0.5859±0.0000,0.4658±0.0000,0.5986±0.0000
Link,3shot,PTC_MR,SimGRACE+UniPrompt,0.5407±0.0000,0.6689±0.0000,0.5108±0.0000,0.6066±0.0000
Link,3shot,PubMed,DGI+All-in-one,0.5000±0.0000,0.6667±0.0000,0.8168±0.0000,0.7716±0.0000
Link,3shot,PubMed,DGI+DAGPrompT,0.5000±0.0000,0.6667±0.0000,0.8899±0.0000,0.8754±0.0000
Link,3shot,PubMed,DGI+EdgePrompt,0.4994±0.0000,0.6656±0.0000,0.5051±0.0000,0.5026±0.0000
Link,3shot,PubMed,DGI+EdgePromptplus,0.5100±0.0000,0.6426±0.0000,0.6768±0.0000,0.6869±0.0000
Link,3shot,PubMed,DGI+GPF,0.5000±0.0000,0.6667±0.0000,0.8866±0.0000,0.8707±0.0000
Link,3shot,PubMed,DGI+GPF-plus,0.5000±0.0000,0.6667±0.0000,0.8784±0.0000,0.8634±0.0000
Link,3shot,PubMed,DGI+Gprompt,0.5000±0.0000,0.6667±0.0000,0.8742±0.0000,0.8661±0.0000
Link,3shot,PubMed,DGI+GraphPrompter,0.6613±0.0000,0.7349±0.0000,0.8064±0.0000,0.8126±0.0000
Link,3shot,PubMed,DGI+None,0.6613±0.0000,0.7349±0.0000,0.8064±0.0000,0.8126±0.0000
Link,3shot,PubMed,DGI+PSP,0.6613±0.0000,0.7349±0.0000,0.8064±0.0000,0.8126±0.0000
Link,3shot,PubMed,DGI+ProNoG,0.5000±0.0000,0.6667±0.0000,0.8629±0.0000,0.8594±0.0000
Link,3shot,PubMed,DGI+SelfPro,0.5951±0.0000,0.6506±0.0000,0.6868±0.0000,0.7213±0.0000
Link,3shot,PubMed,DGI+UniPrompt,0.6701±0.0000,0.7426±0.0000,0.8015±0.0000,0.8001±0.0000
Link,3shot,PubMed,Edgepred_GPPT+All-in-one,0.5000±0.0000,0.6667±0.0000,0.6477±0.0000,0.6882±0.0000
Link,3shot,PubMed,Edgepred_GPPT+DAGPrompT,0.5000±0.0000,0.6667±0.0000,0.8257±0.0000,0.8381±0.0000
Link,3shot,PubMed,Edgepred_GPPT+EdgePrompt,0.4398±0.0000,0.5845±0.0000,0.5328±0.0000,0.5322±0.0000
Link,3shot,PubMed,Edgepred_GPPT+EdgePromptplus,0.4939±0.0000,0.5985±0.0000,0.6467±0.0000,0.6615±0.0000
Link,3shot,PubMed,Edgepred_GPPT+GPF,0.4938±0.0000,0.6602±0.0000,0.7997±0.0000,0.8318±0.0000
Link,3shot,PubMed,Edgepred_GPPT+GPF-plus,0.5000±0.0000,0.6667±0.0000,0.5000±0.0000,0.5000±0.0000
Link,3shot,PubMed,Edgepred_GPPT+Gprompt,0.5000±0.0000,0.6667±0.0000,0.8954±0.0000,0.8992±0.0000
Link,3shot,PubMed,Edgepred_GPPT+GraphPrompter,0.5000±0.0000,0.6666±0.0000,0.6711±0.0000,0.7411±0.0000
Link,3shot,PubMed,Edgepred_GPPT+None,0.5000±0.0000,0.6666±0.0000,0.6711±0.0000,0.7411±0.0000
Link,3shot,PubMed,Edgepred_GPPT+PSP,0.5000±0.0000,0.6666±0.0000,0.6711±0.0000,0.7411±0.0000
Link,3shot,PubMed,Edgepred_GPPT+ProNoG,0.5000±0.0000,0.6667±0.0000,0.9021±0.0000,0.9069±0.0000
Link,3shot,PubMed,Edgepred_GPPT+SelfPro,0.7067±0.0000,0.7692±0.0000,0.8683±0.0000,0.8277±0.0000
Link,3shot,PubMed,Edgepred_GPPT+UniPrompt,0.5000±0.0000,0.6667±0.0000,0.7631±0.0000,0.7770±0.0000
Link,3shot,PubMed,Edgepred_Gprompt+All-in-one,0.5000±0.0000,0.6667±0.0000,0.7488±0.0000,0.7287±0.0000
Link,3shot,PubMed,Edgepred_Gprompt+DAGPrompT,0.5000±0.0000,0.6667±0.0000,0.8944±0.0000,0.8777±0.0000
Link,3shot,PubMed,Edgepred_Gprompt+EdgePrompt,0.4844±0.0000,0.6523±0.0000,0.6731±0.0000,0.7345±0.0000
Link,3shot,PubMed,Edgepred_Gprompt+EdgePromptplus,0.4999±0.0000,0.6659±0.0000,0.7223±0.0000,0.7804±0.0000
Link,3shot,PubMed,Edgepred_Gprompt+GPF,0.5000±0.0000,0.6667±0.0000,0.8869±0.0000,0.8712±0.0000
Link,3shot,PubMed,Edgepred_Gprompt+GPF-plus,0.5000±0.0000,0.6667±0.0000,0.8910±0.0000,0.8726±0.0000
Link,3shot,PubMed,Edgepred_Gprompt+Gprompt,0.5000±0.0000,0.6667±0.0000,0.8605±0.0000,0.8617±0.0000
Link,3shot,PubMed,Edgepred_Gprompt+GraphPrompter,0.6830±0.0000,0.7512±0.0000,0.8553±0.0000,0.8678±0.0000
Link,3shot,PubMed,Edgepred_Gprompt+None,0.6830±0.0000,0.7512±0.0000,0.8553±0.0000,0.8678±0.0000
Link,3shot,PubMed,Edgepred_Gprompt+PSP,0.6830±0.0000,0.7512±0.0000,0.8553±0.0000,0.8678±0.0000
Link,3shot,PubMed,Edgepred_Gprompt+ProNoG,0.5000±0.0000,0.6667±0.0000,0.8556±0.0000,0.8592±0.0000
Link,3shot,PubMed,Edgepred_Gprompt+SelfPro,0.6728±0.0000,0.7424±0.0000,0.8278±0.0000,0.8202±0.0000
Link,3shot,PubMed,Edgepred_Gprompt+UniPrompt,0.6952±0.0000,0.7581±0.0000,0.8301±0.0000,0.8215±0.0000
Link,3shot,PubMed,GraphCL+All-in-one,0.5000±0.0000,0.6667±0.0000,0.7355±0.0000,0.7308±0.0000
Link,3shot,PubMed,GraphCL+DAGPrompT,0.6230±0.0000,0.7195±0.0000,0.8424±0.0000,0.8595±0.0000
Link,3shot,PubMed,GraphCL+EdgePrompt,0.4798±0.0000,0.6402±0.0000,0.4793±0.0000,0.4899±0.0000
Link,3shot,PubMed,GraphCL+EdgePromptplus,0.4843±0.0000,0.6466±0.0000,0.5575±0.0000,0.5367±0.0000
Link,3shot,PubMed,GraphCL+GPF,0.5000±0.0000,0.6667±0.0000,0.9036±0.0000,0.8888±0.0000
Link,3shot,PubMed,GraphCL+GPF-plus,0.5000±0.0000,0.6667±0.0000,0.8900±0.0000,0.8787±0.0000
Link,3shot,PubMed,GraphCL+Gprompt,0.7085±0.0000,0.7606±0.0000,0.8554±0.0000,0.8670±0.0000
Link,3shot,PubMed,GraphCL+GraphPrompter,0.7098±0.0000,0.7653±0.0000,0.8787±0.0000,0.8862±0.0000
Link,3shot,PubMed,GraphCL+None,0.7098±0.0000,0.7653±0.0000,0.8787±0.0000,0.8862±0.0000
Link,3shot,PubMed,GraphCL+PSP,0.7098±0.0000,0.7653±0.0000,0.8787±0.0000,0.8862±0.0000
Link,3shot,PubMed,GraphCL+ProNoG,0.7005±0.0000,0.7583±0.0000,0.8623±0.0000,0.8718±0.0000
Link,3shot,PubMed,GraphCL+SelfPro,0.7145±0.0000,0.7679±0.0000,0.8477±0.0000,0.8356±0.0000
Link,3shot,PubMed,GraphCL+UniPrompt,0.7165±0.0000,0.7699±0.0000,0.8529±0.0000,0.8482±0.0000
Link,3shot,PubMed,GraphMAE+All-in-one,0.5859±0.0000,0.3654±0.0000,0.6404±0.0000,0.6775±0.0000
Link,3shot,PubMed,GraphMAE+DAGPrompT,0.5000±0.0000,0.6667±0.0000,0.8879±0.0000,0.8745±0.0000
Link,3shot,PubMed,GraphMAE+EdgePrompt,0.4394±0.0000,0.6016±0.0000,0.5548±0.0000,0.5524±0.0000
Link,3shot,PubMed,GraphMAE+EdgePromptplus,0.4993±0.0000,0.6654±0.0000,0.6908±0.0000,0.6981±0.0000
Link,3shot,PubMed,GraphMAE+GPF,0.5000±0.0000,0.6667±0.0000,0.8966±0.0000,0.8805±0.0000
Link,3shot,PubMed,GraphMAE+GPF-plus,0.5000±0.0000,0.6667±0.0000,0.9024±0.0000,0.8847±0.0000
Link,3shot,PubMed,GraphMAE+Gprompt,0.5000±0.0000,0.6667±0.0000,0.8771±0.0000,0.8687±0.0000
Link,3shot,PubMed,GraphMAE+GraphPrompter,0.6830±0.0000,0.7551±0.0000,0.9047±0.0000,0.9062±0.0000
Link,3shot,PubMed,GraphMAE+None,0.6830±0.0000,0.7551±0.0000,0.9047±0.0000,0.9062±0.0000
Link,3shot,PubMed,GraphMAE+PSP,0.6830±0.0000,0.7551±0.0000,0.9047±0.0000,0.9062±0.0000
Link,3shot,PubMed,GraphMAE+ProNoG,0.5000±0.0000,0.6667±0.0000,0.8682±0.0000,0.8627±0.0000
Link,3shot,PubMed,GraphMAE+SelfPro,0.7216±0.0000,0.7763±0.0000,0.8745±0.0000,0.8485±0.0000
Link,3shot,PubMed,GraphMAE+UniPrompt,0.7120±0.0000,0.7700±0.0000,0.8824±0.0000,0.8839±0.0000
Link,3shot,PubMed,None+All-in-one,0.5000±0.0000,0.6667±0.0000,0.8054±0.0000,0.7785±0.0000
Link,3shot,PubMed,None+DAGPrompT,0.5000±0.0000,0.6667±0.0000,0.8976±0.0000,0.8770±0.0000
Link,3shot,PubMed,None+EdgePrompt,0.4550±0.0000,0.6227±0.0000,0.5762±0.0000,0.5931±0.0000
Link,3shot,PubMed,None+EdgePromptplus,0.4835±0.0000,0.6491±0.0000,0.6888±0.0000,0.7548±0.0000
Link,3shot,PubMed,None+GPF,0.5000±0.0000,0.6667±0.0000,0.8888±0.0000,0.8711±0.0000
Link,3shot,PubMed,None+GPF-plus,0.5000±0.0000,0.6667±0.0000,0.8922±0.0000,0.8734±0.0000
Link,3shot,PubMed,None+Gprompt,0.5000±0.0000,0.6667±0.0000,0.8954±0.0000,0.8767±0.0000
Link,3shot,PubMed,None+GraphPrompter,0.5000±0.0000,0.6667±0.0000,0.8983±0.0000,0.8786±0.0000
Link,3shot,PubMed,None+None,0.5000±0.0000,0.6667±0.0000,0.8983±0.0000,0.8786±0.0000
Link,3shot,PubMed,None+PSP,0.5000±0.0000,0.6667±0.0000,0.8983±0.0000,0.8786±0.0000
Link,3shot,PubMed,None+ProNoG,0.5000±0.0000,0.6667±0.0000,0.8961±0.0000,0.8775±0.0000
Link,3shot,PubMed,None+SelfPro,0.5001±0.0000,0.6667±0.0000,0.7079±0.0000,0.7469±0.0000
Link,3shot,PubMed,None+UniPrompt,0.5000±0.0000,0.6667±0.0000,0.8608±0.0000,0.8467±0.0000
Link,3shot,PubMed,SimGRACE+All-in-one,0.5000±0.0000,0.0000±0.0000,0.2084±0.0000,0.3468±0.0000
Link,3shot,PubMed,SimGRACE+DAGPrompT,0.5000±0.0000,0.6667±0.0000,0.9063±0.0000,0.8861±0.0000
Link,3shot,PubMed,SimGRACE+EdgePrompt,0.4874±0.0000,0.6515±0.0000,0.4877±0.0000,0.4939±0.0000
Link,3shot,PubMed,SimGRACE+EdgePromptplus,0.4917±0.0000,0.6570±0.0000,0.4917±0.0000,0.4959±0.0000
Link,3shot,PubMed,SimGRACE+GPF,0.5000±0.0000,0.6667±0.0000,0.7643±0.0000,0.7002±0.0000
Link,3shot,PubMed,SimGRACE+GPF-plus,0.5000±0.0000,0.6667±0.0000,0.8183±0.0000,0.8389±0.0000
Link,3shot,PubMed,SimGRACE+Gprompt,0.5208±0.0000,0.6753±0.0000,0.8680±0.0000,0.8578±0.0000
Link,3shot,PubMed,SimGRACE+GraphPrompter,0.5151±0.0000,0.6710±0.0000,0.7478±0.0000,0.7179±0.0000
Link,3shot,PubMed,SimGRACE+None,0.5151±0.0000,0.6710±0.0000,0.7478±0.0000,0.7179±0.0000
Link,3shot,PubMed,SimGRACE+PSP,0.5151±0.0000,0.6710±0.0000,0.7478±0.0000,0.7179±0.0000
Link,3shot,PubMed,SimGRACE+ProNoG,0.5362±0.0000,0.6814±0.0000,0.8457±0.0000,0.8429±0.0000
Link,3shot,PubMed,SimGRACE+SelfPro,0.5528±0.0000,0.6880±0.0000,0.7503±0.0000,0.7211±0.0000
Link,3shot,PubMed,SimGRACE+UniPrompt,0.5446±0.0000,0.6843±0.0000,0.7024±0.0000,0.6579±0.0000
Link,3shot,Wisconsin,DGI+All-in-one,0.3542±0.0000,0.3673±0.0000,0.3125±0.0000,0.4216±0.0000
Link,3shot,Wisconsin,DGI+DAGPrompT,0.4792±0.0000,0.6154±0.0000,0.5417±0.0000,0.6296±0.0000
Link,3shot,Wisconsin,DGI+EdgePrompt,0.5000±0.0000,0.6667±0.0000,0.6753±0.0000,0.6071±0.0000
Link,3shot,Wisconsin,DGI+EdgePromptplus,0.4792±0.0000,0.5763±0.0000,0.5408±0.0000,0.5716±0.0000
Link,3shot,Wisconsin,DGI+GPF,0.5000±0.0000,0.6667±0.0000,0.6719±0.0000,0.6350±0.0000
Link,3shot,Wisconsin,DGI+GPF-plus,0.5000±0.0000,0.6667±0.0000,0.7196±0.0000,0.7036±0.0000
Link,3shot,Wisconsin,DGI+Gprompt,0.5625±0.0000,0.6957±0.0000,0.7552±0.0000,0.8243±0.0000
Link,3shot,Wisconsin,DGI+GraphPrompter,0.5208±0.0000,0.6761±0.0000,0.8212±0.0000,0.8377±0.0000
Link,3shot,Wisconsin,DGI+None,0.5208±0.0000,0.6761±0.0000,0.8212±0.0000,0.8377±0.0000
Link,3shot,Wisconsin,DGI+PSP,0.5208±0.0000,0.6761±0.0000,0.8212±0.0000,0.8377±0.0000
Link,3shot,Wisconsin,DGI+ProNoG,0.5000±0.0000,0.6667±0.0000,0.8125±0.0000,0.8558±0.0000
Link,3shot,Wisconsin,DGI+SelfPro,0.5000±0.0000,0.5714±0.0000,0.5625±0.0000,0.5954±0.0000
Link,3shot,Wisconsin,DGI+UniPrompt,0.5000±0.0000,0.6667±0.0000,0.6493±0.0000,0.6051±0.0000
Link,3shot,Wisconsin,Edgepred_GPPT+All-in-one,0.3958±0.0000,0.3256±0.0000,0.3924±0.0000,0.4745±0.0000
Link,3shot,Wisconsin,Edgepred_GPPT+DAGPrompT,0.4792±0.0000,0.6269±0.0000,0.6128±0.0000,0.7034±0.0000
Link,3shot,Wisconsin,Edgepred_GPPT+EdgePrompt,0.5625±0.0000,0.6667±0.0000,0.5599±0.0000,0.5383±0.0000
Link,3shot,Wisconsin,Edgepred_GPPT+EdgePromptplus,0.6250±0.0000,0.7188±0.0000,0.7031±0.0000,0.6491±0.0000
Link,3shot,Wisconsin,Edgepred_GPPT+GPF,0.6042±0.0000,0.7164±0.0000,0.6970±0.0000,0.6309±0.0000
Link,3shot,Wisconsin,Edgepred_GPPT+GPF-plus,0.5417±0.0000,0.6667±0.0000,0.6241±0.0000,0.5919±0.0000
Link,3shot,Wisconsin,Edgepred_GPPT+Gprompt,0.4792±0.0000,0.6479±0.0000,0.7448±0.0000,0.7834±0.0000
Link,3shot,Wisconsin,Edgepred_GPPT+GraphPrompter,0.6250±0.0000,0.7273±0.0000,0.7413±0.0000,0.6767±0.0000
Link,3shot,Wisconsin,Edgepred_GPPT+None,0.6250±0.0000,0.7273±0.0000,0.7413±0.0000,0.6767±0.0000
Link,3shot,Wisconsin,Edgepred_GPPT+PSP,0.6250±0.0000,0.7273±0.0000,0.7413±0.0000,0.6767±0.0000
Link,3shot,Wisconsin,Edgepred_GPPT+ProNoG,0.5417±0.0000,0.6857±0.0000,0.8073±0.0000,0.7951±0.0000
Link,3shot,Wisconsin,Edgepred_GPPT+SelfPro,0.6667±0.0000,0.7241±0.0000,0.7951±0.0000,0.8147±0.0000
Link,3shot,Wisconsin,Edgepred_GPPT+UniPrompt,0.6458±0.0000,0.7119±0.0000,0.7552±0.0000,0.7332±0.0000
Link,3shot,Wisconsin,Edgepred_Gprompt+All-in-one,0.5000±0.0000,0.0000±0.0000,0.3733±0.0000,0.4962±0.0000
Link,3shot,Wisconsin,Edgepred_Gprompt+DAGPrompT,0.4583±0.0000,0.5667±0.0000,0.5816±0.0000,0.7016±0.0000
Link,3shot,Wisconsin,Edgepred_Gprompt+EdgePrompt,0.5625±0.0000,0.6667±0.0000,0.6528±0.0000,0.6350±0.0000
Link,3shot,Wisconsin,Edgepred_Gprompt+EdgePromptplus,0.5000±0.0000,0.6667±0.0000,0.7752±0.0000,0.7808±0.0000
Link,3shot,Wisconsin,Edgepred_Gprompt+GPF,0.5208±0.0000,0.6761±0.0000,0.7413±0.0000,0.7941±0.0000
Link,3shot,Wisconsin,Edgepred_Gprompt+GPF-plus,0.5417±0.0000,0.6857±0.0000,0.7865±0.0000,0.8288±0.0000
Link,3shot,Wisconsin,Edgepred_Gprompt+Gprompt,0.7083±0.0000,0.7667±0.0000,0.8646±0.0000,0.8418±0.0000
Link,3shot,Wisconsin,Edgepred_Gprompt+GraphPrompter,0.5208±0.0000,0.6761±0.0000,0.7969±0.0000,0.7879±0.0000
Link,3shot,Wisconsin,Edgepred_Gprompt+None,0.5208±0.0000,0.6761±0.0000,0.7969±0.0000,0.7879±0.0000
Link,3shot,Wisconsin,Edgepred_Gprompt+PSP,0.5208±0.0000,0.6761±0.0000,0.7969±0.0000,0.7879±0.0000
Link,3shot,Wisconsin,Edgepred_Gprompt+ProNoG,0.5625±0.0000,0.6866±0.0000,0.8247±0.0000,0.8437±0.0000
Link,3shot,Wisconsin,Edgepred_Gprompt+SelfPro,0.5000±0.0000,0.6667±0.0000,0.7448±0.0000,0.7793±0.0000
Link,3shot,Wisconsin,Edgepred_Gprompt+UniPrompt,0.5417±0.0000,0.6857±0.0000,0.7604±0.0000,0.7641±0.0000
Link,3shot,Wisconsin,GraphCL+All-in-one,0.5000±0.0000,0.6667±0.0000,0.6406±0.0000,0.6707±0.0000
Link,3shot,Wisconsin,GraphCL+DAGPrompT,0.5417±0.0000,0.6857±0.0000,0.7726±0.0000,0.8201±0.0000
Link,3shot,Wisconsin,GraphCL+EdgePrompt,0.5417±0.0000,0.6562±0.0000,0.5391±0.0000,0.5219±0.0000
Link,3shot,Wisconsin,GraphCL+EdgePromptplus,0.5833±0.0000,0.6774±0.0000,0.6016±0.0000,0.5591±0.0000
Link,3shot,Wisconsin,GraphCL+GPF,0.6458±0.0000,0.7213±0.0000,0.6510±0.0000,0.5905±0.0000
Link,3shot,Wisconsin,GraphCL+GPF-plus,0.5417±0.0000,0.6562±0.0000,0.5365±0.0000,0.5219±0.0000
Link,3shot,Wisconsin,GraphCL+Gprompt,0.6250±0.0000,0.7188±0.0000,0.7500±0.0000,0.7121±0.0000
Link,3shot,Wisconsin,GraphCL+GraphPrompter,0.6042±0.0000,0.6885±0.0000,0.6042±0.0000,0.5591±0.0000
Link,3shot,Wisconsin,GraphCL+None,0.6042±0.0000,0.6885±0.0000,0.6042±0.0000,0.5591±0.0000
Link,3shot,Wisconsin,GraphCL+PSP,0.6042±0.0000,0.6885±0.0000,0.6042±0.0000,0.5591±0.0000
Link,3shot,Wisconsin,GraphCL+ProNoG,0.6667±0.0000,0.7333±0.0000,0.6701±0.0000,0.6144±0.0000
Link,3shot,Wisconsin,GraphCL+SelfPro,0.6042±0.0000,0.6885±0.0000,0.7222±0.0000,0.7201±0.0000
Link,3shot,Wisconsin,GraphCL+UniPrompt,0.6667±0.0000,0.7241±0.0000,0.6797±0.0000,0.6193±0.0000
Link,3shot,Wisconsin,GraphMAE+All-in-one,0.5000±0.0000,0.6667±0.0000,0.4358±0.0000,0.5374±0.0000
Link,3shot,Wisconsin,GraphMAE+DAGPrompT,0.4792±0.0000,0.6154±0.0000,0.6389±0.0000,0.7310±0.0000
Link,3shot,Wisconsin,GraphMAE+EdgePrompt,0.6042±0.0000,0.6984±0.0000,0.6415±0.0000,0.6147±0.0000
Link,3shot,Wisconsin,GraphMAE+EdgePromptplus,0.5417±0.0000,0.6667±0.0000,0.6597±0.0000,0.6916±0.0000
Link,3shot,Wisconsin,GraphMAE+GPF,0.4792±0.0000,0.6479±0.0000,0.6910±0.0000,0.7583±0.0000
Link,3shot,Wisconsin,GraphMAE+GPF-plus,0.5000±0.0000,0.6667±0.0000,0.8116±0.0000,0.7873±0.0000
Link,3shot,Wisconsin,GraphMAE+Gprompt,0.5000±0.0000,0.6667±0.0000,0.8212±0.0000,0.8511±0.0000
Link,3shot,Wisconsin,GraphMAE+GraphPrompter,0.5000±0.0000,0.6667±0.0000,0.7812±0.0000,0.8178±0.0000
Link,3shot,Wisconsin,GraphMAE+None,0.5000±0.0000,0.6667±0.0000,0.7812±0.0000,0.8178±0.0000
Link,3shot,Wisconsin,GraphMAE+PSP,0.5000±0.0000,0.6667±0.0000,0.7812±0.0000,0.8178±0.0000
Link,3shot,Wisconsin,GraphMAE+ProNoG,0.5208±0.0000,0.6761±0.0000,0.8507±0.0000,0.8826±0.0000
Link,3shot,Wisconsin,GraphMAE+SelfPro,0.5625±0.0000,0.6769±0.0000,0.7812±0.0000,0.8286±0.0000
Link,3shot,Wisconsin,GraphMAE+UniPrompt,0.5208±0.0000,0.6667±0.0000,0.7951±0.0000,0.8308±0.0000
Link,3shot,Wisconsin,None+All-in-one,0.4792±0.0000,0.6479±0.0000,0.3229±0.0000,0.4708±0.0000
Link,3shot,Wisconsin,None+DAGPrompT,0.5000±0.0000,0.6667±0.0000,0.7483±0.0000,0.7997±0.0000
Link,3shot,Wisconsin,None+EdgePrompt,0.5000±0.0000,0.6571±0.0000,0.6684±0.0000,0.6129±0.0000
Link,3shot,Wisconsin,None+EdgePromptplus,0.5000±0.0000,0.6667±0.0000,0.6892±0.0000,0.6129±0.0000
Link,3shot,Wisconsin,None+GPF,0.5000±0.0000,0.6667±0.0000,0.7257±0.0000,0.7998±0.0000
Link,3shot,Wisconsin,None+GPF-plus,0.5000±0.0000,0.6667±0.0000,0.7535±0.0000,0.8144±0.0000
Link,3shot,Wisconsin,None+Gprompt,0.5625±0.0000,0.6769±0.0000,0.6701±0.0000,0.7390±0.0000
Link,3shot,Wisconsin,None+GraphPrompter,0.5208±0.0000,0.6667±0.0000,0.7431±0.0000,0.7758±0.0000
Link,3shot,Wisconsin,None+None,0.5208±0.0000,0.6667±0.0000,0.7431±0.0000,0.7758±0.0000
Link,3shot,Wisconsin,None+PSP,0.5208±0.0000,0.6667±0.0000,0.7431±0.0000,0.7758±0.0000
Link,3shot,Wisconsin,None+ProNoG,0.6458±0.0000,0.7385±0.0000,0.8767±0.0000,0.8668±0.0000
Link,3shot,Wisconsin,None+SelfPro,0.5208±0.0000,0.6761±0.0000,0.6510±0.0000,0.7284±0.0000
Link,3shot,Wisconsin,None+UniPrompt,0.5833±0.0000,0.7059±0.0000,0.7951±0.0000,0.7864±0.0000
Link,3shot,Wisconsin,SimGRACE+All-in-one,0.5000±0.0000,0.6667±0.0000,0.3872±0.0000,0.5285±0.0000
Link,3shot,Wisconsin,SimGRACE+DAGPrompT,0.5417±0.0000,0.6857±0.0000,0.6910±0.0000,0.7305±0.0000
Link,3shot,Wisconsin,SimGRACE+EdgePrompt,0.4375±0.0000,0.5970±0.0000,0.5104±0.0000,0.5196±0.0000
Link,3shot,Wisconsin,SimGRACE+EdgePromptplus,0.5417±0.0000,0.6667±0.0000,0.6024±0.0000,0.6823±0.0000
Link,3shot,Wisconsin,SimGRACE+GPF,0.5000±0.0000,0.6667±0.0000,0.5521±0.0000,0.6099±0.0000
Link,3shot,Wisconsin,SimGRACE+GPF-plus,0.5000±0.0000,0.6667±0.0000,0.5677±0.0000,0.6611±0.0000
Link,3shot,Wisconsin,SimGRACE+Gprompt,0.6042±0.0000,0.7164±0.0000,0.7188±0.0000,0.7338±0.0000
Link,3shot,Wisconsin,SimGRACE+GraphPrompter,0.5000±0.0000,0.6667±0.0000,0.6163±0.0000,0.7428±0.0000
Link,3shot,Wisconsin,SimGRACE+None,0.5000±0.0000,0.6667±0.0000,0.6163±0.0000,0.7428±0.0000
Link,3shot,Wisconsin,SimGRACE+PSP,0.5000±0.0000,0.6667±0.0000,0.6163±0.0000,0.7428±0.0000
Link,3shot,Wisconsin,SimGRACE+ProNoG,0.5417±0.0000,0.6452±0.0000,0.6562±0.0000,0.7382±0.0000
Link,3shot,Wisconsin,SimGRACE+SelfPro,0.5625±0.0000,0.6866±0.0000,0.6667±0.0000,0.6976±0.0000
Link,3shot,Wisconsin,SimGRACE+UniPrompt,0.5208±0.0000,0.6761±0.0000,0.7274±0.0000,0.7481±0.0000
Link,5shot,CiteSeer,DGI+All-in-one,0.5022±0.0000,0.0088±0.0000,0.4433±0.0000,0.5131±0.0000
Link,5shot,CiteSeer,DGI+DAGPrompT,0.5000±0.0000,0.6667±0.0000,0.6759±0.0000,0.7148±0.0000
Link,5shot,CiteSeer,DGI+EdgePrompt,0.5000±0.0000,0.6667±0.0000,0.5438±0.0000,0.5624±0.0000
Link,5shot,CiteSeer,DGI+EdgePromptplus,0.4956±0.0000,0.6582±0.0000,0.5831±0.0000,0.6661±0.0000
Link,5shot,CiteSeer,DGI+GPF,0.5000±0.0000,0.6667±0.0000,0.6481±0.0000,0.6572±0.0000
Link,5shot,CiteSeer,DGI+GPF-plus,0.5000±0.0000,0.6667±0.0000,0.7267±0.0000,0.7300±0.0000
Link,5shot,CiteSeer,DGI+Gprompt,0.5000±0.0000,0.6667±0.0000,0.6427±0.0000,0.6980±0.0000
Link,5shot,CiteSeer,DGI+GraphPrompter,0.6626±0.0000,0.7422±0.0000,0.8026±0.0000,0.7909±0.0000
Link,5shot,CiteSeer,DGI+None,0.6626±0.0000,0.7422±0.0000,0.8026±0.0000,0.7909±0.0000
Link,5shot,CiteSeer,DGI+PSP,0.6626±0.0000,0.7422±0.0000,0.8026±0.0000,0.7909±0.0000
Link,5shot,CiteSeer,DGI+ProNoG,0.5000±0.0000,0.6667±0.0000,0.6369±0.0000,0.6912±0.0000
Link,5shot,CiteSeer,DGI+SelfPro,0.5582±0.0000,0.6378±0.0000,0.6567±0.0000,0.7047±0.0000
Link,5shot,CiteSeer,DGI+UniPrompt,0.6648±0.0000,0.7426±0.0000,0.7977±0.0000,0.7870±0.0000
Link,5shot,CiteSeer,Edgepred_GPPT+All-in-one,0.5000±0.0000,0.6667±0.0000,0.5456±0.0000,0.6308±0.0000
Link,5shot,CiteSeer,Edgepred_GPPT+DAGPrompT,0.5000±0.0000,0.6667±0.0000,0.7476±0.0000,0.7333±0.0000
Link,5shot,CiteSeer,Edgepred_GPPT+EdgePrompt,0.4901±0.0000,0.6527±0.0000,0.6903±0.0000,0.7176±0.0000
Link,5shot,CiteSeer,Edgepred_GPPT+EdgePromptplus,0.4956±0.0000,0.6477±0.0000,0.7062±0.0000,0.7188±0.0000
Link,5shot,CiteSeer,Edgepred_GPPT+GPF,0.5000±0.0000,0.6667±0.0000,0.6434±0.0000,0.6500±0.0000
Link,5shot,CiteSeer,Edgepred_GPPT+GPF-plus,0.5000±0.0000,0.6667±0.0000,0.6067±0.0000,0.6549±0.0000
Link,5shot,CiteSeer,Edgepred_GPPT+Gprompt,0.5000±0.0000,0.6667±0.0000,0.7312±0.0000,0.7261±0.0000
Link,5shot,CiteSeer,Edgepred_GPPT+GraphPrompter,0.5000±0.0000,0.6667±0.0000,0.7597±0.0000,0.7458±0.0000
Link,5shot,CiteSeer,Edgepred_GPPT+None,0.5000±0.0000,0.6667±0.0000,0.7597±0.0000,0.7458±0.0000
Link,5shot,CiteSeer,Edgepred_GPPT+PSP,0.5000±0.0000,0.6667±0.0000,0.7597±0.0000,0.7458±0.0000
Link,5shot,CiteSeer,Edgepred_GPPT+ProNoG,0.5000±0.0000,0.6667±0.0000,0.7491±0.0000,0.7366±0.0000
Link,5shot,CiteSeer,Edgepred_GPPT+SelfPro,0.6725±0.0000,0.7367±0.0000,0.7733±0.0000,0.7484±0.0000
Link,5shot,CiteSeer,Edgepred_GPPT+UniPrompt,0.5000±0.0000,0.6667±0.0000,0.7844±0.0000,0.7745±0.0000
Link,5shot,CiteSeer,Edgepred_Gprompt+All-in-one,0.5000±0.0000,0.0000±0.0000,0.5402±0.0000,0.5934±0.0000
Link,5shot,CiteSeer,Edgepred_Gprompt+DAGPrompT,0.5000±0.0000,0.6667±0.0000,0.6392±0.0000,0.6513±0.0000
Link,5shot,CiteSeer,Edgepred_Gprompt+EdgePrompt,0.4835±0.0000,0.6466±0.0000,0.5833±0.0000,0.6724±0.0000
Link,5shot,CiteSeer,Edgepred_Gprompt+EdgePromptplus,0.4989±0.0000,0.6622±0.0000,0.5963±0.0000,0.6815±0.0000
Link,5shot,CiteSeer,Edgepred_Gprompt+GPF,0.5000±0.0000,0.6667±0.0000,0.6404±0.0000,0.6482±0.0000
Link,5shot,CiteSeer,Edgepred_Gprompt+GPF-plus,0.5000±0.0000,0.6667±0.0000,0.6562±0.0000,0.6651±0.0000
Link,5shot,CiteSeer,Edgepred_Gprompt+Gprompt,0.5000±0.0000,0.6667±0.0000,0.6051±0.0000,0.6515±0.0000
Link,5shot,CiteSeer,Edgepred_Gprompt+GraphPrompter,0.5000±0.0000,0.6667±0.0000,0.5910±0.0000,0.6430±0.0000
Link,5shot,CiteSeer,Edgepred_Gprompt+None,0.5000±0.0000,0.6667±0.0000,0.5910±0.0000,0.6430±0.0000
Link,5shot,CiteSeer,Edgepred_Gprompt+PSP,0.5000±0.0000,0.6667±0.0000,0.5910±0.0000,0.6430±0.0000
Link,5shot,CiteSeer,Edgepred_Gprompt+ProNoG,0.5000±0.0000,0.6667±0.0000,0.6172±0.0000,0.6572±0.0000
Link,5shot,CiteSeer,Edgepred_Gprompt+SelfPro,0.5538±0.0000,0.6891±0.0000,0.8345±0.0000,0.8477±0.0000
Link,5shot,CiteSeer,Edgepred_Gprompt+UniPrompt,0.5000±0.0000,0.6667±0.0000,0.5779±0.0000,0.6421±0.0000
Link,5shot,CiteSeer,GraphCL+All-in-one,0.5000±0.0000,0.0000±0.0000,0.5653±0.0000,0.6185±0.0000
Link,5shot,CiteSeer,GraphCL+DAGPrompT,0.5846±0.0000,0.6995±0.0000,0.7260±0.0000,0.7078±0.0000
Link,5shot,CiteSeer,GraphCL+EdgePrompt,0.4901±0.0000,0.6563±0.0000,0.5696±0.0000,0.5957±0.0000
Link,5shot,CiteSeer,GraphCL+EdgePromptplus,0.4747±0.0000,0.6329±0.0000,0.5822±0.0000,0.5974±0.0000
Link,5shot,CiteSeer,GraphCL+GPF,0.5022±0.0000,0.6676±0.0000,0.6802±0.0000,0.6709±0.0000
Link,5shot,CiteSeer,GraphCL+GPF-plus,0.5000±0.0000,0.6667±0.0000,0.6474±0.0000,0.6318±0.0000
Link,5shot,CiteSeer,GraphCL+Gprompt,0.6077±0.0000,0.7095±0.0000,0.7193±0.0000,0.6986±0.0000
Link,5shot,CiteSeer,GraphCL+GraphPrompter,0.6505±0.0000,0.7220±0.0000,0.7522±0.0000,0.7444±0.0000
Link,5shot,CiteSeer,GraphCL+None,0.6505±0.0000,0.7220±0.0000,0.7522±0.0000,0.7444±0.0000
Link,5shot,CiteSeer,GraphCL+PSP,0.6505±0.0000,0.7220±0.0000,0.7522±0.0000,0.7444±0.0000
Link,5shot,CiteSeer,GraphCL+ProNoG,0.6055±0.0000,0.7093±0.0000,0.7376±0.0000,0.7185±0.0000
Link,5shot,CiteSeer,GraphCL+SelfPro,0.6451±0.0000,0.7164±0.0000,0.7692±0.0000,0.7475±0.0000
Link,5shot,CiteSeer,GraphCL+UniPrompt,0.6484±0.0000,0.7222±0.0000,0.7483±0.0000,0.7380±0.0000
Link,5shot,CiteSeer,GraphMAE+All-in-one,0.5000±0.0000,0.6667±0.0000,0.6082±0.0000,0.6580±0.0000
Link,5shot,CiteSeer,GraphMAE+DAGPrompT,0.5000±0.0000,0.6667±0.0000,0.6345±0.0000,0.6248±0.0000
Link,5shot,CiteSeer,GraphMAE+EdgePrompt,0.4758±0.0000,0.6356±0.0000,0.5812±0.0000,0.6691±0.0000
Link,5shot,CiteSeer,GraphMAE+EdgePromptplus,0.4901±0.0000,0.6568±0.0000,0.5837±0.0000,0.6705±0.0000
Link,5shot,CiteSeer,GraphMAE+GPF,0.5000±0.0000,0.6667±0.0000,0.6420±0.0000,0.6489±0.0000
Link,5shot,CiteSeer,GraphMAE+GPF-plus,0.5000±0.0000,0.6667±0.0000,0.6465±0.0000,0.6535±0.0000
Link,5shot,CiteSeer,GraphMAE+Gprompt,0.5000±0.0000,0.6667±0.0000,0.6388±0.0000,0.6556±0.0000
Link,5shot,CiteSeer,GraphMAE+GraphPrompter,0.5978±0.0000,0.7034±0.0000,0.6806±0.0000,0.6922±0.0000
Link,5shot,CiteSeer,GraphMAE+None,0.5978±0.0000,0.7034±0.0000,0.6806±0.0000,0.6922±0.0000
Link,5shot,CiteSeer,GraphMAE+PSP,0.5978±0.0000,0.7034±0.0000,0.6806±0.0000,0.6922±0.0000
Link,5shot,CiteSeer,GraphMAE+ProNoG,0.5000±0.0000,0.6667±0.0000,0.6393±0.0000,0.6566±0.0000
Link,5shot,CiteSeer,GraphMAE+SelfPro,0.5000±0.0000,0.6667±0.0000,0.4841±0.0000,0.5874±0.0000
Link,5shot,CiteSeer,GraphMAE+UniPrompt,0.6571±0.0000,0.7301±0.0000,0.7481±0.0000,0.7416±0.0000
Link,5shot,CiteSeer,None+All-in-one,0.5000±0.0000,0.6667±0.0000,0.5922±0.0000,0.6306±0.0000
Link,5shot,CiteSeer,None+DAGPrompT,0.5000±0.0000,0.6667±0.0000,0.6369±0.0000,0.6413±0.0000
Link,5shot,CiteSeer,None+EdgePrompt,0.5000±0.0000,0.6667±0.0000,0.5763±0.0000,0.6692±0.0000
Link,5shot,CiteSeer,None+EdgePromptplus,0.4989±0.0000,0.6657±0.0000,0.5825±0.0000,0.6724±0.0000
Link,5shot,CiteSeer,None+GPF,0.5000±0.0000,0.6667±0.0000,0.6427±0.0000,0.6501±0.0000
Link,5shot,CiteSeer,None+GPF-plus,0.5000±0.0000,0.6667±0.0000,0.6425±0.0000,0.6497±0.0000
Link,5shot,CiteSeer,None+Gprompt,0.5000±0.0000,0.6667±0.0000,0.6562±0.0000,0.6650±0.0000
Link,5shot,CiteSeer,None+GraphPrompter,0.5000±0.0000,0.6667±0.0000,0.6635±0.0000,0.6742±0.0000
Link,5shot,CiteSeer,None+None,0.5000±0.0000,0.6667±0.0000,0.6635±0.0000,0.6742±0.0000
Link,5shot,CiteSeer,None+PSP,0.5000±0.0000,0.6667±0.0000,0.6635±0.0000,0.6742±0.0000
Link,5shot,CiteSeer,None+ProNoG,0.5000±0.0000,0.6667±0.0000,0.6563±0.0000,0.6698±0.0000
Link,5shot,CiteSeer,None+SelfPro,0.5000±0.0000,0.6667±0.0000,0.6556±0.0000,0.7362±0.0000
Link,5shot,CiteSeer,None+UniPrompt,0.5000±0.0000,0.6667±0.0000,0.6557±0.0000,0.6750±0.0000
Link,5shot,CiteSeer,SimGRACE+All-in-one,0.5000±0.0000,0.6667±0.0000,0.5543±0.0000,0.6098±0.0000
Link,5shot,CiteSeer,SimGRACE+DAGPrompT,0.5044±0.0000,0.6686±0.0000,0.6959±0.0000,0.6785±0.0000
Link,5shot,CiteSeer,SimGRACE+EdgePrompt,0.4615±0.0000,0.6202±0.0000,0.5231±0.0000,0.5189±0.0000
Link,5shot,CiteSeer,SimGRACE+EdgePromptplus,0.4549±0.0000,0.5994±0.0000,0.6148±0.0000,0.6242±0.0000
Link,5shot,CiteSeer,SimGRACE+GPF,0.5000±0.0000,0.6667±0.0000,0.6294±0.0000,0.6444±0.0000
Link,5shot,CiteSeer,SimGRACE+GPF-plus,0.5000±0.0000,0.6667±0.0000,0.5945±0.0000,0.6212±0.0000
Link,5shot,CiteSeer,SimGRACE+Gprompt,0.5154±0.0000,0.6736±0.0000,0.7427±0.0000,0.7265±0.0000
Link,5shot,CiteSeer,SimGRACE+GraphPrompter,0.5374±0.0000,0.6832±0.0000,0.7028±0.0000,0.6527±0.0000
Link,5shot,CiteSeer,SimGRACE+None,0.5374±0.0000,0.6832±0.0000,0.7028±0.0000,0.6527±0.0000
Link,5shot,CiteSeer,SimGRACE+PSP,0.5374±0.0000,0.6832±0.0000,0.7028±0.0000,0.6527±0.0000
Link,5shot,CiteSeer,SimGRACE+ProNoG,0.5209±0.0000,0.6761±0.0000,0.7398±0.0000,0.7189±0.0000
Link,5shot,CiteSeer,SimGRACE+SelfPro,0.5769±0.0000,0.6971±0.0000,0.7782±0.0000,0.7610±0.0000
Link,5shot,CiteSeer,SimGRACE+UniPrompt,0.5352±0.0000,0.6822±0.0000,0.6887±0.0000,0.6350±0.0000
Link,5shot,Cora,DGI+All-in-one,0.5000±0.0000,0.6667±0.0000,0.6003±0.0000,0.6406±0.0000
Link,5shot,Cora,DGI+DAGPrompT,0.5000±0.0000,0.6667±0.0000,0.6904±0.0000,0.7335±0.0000
Link,5shot,Cora,DGI+EdgePrompt,0.4943±0.0000,0.6616±0.0000,0.5608±0.0000,0.5461±0.0000
Link,5shot,Cora,DGI+EdgePromptplus,0.4915±0.0000,0.6551±0.0000,0.6469±0.0000,0.7045±0.0000
Link,5shot,Cora,DGI+GPF,0.5000±0.0000,0.6667±0.0000,0.6823±0.0000,0.7214±0.0000
Link,5shot,Cora,DGI+GPF-plus,0.5000±0.0000,0.6667±0.0000,0.6800±0.0000,0.7172±0.0000
Link,5shot,Cora,DGI+Gprompt,0.5000±0.0000,0.6667±0.0000,0.6855±0.0000,0.7273±0.0000
Link,5shot,Cora,DGI+GraphPrompter,0.5000±0.0000,0.6667±0.0000,0.7150±0.0000,0.7536±0.0000
Link,5shot,Cora,DGI+None,0.5000±0.0000,0.6667±0.0000,0.7150±0.0000,0.7536±0.0000
Link,5shot,Cora,DGI+PSP,0.5000±0.0000,0.6667±0.0000,0.7150±0.0000,0.7536±0.0000
Link,5shot,Cora,DGI+ProNoG,0.5000±0.0000,0.6667±0.0000,0.6832±0.0000,0.7253±0.0000
Link,5shot,Cora,DGI+SelfPro,0.5484±0.0000,0.6377±0.0000,0.6034±0.0000,0.6299±0.0000
Link,5shot,Cora,DGI+UniPrompt,0.5000±0.0000,0.6667±0.0000,0.7403±0.0000,0.7712±0.0000
Link,5shot,Cora,Edgepred_GPPT+All-in-one,0.5000±0.0000,0.6667±0.0000,0.4234±0.0000,0.5083±0.0000
Link,5shot,Cora,Edgepred_GPPT+DAGPrompT,0.5000±0.0000,0.6667±0.0000,0.7321±0.0000,0.7689±0.0000
Link,5shot,Cora,Edgepred_GPPT+EdgePrompt,0.4915±0.0000,0.6564±0.0000,0.4743±0.0000,0.4870±0.0000
Link,5shot,Cora,Edgepred_GPPT+EdgePromptplus,0.4915±0.0000,0.6533±0.0000,0.5723±0.0000,0.5513±0.0000
Link,5shot,Cora,Edgepred_GPPT+GPF,0.5000±0.0000,0.6667±0.0000,0.6737±0.0000,0.7128±0.0000
Link,5shot,Cora,Edgepred_GPPT+GPF-plus,0.5000±0.0000,0.6667±0.0000,0.6883±0.0000,0.7273±0.0000
Link,5shot,Cora,Edgepred_GPPT+Gprompt,0.6613±0.0000,0.7422±0.0000,0.8138±0.0000,0.8059±0.0000
Link,5shot,Cora,Edgepred_GPPT+GraphPrompter,0.4991±0.0000,0.6658±0.0000,0.7781±0.0000,0.7868±0.0000
Link,5shot,Cora,Edgepred_GPPT+None,0.4991±0.0000,0.6658±0.0000,0.7781±0.0000,0.7868±0.0000
Link,5shot,Cora,Edgepred_GPPT+PSP,0.4991±0.0000,0.6658±0.0000,0.7781±0.0000,0.7868±0.0000
Link,5shot,Cora,Edgepred_GPPT+ProNoG,0.6793±0.0000,0.7459±0.0000,0.8076±0.0000,0.8092±0.0000
Link,5shot,Cora,Edgepred_GPPT+SelfPro,0.6917±0.0000,0.7609±0.0000,0.8552±0.0000,0.8336±0.0000
Link,5shot,Cora,Edgepred_GPPT+UniPrompt,0.5000±0.0000,0.6667±0.0000,0.7705±0.0000,0.7657±0.0000
Link,5shot,Cora,Edgepred_Gprompt+All-in-one,0.5000±0.0000,0.6667±0.0000,0.4531±0.0000,0.5248±0.0000
Link,5shot,Cora,Edgepred_Gprompt+DAGPrompT,0.5000±0.0000,0.6667±0.0000,0.6759±0.0000,0.7259±0.0000
Link,5shot,Cora,Edgepred_Gprompt+EdgePrompt,0.5019±0.0000,0.6667±0.0000,0.6327±0.0000,0.6254±0.0000
Link,5shot,Cora,Edgepred_Gprompt+EdgePromptplus,0.4915±0.0000,0.6546±0.0000,0.6538±0.0000,0.7153±0.0000
Link,5shot,Cora,Edgepred_Gprompt+GPF,0.5000±0.0000,0.6667±0.0000,0.6767±0.0000,0.7099±0.0000
Link,5shot,Cora,Edgepred_Gprompt+GPF-plus,0.5000±0.0000,0.6667±0.0000,0.6798±0.0000,0.7186±0.0000
Link,5shot,Cora,Edgepred_Gprompt+Gprompt,0.5000±0.0000,0.6667±0.0000,0.6678±0.0000,0.7216±0.0000
Link,5shot,Cora,Edgepred_Gprompt+GraphPrompter,0.6433±0.0000,0.7044±0.0000,0.7336±0.0000,0.7438±0.0000
Link,5shot,Cora,Edgepred_Gprompt+None,0.6433±0.0000,0.7044±0.0000,0.7336±0.0000,0.7438±0.0000
Link,5shot,Cora,Edgepred_Gprompt+PSP,0.6433±0.0000,0.7044±0.0000,0.7336±0.0000,0.7438±0.0000
Link,5shot,Cora,Edgepred_Gprompt+ProNoG,0.5000±0.0000,0.6667±0.0000,0.6608±0.0000,0.7152±0.0000
Link,5shot,Cora,Edgepred_Gprompt+SelfPro,0.5247±0.0000,0.6761±0.0000,0.7796±0.0000,0.7893±0.0000
Link,5shot,Cora,Edgepred_Gprompt+UniPrompt,0.6433±0.0000,0.6958±0.0000,0.7208±0.0000,0.7280±0.0000
Link,5shot,Cora,GraphCL+All-in-one,0.5000±0.0000,0.6667±0.0000,0.5622±0.0000,0.5973±0.0000
Link,5shot,Cora,GraphCL+DAGPrompT,0.5389±0.0000,0.6840±0.0000,0.7796±0.0000,0.7828±0.0000
Link,5shot,Cora,GraphCL+EdgePrompt,0.4915±0.0000,0.6564±0.0000,0.4886±0.0000,0.4943±0.0000
Link,5shot,Cora,GraphCL+EdgePromptplus,0.4848±0.0000,0.6476±0.0000,0.5352±0.0000,0.5229±0.0000
Link,5shot,Cora,GraphCL+GPF,0.5000±0.0000,0.6667±0.0000,0.6305±0.0000,0.5904±0.0000
Link,5shot,Cora,GraphCL+GPF-plus,0.5000±0.0000,0.6667±0.0000,0.6726±0.0000,0.7114±0.0000
Link,5shot,Cora,GraphCL+Gprompt,0.7116±0.0000,0.7662±0.0000,0.8202±0.0000,0.8154±0.0000
Link,5shot,Cora,GraphCL+GraphPrompter,0.7049±0.0000,0.7670±0.0000,0.8581±0.0000,0.8488±0.0000
Link,5shot,Cora,GraphCL+None,0.7049±0.0000,0.7670±0.0000,0.8581±0.0000,0.8488±0.0000
Link,5shot,Cora,GraphCL+PSP,0.7049±0.0000,0.7670±0.0000,0.8581±0.0000,0.8488±0.0000
Link,5shot,Cora,GraphCL+ProNoG,0.6831±0.0000,0.7537±0.0000,0.8349±0.0000,0.8276±0.0000
Link,5shot,Cora,GraphCL+SelfPro,0.6736±0.0000,0.7386±0.0000,0.8264±0.0000,0.8307±0.0000
Link,5shot,Cora,GraphCL+UniPrompt,0.7087±0.0000,0.7683±0.0000,0.8479±0.0000,0.8333±0.0000
Link,5shot,Cora,GraphMAE+All-in-one,0.5000±0.0000,0.6667±0.0000,0.6245±0.0000,0.6692±0.0000
Link,5shot,Cora,GraphMAE+DAGPrompT,0.5000±0.0000,0.6667±0.0000,0.6848±0.0000,0.7241±0.0000
Link,5shot,Cora,GraphMAE+EdgePrompt,0.4953±0.0000,0.6611±0.0000,0.6508±0.0000,0.6851±0.0000
Link,5shot,Cora,GraphMAE+EdgePromptplus,0.5000±0.0000,0.6667±0.0000,0.6657±0.0000,0.7181±0.0000
Link,5shot,Cora,GraphMAE+GPF,0.5000±0.0000,0.6667±0.0000,0.6762±0.0000,0.7155±0.0000
Link,5shot,Cora,GraphMAE+GPF-plus,0.5000±0.0000,0.6667±0.0000,0.6806±0.0000,0.7162±0.0000
Link,5shot,Cora,GraphMAE+Gprompt,0.5000±0.0000,0.6667±0.0000,0.6837±0.0000,0.7256±0.0000
Link,5shot,Cora,GraphMAE+GraphPrompter,0.5000±0.0000,0.6667±0.0000,0.6846±0.0000,0.7264±0.0000
Link,5shot,Cora,GraphMAE+None,0.5000±0.0000,0.6667±0.0000,0.6846±0.0000,0.7264±0.0000
Link,5shot,Cora,GraphMAE+PSP,0.5000±0.0000,0.6667±0.0000,0.6846±0.0000,0.7264±0.0000
Link,5shot,Cora,GraphMAE+ProNoG,0.5000±0.0000,0.6667±0.0000,0.6834±0.0000,0.7257±0.0000
Link,5shot,Cora,GraphMAE+SelfPro,0.6271±0.0000,0.7246±0.0000,0.8076±0.0000,0.8019±0.0000
Link,5shot,Cora,GraphMAE+UniPrompt,0.5958±0.0000,0.6682±0.0000,0.6740±0.0000,0.6921±0.0000
Link,5shot,Cora,None+All-in-one,0.5000±0.0000,0.6667±0.0000,0.6051±0.0000,0.6173±0.0000
Link,5shot,Cora,None+DAGPrompT,0.5000±0.0000,0.6667±0.0000,0.6884±0.0000,0.7241±0.0000
Link,5shot,Cora,None+EdgePrompt,0.4934±0.0000,0.6594±0.0000,0.6390±0.0000,0.6531±0.0000
Link,5shot,Cora,None+EdgePromptplus,0.4801±0.0000,0.6376±0.0000,0.6414±0.0000,0.6986±0.0000
Link,5shot,Cora,None+GPF,0.5000±0.0000,0.6667±0.0000,0.6766±0.0000,0.7129±0.0000
Link,5shot,Cora,None+GPF-plus,0.5000±0.0000,0.6667±0.0000,0.6767±0.0000,0.7146±0.0000
Link,5shot,Cora,None+Gprompt,0.5000±0.0000,0.6667±0.0000,0.6931±0.0000,0.7341±0.0000
Link,5shot,Cora,None+GraphPrompter,0.5000±0.0000,0.6667±0.0000,0.6890±0.0000,0.7306±0.0000
Link,5shot,Cora,None+None,0.5000±0.0000,0.6667±0.0000,0.6890±0.0000,0.7306±0.0000
Link,5shot,Cora,None+PSP,0.5000±0.0000,0.6667±0.0000,0.6890±0.0000,0.7306±0.0000
Link,5shot,Cora,None+ProNoG,0.5000±0.0000,0.6667±0.0000,0.6864±0.0000,0.7297±0.0000
Link,5shot,Cora,None+SelfPro,0.5000±0.0000,0.6667±0.0000,0.7135±0.0000,0.7458±0.0000
Link,5shot,Cora,None+UniPrompt,0.5000±0.0000,0.6667±0.0000,0.6863±0.0000,0.7343±0.0000
Link,5shot,Cora,SimGRACE+All-in-one,0.5000±0.0000,0.6667±0.0000,0.5994±0.0000,0.6509±0.0000
Link,5shot,Cora,SimGRACE+DAGPrompT,0.5000±0.0000,0.6667±0.0000,0.7528±0.0000,0.7726±0.0000
Link,5shot,Cora,SimGRACE+EdgePrompt,0.4810±0.0000,0.6385±0.0000,0.4830±0.0000,0.4914±0.0000
Link,5shot,Cora,SimGRACE+EdgePromptplus,0.4877±0.0000,0.6405±0.0000,0.5696±0.0000,0.5480±0.0000
Link,5shot,Cora,SimGRACE+GPF,0.5000±0.0000,0.6667±0.0000,0.6450±0.0000,0.6955±0.0000
Link,5shot,Cora,SimGRACE+GPF-plus,0.5000±0.0000,0.6667±0.0000,0.6426±0.0000,0.6797±0.0000
Link,5shot,Cora,SimGRACE+Gprompt,0.6546±0.0000,0.7161±0.0000,0.7659±0.0000,0.7739±0.0000
Link,5shot,Cora,SimGRACE+GraphPrompter,0.5038±0.0000,0.6684±0.0000,0.7781±0.0000,0.7476±0.0000
Link,5shot,Cora,SimGRACE+None,0.5038±0.0000,0.6684±0.0000,0.7781±0.0000,0.7476±0.0000
Link,5shot,Cora,SimGRACE+PSP,0.5038±0.0000,0.6684±0.0000,0.7781±0.0000,0.7476±0.0000
Link,5shot,Cora,SimGRACE+ProNoG,0.5104±0.0000,0.6713±0.0000,0.7894±0.0000,0.7972±0.0000
Link,5shot,Cora,SimGRACE+SelfPro,0.6082±0.0000,0.7110±0.0000,0.7740±0.0000,0.7776±0.0000
Link,5shot,Cora,SimGRACE+UniPrompt,0.5038±0.0000,0.6684±0.0000,0.7604±0.0000,0.7183±0.0000
Link,5shot,IMDB-BINARY,DGI+All-in-one,0.4818±0.0000,0.0000±0.0000,0.3301±0.0000,0.4382±0.0000
Link,5shot,IMDB-BINARY,DGI+DAGPrompT,0.5182±0.0000,0.6827±0.0000,0.7234±0.0000,0.7445±0.0000
Link,5shot,IMDB-BINARY,DGI+EdgePrompt,0.5182±0.0000,0.6827±0.0000,0.6645±0.0000,0.6560±0.0000
Link,5shot,IMDB-BINARY,DGI+EdgePromptplus,0.5182±0.0000,0.6827±0.0000,0.6991±0.0000,0.6941±0.0000
Link,5shot,IMDB-BINARY,DGI+GPF,0.5182±0.0000,0.6827±0.0000,0.7222±0.0000,0.7436±0.0000
Link,5shot,IMDB-BINARY,DGI+GPF-plus,0.5182±0.0000,0.6827±0.0000,0.7227±0.0000,0.7452±0.0000
Link,5shot,IMDB-BINARY,DGI+Gprompt,0.5182±0.0000,0.6827±0.0000,0.7233±0.0000,0.7449±0.0000
Link,5shot,IMDB-BINARY,DGI+GraphPrompter,0.5182±0.0000,0.6827±0.0000,0.7229±0.0000,0.7457±0.0000
Link,5shot,IMDB-BINARY,DGI+None,0.5182±0.0000,0.6827±0.0000,0.7229±0.0000,0.7457±0.0000
Link,5shot,IMDB-BINARY,DGI+PSP,0.5182±0.0000,0.6827±0.0000,0.7229±0.0000,0.7457±0.0000
Link,5shot,IMDB-BINARY,DGI+ProNoG,0.5182±0.0000,0.6827±0.0000,0.7223±0.0000,0.7454±0.0000
Link,5shot,IMDB-BINARY,DGI+SelfPro,0.5181±0.0000,0.6825±0.0000,0.7060±0.0000,0.7076±0.0000
Link,5shot,IMDB-BINARY,DGI+UniPrompt,0.5182±0.0000,0.6827±0.0000,0.7189±0.0000,0.7357±0.0000
Link,5shot,IMDB-BINARY,Edgepred_GPPT+All-in-one,0.4818±0.0000,0.0000±0.0000,0.3301±0.0000,0.4382±0.0000
Link,5shot,IMDB-BINARY,Edgepred_GPPT+DAGPrompT,0.5182±0.0000,0.6827±0.0000,0.7233±0.0000,0.7426±0.0000
Link,5shot,IMDB-BINARY,Edgepred_GPPT+EdgePrompt,0.5182±0.0000,0.6827±0.0000,0.6707±0.0000,0.6807±0.0000
Link,5shot,IMDB-BINARY,Edgepred_GPPT+EdgePromptplus,0.5182±0.0000,0.6827±0.0000,0.7093±0.0000,0.7161±0.0000
Link,5shot,IMDB-BINARY,Edgepred_GPPT+GPF,0.5182±0.0000,0.6827±0.0000,0.7249±0.0000,0.7470±0.0000
Link,5shot,IMDB-BINARY,Edgepred_GPPT+GPF-plus,0.5182±0.0000,0.6827±0.0000,0.7242±0.0000,0.7475±0.0000
Link,5shot,IMDB-BINARY,Edgepred_GPPT+Gprompt,0.5182±0.0000,0.6827±0.0000,0.7211±0.0000,0.7472±0.0000
Link,5shot,IMDB-BINARY,Edgepred_GPPT+GraphPrompter,0.5182±0.0000,0.6827±0.0000,0.7241±0.0000,0.7475±0.0000
Link,5shot,IMDB-BINARY,Edgepred_GPPT+None,0.5182±0.0000,0.6827±0.0000,0.7241±0.0000,0.7475±0.0000
Link,5shot,IMDB-BINARY,Edgepred_GPPT+PSP,0.5182±0.0000,0.6827±0.0000,0.7241±0.0000,0.7475±0.0000
Link,5shot,IMDB-BINARY,Edgepred_GPPT+ProNoG,0.5182±0.0000,0.6827±0.0000,0.7228±0.0000,0.7444±0.0000
Link,5shot,IMDB-BINARY,Edgepred_GPPT+SelfPro,0.5125±0.0000,0.6759±0.0000,0.7201±0.0000,0.7191±0.0000
Link,5shot,IMDB-BINARY,Edgepred_GPPT+UniPrompt,0.5182±0.0000,0.6827±0.0000,0.7206±0.0000,0.7390±0.0000
Link,5shot,IMDB-BINARY,Edgepred_Gprompt+All-in-one,0.4818±0.0000,0.0000±0.0000,0.3305±0.0000,0.4389±0.0000
Link,5shot,IMDB-BINARY,Edgepred_Gprompt+DAGPrompT,0.5182±0.0000,0.6827±0.0000,0.7228±0.0000,0.7453±0.0000
Link,5shot,IMDB-BINARY,Edgepred_Gprompt+EdgePrompt,0.5182±0.0000,0.6827±0.0000,0.6650±0.0000,0.6646±0.0000
Link,5shot,IMDB-BINARY,Edgepred_Gprompt+EdgePromptplus,0.5188±0.0000,0.6829±0.0000,0.7060±0.0000,0.6993±0.0000
Link,5shot,IMDB-BINARY,Edgepred_Gprompt+GPF,0.5182±0.0000,0.6827±0.0000,0.7228±0.0000,0.7435±0.0000
Link,5shot,IMDB-BINARY,Edgepred_Gprompt+GPF-plus,0.5182±0.0000,0.6827±0.0000,0.7226±0.0000,0.7444±0.0000
Link,5shot,IMDB-BINARY,Edgepred_Gprompt+Gprompt,0.5182±0.0000,0.6827±0.0000,0.7228±0.0000,0.7441±0.0000
Link,5shot,IMDB-BINARY,Edgepred_Gprompt+GraphPrompter,0.5182±0.0000,0.6827±0.0000,0.7235±0.0000,0.7456±0.0000
Link,5shot,IMDB-BINARY,Edgepred_Gprompt+None,0.5182±0.0000,0.6827±0.0000,0.7235±0.0000,0.7456±0.0000
Link,5shot,IMDB-BINARY,Edgepred_Gprompt+PSP,0.5182±0.0000,0.6827±0.0000,0.7235±0.0000,0.7456±0.0000
Link,5shot,IMDB-BINARY,Edgepred_Gprompt+ProNoG,0.5182±0.0000,0.6827±0.0000,0.7223±0.0000,0.7434±0.0000
Link,5shot,IMDB-BINARY,Edgepred_Gprompt+SelfPro,0.5182±0.0000,0.6827±0.0000,0.7002±0.0000,0.7027±0.0000
Link,5shot,IMDB-BINARY,Edgepred_Gprompt+UniPrompt,0.5182±0.0000,0.6827±0.0000,0.7193±0.0000,0.7390±0.0000
Link,5shot,IMDB-BINARY,GraphCL+All-in-one,0.5843±0.0000,0.3846±0.0000,0.6743±0.0000,0.7158±0.0000
Link,5shot,IMDB-BINARY,GraphCL+DAGPrompT,0.5183±0.0000,0.6825±0.0000,0.7237±0.0000,0.7459±0.0000
Link,5shot,IMDB-BINARY,GraphCL+EdgePrompt,0.5182±0.0000,0.6827±0.0000,0.6680±0.0000,0.6930±0.0000
Link,5shot,IMDB-BINARY,GraphCL+EdgePromptplus,0.5183±0.0000,0.6826±0.0000,0.7083±0.0000,0.7306±0.0000
Link,5shot,IMDB-BINARY,GraphCL+GPF,0.5100±0.0000,0.6752±0.0000,0.7129±0.0000,0.7420±0.0000
Link,5shot,IMDB-BINARY,GraphCL+GPF-plus,0.5133±0.0000,0.6781±0.0000,0.7184±0.0000,0.7458±0.0000
Link,5shot,IMDB-BINARY,GraphCL+Gprompt,0.5104±0.0000,0.6754±0.0000,0.6995±0.0000,0.7364±0.0000
Link,5shot,IMDB-BINARY,GraphCL+GraphPrompter,0.5048±0.0000,0.6704±0.0000,0.7165±0.0000,0.7473±0.0000
Link,5shot,IMDB-BINARY,GraphCL+None,0.5048±0.0000,0.6704±0.0000,0.7165±0.0000,0.7473±0.0000
Link,5shot,IMDB-BINARY,GraphCL+PSP,0.5048±0.0000,0.6704±0.0000,0.7165±0.0000,0.7473±0.0000
Link,5shot,IMDB-BINARY,GraphCL+ProNoG,0.5182±0.0000,0.6825±0.0000,0.7410±0.0000,0.7517±0.0000
Link,5shot,IMDB-BINARY,GraphCL+SelfPro,0.5905±0.0000,0.7050±0.0000,0.7553±0.0000,0.7457±0.0000
Link,5shot,IMDB-BINARY,GraphCL+UniPrompt,0.5190±0.0000,0.6821±0.0000,0.7201±0.0000,0.7427±0.0000
Link,5shot,IMDB-BINARY,GraphMAE+All-in-one,0.4818±0.0000,0.0000±0.0000,0.3307±0.0000,0.4394±0.0000
Link,5shot,IMDB-BINARY,GraphMAE+DAGPrompT,0.5182±0.0000,0.6827±0.0000,0.7216±0.0000,0.7387±0.0000
Link,5shot,IMDB-BINARY,GraphMAE+EdgePrompt,0.5567±0.0000,0.6965±0.0000,0.7267±0.0000,0.7490±0.0000
Link,5shot,IMDB-BINARY,GraphMAE+EdgePromptplus,0.5182±0.0000,0.6827±0.0000,0.7187±0.0000,0.7406±0.0000
Link,5shot,IMDB-BINARY,GraphMAE+GPF,0.5182±0.0000,0.6827±0.0000,0.7225±0.0000,0.7439±0.0000
Link,5shot,IMDB-BINARY,GraphMAE+GPF-plus,0.5182±0.0000,0.6827±0.0000,0.7229±0.0000,0.7448±0.0000
Link,5shot,IMDB-BINARY,GraphMAE+Gprompt,0.5182±0.0000,0.6827±0.0000,0.7226±0.0000,0.7475±0.0000
Link,5shot,IMDB-BINARY,GraphMAE+GraphPrompter,0.5182±0.0000,0.6827±0.0000,0.7229±0.0000,0.7450±0.0000
Link,5shot,IMDB-BINARY,GraphMAE+None,0.5182±0.0000,0.6827±0.0000,0.7229±0.0000,0.7450±0.0000
Link,5shot,IMDB-BINARY,GraphMAE+PSP,0.5182±0.0000,0.6827±0.0000,0.7229±0.0000,0.7450±0.0000
Link,5shot,IMDB-BINARY,GraphMAE+ProNoG,0.5182±0.0000,0.6827±0.0000,0.7223±0.0000,0.7472±0.0000
Link,5shot,IMDB-BINARY,GraphMAE+SelfPro,0.5537±0.0000,0.6805±0.0000,0.7137±0.0000,0.7192±0.0000
Link,5shot,IMDB-BINARY,GraphMAE+UniPrompt,0.5182±0.0000,0.6827±0.0000,0.7188±0.0000,0.7387±0.0000
Link,5shot,IMDB-BINARY,None+All-in-one,0.4818±0.0000,0.0000±0.0000,0.3304±0.0000,0.4387±0.0000
Link,5shot,IMDB-BINARY,None+DAGPrompT,0.5182±0.0000,0.6827±0.0000,0.7234±0.0000,0.7447±0.0000
Link,5shot,IMDB-BINARY,None+EdgePrompt,0.5182±0.0000,0.6827±0.0000,0.6620±0.0000,0.6579±0.0000
Link,5shot,IMDB-BINARY,None+EdgePromptplus,0.5196±0.0000,0.6832±0.0000,0.6997±0.0000,0.7308±0.0000
Link,5shot,IMDB-BINARY,None+GPF,0.5182±0.0000,0.6827±0.0000,0.7225±0.0000,0.7451±0.0000
Link,5shot,IMDB-BINARY,None+GPF-plus,0.5182±0.0000,0.6827±0.0000,0.7217±0.0000,0.7448±0.0000
Link,5shot,IMDB-BINARY,None+Gprompt,0.5182±0.0000,0.6827±0.0000,0.7215±0.0000,0.7467±0.0000
Link,5shot,IMDB-BINARY,None+GraphPrompter,0.5182±0.0000,0.6827±0.0000,0.7216±0.0000,0.7446±0.0000
Link,5shot,IMDB-BINARY,None+None,0.5182±0.0000,0.6827±0.0000,0.7216±0.0000,0.7446±0.0000
Link,5shot,IMDB-BINARY,None+PSP,0.5182±0.0000,0.6827±0.0000,0.7216±0.0000,0.7446±0.0000
Link,5shot,IMDB-BINARY,None+ProNoG,0.5182±0.0000,0.6827±0.0000,0.7226±0.0000,0.7441±0.0000
Link,5shot,IMDB-BINARY,None+SelfPro,0.5182±0.0000,0.6827±0.0000,0.6846±0.0000,0.6936±0.0000
Link,5shot,IMDB-BINARY,None+UniPrompt,0.5182±0.0000,0.6827±0.0000,0.7192±0.0000,0.7369±0.0000
Link,5shot,IMDB-BINARY,SimGRACE+All-in-one,0.5412±0.0000,0.2306±0.0000,0.6887±0.0000,0.7217±0.0000
Link,5shot,IMDB-BINARY,SimGRACE+DAGPrompT,0.5182±0.0000,0.6827±0.0000,0.7083±0.0000,0.7460±0.0000
Link,5shot,IMDB-BINARY,SimGRACE+EdgePrompt,0.5197±0.0000,0.6829±0.0000,0.7006±0.0000,0.6979±0.0000
Link,5shot,IMDB-BINARY,SimGRACE+EdgePromptplus,0.5154±0.0000,0.6802±0.0000,0.7132±0.0000,0.7367±0.0000
Link,5shot,IMDB-BINARY,SimGRACE+GPF,0.5183±0.0000,0.6826±0.0000,0.7281±0.0000,0.7474±0.0000
Link,5shot,IMDB-BINARY,SimGRACE+GPF-plus,0.5184±0.0000,0.6827±0.0000,0.7406±0.0000,0.7550±0.0000
Link,5shot,IMDB-BINARY,SimGRACE+Gprompt,0.5183±0.0000,0.6827±0.0000,0.7043±0.0000,0.7449±0.0000
Link,5shot,IMDB-BINARY,SimGRACE+GraphPrompter,0.5183±0.0000,0.6826±0.0000,0.7372±0.0000,0.7536±0.0000
Link,5shot,IMDB-BINARY,SimGRACE+None,0.5183±0.0000,0.6826±0.0000,0.7372±0.0000,0.7536±0.0000
Link,5shot,IMDB-BINARY,SimGRACE+PSP,0.5183±0.0000,0.6826±0.0000,0.7372±0.0000,0.7536±0.0000
Link,5shot,IMDB-BINARY,SimGRACE+ProNoG,0.5182±0.0000,0.6825±0.0000,0.7016±0.0000,0.7385±0.0000
Link,5shot,IMDB-BINARY,SimGRACE+SelfPro,0.5304±0.0000,0.6872±0.0000,0.7693±0.0000,0.7523±0.0000
Link,5shot,IMDB-BINARY,SimGRACE+UniPrompt,0.5181±0.0000,0.6826±0.0000,0.7496±0.0000,0.7519±0.0000
Link,5shot,MUTAG,DGI+All-in-one,0.3357±0.0000,0.0000±0.0000,0.7846±0.0000,0.8604±0.0000
Link,5shot,MUTAG,DGI+DAGPrompT,0.6708±0.0000,0.8017±0.0000,0.5304±0.0000,0.6518±0.0000
Link,5shot,MUTAG,DGI+EdgePrompt,0.6655±0.0000,0.7991±0.0000,0.3476±0.0000,0.5599±0.0000
Link,5shot,MUTAG,DGI+EdgePromptplus,0.6661±0.0000,0.7991±0.0000,0.6393±0.0000,0.7538±0.0000
Link,5shot,MUTAG,DGI+GPF,0.6655±0.0000,0.7991±0.0000,0.5207±0.0000,0.6344±0.0000
Link,5shot,MUTAG,DGI+GPF-plus,0.6691±0.0000,0.8009±0.0000,0.5414±0.0000,0.6558±0.0000
Link,5shot,MUTAG,DGI+Gprompt,0.6691±0.0000,0.7996±0.0000,0.5321±0.0000,0.6529±0.0000
Link,5shot,MUTAG,DGI+GraphPrompter,0.6708±0.0000,0.8017±0.0000,0.5229±0.0000,0.6472±0.0000
Link,5shot,MUTAG,DGI+None,0.6708±0.0000,0.8017±0.0000,0.5229±0.0000,0.6472±0.0000
Link,5shot,MUTAG,DGI+PSP,0.6708±0.0000,0.8017±0.0000,0.5229±0.0000,0.6472±0.0000
Link,5shot,MUTAG,DGI+ProNoG,0.6655±0.0000,0.7991±0.0000,0.5421±0.0000,0.6555±0.0000
Link,5shot,MUTAG,DGI+SelfPro,0.7196±0.0000,0.8055±0.0000,0.6263±0.0000,0.7261±0.0000
Link,5shot,MUTAG,DGI+UniPrompt,0.6708±0.0000,0.8017±0.0000,0.5622±0.0000,0.6773±0.0000
Link,5shot,MUTAG,Edgepred_GPPT+All-in-one,0.3357±0.0000,0.0000±0.0000,0.7411±0.0000,0.8222±0.0000
Link,5shot,MUTAG,Edgepred_GPPT+DAGPrompT,0.6661±0.0000,0.7991±0.0000,0.6067±0.0000,0.6975±0.0000
Link,5shot,MUTAG,Edgepred_GPPT+EdgePrompt,0.6655±0.0000,0.7991±0.0000,0.4840±0.0000,0.6583±0.0000
Link,5shot,MUTAG,Edgepred_GPPT+EdgePromptplus,0.6959±0.0000,0.8073±0.0000,0.6741±0.0000,0.7906±0.0000
Link,5shot,MUTAG,Edgepred_GPPT+GPF,0.6643±0.0000,0.7983±0.0000,0.5000±0.0000,0.6643±0.0000
Link,5shot,MUTAG,Edgepred_GPPT+GPF-plus,0.6643±0.0000,0.7983±0.0000,0.6205±0.0000,0.7345±0.0000
Link,5shot,MUTAG,Edgepred_GPPT+Gprompt,0.6655±0.0000,0.7991±0.0000,0.6267±0.0000,0.7165±0.0000
Link,5shot,MUTAG,Edgepred_GPPT+GraphPrompter,0.6673±0.0000,0.8000±0.0000,0.5948±0.0000,0.6947±0.0000
Link,5shot,MUTAG,Edgepred_GPPT+None,0.6673±0.0000,0.8000±0.0000,0.5948±0.0000,0.6947±0.0000
Link,5shot,MUTAG,Edgepred_GPPT+PSP,0.6673±0.0000,0.8000±0.0000,0.5948±0.0000,0.6947±0.0000
Link,5shot,MUTAG,Edgepred_GPPT+ProNoG,0.6655±0.0000,0.7991±0.0000,0.6358±0.0000,0.7303±0.0000
Link,5shot,MUTAG,Edgepred_GPPT+SelfPro,0.6750±0.0000,0.7719±0.0000,0.6203±0.0000,0.7299±0.0000
Link,5shot,MUTAG,Edgepred_GPPT+UniPrompt,0.6643±0.0000,0.7983±0.0000,0.6154±0.0000,0.7023±0.0000
Link,5shot,MUTAG,Edgepred_Gprompt+All-in-one,0.3357±0.0000,0.0000±0.0000,0.7235±0.0000,0.8325±0.0000
Link,5shot,MUTAG,Edgepred_Gprompt+DAGPrompT,0.5161±0.0000,0.5664±0.0000,0.4627±0.0000,0.6482±0.0000
Link,5shot,MUTAG,Edgepred_Gprompt+EdgePrompt,0.6536±0.0000,0.7905±0.0000,0.3126±0.0000,0.5717±0.0000
Link,5shot,MUTAG,Edgepred_Gprompt+EdgePromptplus,0.4955±0.0000,0.5804±0.0000,0.4269±0.0000,0.6214±0.0000
Link,5shot,MUTAG,Edgepred_Gprompt+GPF,0.6357±0.0000,0.7768±0.0000,0.4620±0.0000,0.6536±0.0000
Link,5shot,MUTAG,Edgepred_Gprompt+GPF-plus,0.5250±0.0000,0.5994±0.0000,0.5000±0.0000,0.6612±0.0000
Link,5shot,MUTAG,Edgepred_Gprompt+Gprompt,0.4937±0.0000,0.5501±0.0000,0.4524±0.0000,0.6305±0.0000
Link,5shot,MUTAG,Edgepred_Gprompt+GraphPrompter,0.5188±0.0000,0.5868±0.0000,0.4479±0.0000,0.6315±0.0000
Link,5shot,MUTAG,Edgepred_Gprompt+None,0.5188±0.0000,0.5868±0.0000,0.4479±0.0000,0.6314±0.0000
Link,5shot,MUTAG,Edgepred_Gprompt+PSP,0.5188±0.0000,0.5868±0.0000,0.4479±0.0000,0.6315±0.0000
Link,5shot,MUTAG,Edgepred_Gprompt+ProNoG,0.5286±0.0000,0.5875±0.0000,0.4893±0.0000,0.6550±0.0000
Link,5shot,MUTAG,Edgepred_Gprompt+SelfPro,0.5768±0.0000,0.7298±0.0000,0.4871±0.0000,0.6892±0.0000
Link,5shot,MUTAG,Edgepred_Gprompt+UniPrompt,0.5607±0.0000,0.6350±0.0000,0.4932±0.0000,0.6604±0.0000
Link,5shot,MUTAG,GraphCL+All-in-one,0.3357±0.0000,0.0000±0.0000,0.7931±0.0000,0.8786±0.0000
Link,5shot,MUTAG,GraphCL+DAGPrompT,0.7138±0.0000,0.7927±0.0000,0.6501±0.0000,0.7520±0.0000
Link,5shot,MUTAG,GraphCL+EdgePrompt,0.6154±0.0000,0.7603±0.0000,0.4651±0.0000,0.6502±0.0000
Link,5shot,MUTAG,GraphCL+EdgePromptplus,0.6869±0.0000,0.7842±0.0000,0.5914±0.0000,0.7164±0.0000
Link,5shot,MUTAG,GraphCL+GPF,0.6643±0.0000,0.7983±0.0000,0.5000±0.0000,0.6643±0.0000
Link,5shot,MUTAG,GraphCL+GPF-plus,0.6834±0.0000,0.7807±0.0000,0.6144±0.0000,0.7306±0.0000
Link,5shot,MUTAG,GraphCL+Gprompt,0.6744±0.0000,0.7708±0.0000,0.5770±0.0000,0.6986±0.0000
Link,5shot,MUTAG,GraphCL+GraphPrompter,0.7048±0.0000,0.7950±0.0000,0.6261±0.0000,0.7379±0.0000
Link,5shot,MUTAG,GraphCL+None,0.7048±0.0000,0.7950±0.0000,0.6261±0.0000,0.7379±0.0000
Link,5shot,MUTAG,GraphCL+PSP,0.7048±0.0000,0.7950±0.0000,0.6261±0.0000,0.7379±0.0000
Link,5shot,MUTAG,GraphCL+ProNoG,0.6959±0.0000,0.7896±0.0000,0.5591±0.0000,0.6614±0.0000
Link,5shot,MUTAG,GraphCL+SelfPro,0.6512±0.0000,0.7464±0.0000,0.6032±0.0000,0.7153±0.0000
Link,5shot,MUTAG,GraphCL+UniPrompt,0.7102±0.0000,0.7980±0.0000,0.6338±0.0000,0.7424±0.0000
Link,5shot,MUTAG,GraphMAE+All-in-one,0.3357±0.0000,0.0000±0.0000,0.7496±0.0000,0.8449±0.0000
Link,5shot,MUTAG,GraphMAE+DAGPrompT,0.6852±0.0000,0.7805±0.0000,0.5999±0.0000,0.7296±0.0000
Link,5shot,MUTAG,GraphMAE+EdgePrompt,0.6422±0.0000,0.7807±0.0000,0.2100±0.0000,0.5019±0.0000
Link,5shot,MUTAG,GraphMAE+EdgePromptplus,0.6297±0.0000,0.7383±0.0000,0.5636±0.0000,0.7029±0.0000
Link,5shot,MUTAG,GraphMAE+GPF,0.6655±0.0000,0.7706±0.0000,0.5889±0.0000,0.7279±0.0000
Link,5shot,MUTAG,GraphMAE+GPF-plus,0.6744±0.0000,0.7759±0.0000,0.5959±0.0000,0.7323±0.0000
Link,5shot,MUTAG,GraphMAE+Gprompt,0.6786±0.0000,0.7772±0.0000,0.6083±0.0000,0.7383±0.0000
Link,5shot,MUTAG,GraphMAE+GraphPrompter,0.6708±0.0000,0.7717±0.0000,0.5957±0.0000,0.7215±0.0000
Link,5shot,MUTAG,GraphMAE+None,0.6708±0.0000,0.7717±0.0000,0.5957±0.0000,0.7215±0.0000
Link,5shot,MUTAG,GraphMAE+PSP,0.6708±0.0000,0.7717±0.0000,0.5957±0.0000,0.7215±0.0000
Link,5shot,MUTAG,GraphMAE+ProNoG,0.6821±0.0000,0.7781±0.0000,0.6035±0.0000,0.7277±0.0000
Link,5shot,MUTAG,GraphMAE+SelfPro,0.7084±0.0000,0.7990±0.0000,0.5899±0.0000,0.7013±0.0000
Link,5shot,MUTAG,GraphMAE+UniPrompt,0.6732±0.0000,0.7865±0.0000,0.6088±0.0000,0.7016±0.0000
Link,5shot,MUTAG,None+All-in-one,0.3357±0.0000,0.0000±0.0000,0.7503±0.0000,0.8465±0.0000
Link,5shot,MUTAG,None+DAGPrompT,0.7066±0.0000,0.7965±0.0000,0.5888±0.0000,0.7182±0.0000
Link,5shot,MUTAG,None+EdgePrompt,0.6637±0.0000,0.7978±0.0000,0.2273±0.0000,0.5074±0.0000
Link,5shot,MUTAG,None+EdgePromptplus,0.6286±0.0000,0.7347±0.0000,0.5576±0.0000,0.7040±0.0000
Link,5shot,MUTAG,None+GPF,0.6601±0.0000,0.7683±0.0000,0.5686±0.0000,0.7164±0.0000
Link,5shot,MUTAG,None+GPF-plus,0.6857±0.0000,0.7869±0.0000,0.5897±0.0000,0.7124±0.0000
Link,5shot,MUTAG,None+Gprompt,0.6946±0.0000,0.7912±0.0000,0.5898±0.0000,0.7062±0.0000
Link,5shot,MUTAG,None+GraphPrompter,0.6982±0.0000,0.7931±0.0000,0.5981±0.0000,0.7296±0.0000
Link,5shot,MUTAG,None+None,0.6982±0.0000,0.7931±0.0000,0.5981±0.0000,0.7300±0.0000
Link,5shot,MUTAG,None+PSP,0.6982±0.0000,0.7931±0.0000,0.5981±0.0000,0.7300±0.0000
Link,5shot,MUTAG,None+ProNoG,0.6911±0.0000,0.7913±0.0000,0.5887±0.0000,0.7235±0.0000
Link,5shot,MUTAG,None+SelfPro,0.7138±0.0000,0.8020±0.0000,0.5924±0.0000,0.7039±0.0000
Link,5shot,MUTAG,None+UniPrompt,0.6875±0.0000,0.7879±0.0000,0.6106±0.0000,0.7041±0.0000
Link,5shot,MUTAG,SimGRACE+All-in-one,0.3357±0.0000,0.0000±0.0000,0.7690±0.0000,0.8670±0.0000
Link,5shot,MUTAG,SimGRACE+DAGPrompT,0.6869±0.0000,0.7799±0.0000,0.5792±0.0000,0.7074±0.0000
Link,5shot,MUTAG,SimGRACE+EdgePrompt,0.6583±0.0000,0.7940±0.0000,0.4946±0.0000,0.6631±0.0000
Link,5shot,MUTAG,SimGRACE+EdgePromptplus,0.6118±0.0000,0.7163±0.0000,0.5808±0.0000,0.7026±0.0000
Link,5shot,MUTAG,SimGRACE+GPF,0.6601±0.0000,0.7948±0.0000,0.4973±0.0000,0.6643±0.0000
Link,5shot,MUTAG,SimGRACE+GPF-plus,0.6429±0.0000,0.7561±0.0000,0.5576±0.0000,0.6917±0.0000
Link,5shot,MUTAG,SimGRACE+Gprompt,0.6905±0.0000,0.7824±0.0000,0.5848±0.0000,0.7121±0.0000
Link,5shot,MUTAG,SimGRACE+GraphPrompter,0.6673±0.0000,0.7704±0.0000,0.5655±0.0000,0.6951±0.0000
Link,5shot,MUTAG,SimGRACE+None,0.6673±0.0000,0.7704±0.0000,0.5655±0.0000,0.6951±0.0000
Link,5shot,MUTAG,SimGRACE+PSP,0.6673±0.0000,0.7704±0.0000,0.5655±0.0000,0.6951±0.0000
Link,5shot,MUTAG,SimGRACE+ProNoG,0.6607±0.0000,0.7672±0.0000,0.4952±0.0000,0.6464±0.0000
Link,5shot,MUTAG,SimGRACE+SelfPro,0.6071±0.0000,0.7011±0.0000,0.5763±0.0000,0.7075±0.0000
Link,5shot,MUTAG,SimGRACE+UniPrompt,0.6887±0.0000,0.7809±0.0000,0.6225±0.0000,0.7271±0.0000
Link,5shot,PROTEINS,DGI+All-in-one,0.4855±0.0000,0.0000±0.0000,0.5991±0.0000,0.6083±0.0000
Link,5shot,PROTEINS,DGI+DAGPrompT,0.5147±0.0000,0.6795±0.0000,0.4533±0.0000,0.4820±0.0000
Link,5shot,PROTEINS,DGI+EdgePrompt,0.5146±0.0000,0.6794±0.0000,0.4995±0.0000,0.5142±0.0000
Link,5shot,PROTEINS,DGI+EdgePromptplus,0.5145±0.0000,0.6794±0.0000,0.4998±0.0000,0.5144±0.0000
Link,5shot,PROTEINS,DGI+GPF,0.5149±0.0000,0.6795±0.0000,0.5000±0.0000,0.5145±0.0000
Link,5shot,PROTEINS,DGI+GPF-plus,0.5149±0.0000,0.6795±0.0000,0.5001±0.0000,0.5145±0.0000
Link,5shot,PROTEINS,DGI+Gprompt,0.5142±0.0000,0.6789±0.0000,0.4824±0.0000,0.4957±0.0000
Link,5shot,PROTEINS,DGI+GraphPrompter,0.5149±0.0000,0.6795±0.0000,0.5003±0.0000,0.5146±0.0000
Link,5shot,PROTEINS,DGI+None,0.5149±0.0000,0.6795±0.0000,0.5003±0.0000,0.5146±0.0000
Link,5shot,PROTEINS,DGI+PSP,0.5149±0.0000,0.6795±0.0000,0.5003±0.0000,0.5146±0.0000
Link,5shot,PROTEINS,DGI+ProNoG,0.5145±0.0000,0.6793±0.0000,0.4763±0.0000,0.4923±0.0000
Link,5shot,PROTEINS,DGI+SelfPro,0.5339±0.0000,0.6638±0.0000,0.5546±0.0000,0.5527±0.0000
Link,5shot,PROTEINS,DGI+UniPrompt,0.5149±0.0000,0.6795±0.0000,0.5005±0.0000,0.5147±0.0000
Link,5shot,PROTEINS,Edgepred_GPPT+All-in-one,0.4855±0.0000,0.0000±0.0000,0.4059±0.0000,0.4500±0.0000
Link,5shot,PROTEINS,Edgepred_GPPT+DAGPrompT,0.5141±0.0000,0.6778±0.0000,0.4760±0.0000,0.4929±0.0000
Link,5shot,PROTEINS,Edgepred_GPPT+EdgePrompt,0.5364±0.0000,0.6767±0.0000,0.5277±0.0000,0.5290±0.0000
Link,5shot,PROTEINS,Edgepred_GPPT+EdgePromptplus,0.5147±0.0000,0.6794±0.0000,0.5003±0.0000,0.5146±0.0000
Link,5shot,PROTEINS,Edgepred_GPPT+GPF,0.5319±0.0000,0.6790±0.0000,0.5356±0.0000,0.5389±0.0000
Link,5shot,PROTEINS,Edgepred_GPPT+GPF-plus,0.5155±0.0000,0.6788±0.0000,0.5740±0.0000,0.5581±0.0000
Link,5shot,PROTEINS,Edgepred_GPPT+Gprompt,0.5167±0.0000,0.6779±0.0000,0.5149±0.0000,0.5154±0.0000
Link,5shot,PROTEINS,Edgepred_GPPT+GraphPrompter,0.5143±0.0000,0.6777±0.0000,0.5259±0.0000,0.5428±0.0000
Link,5shot,PROTEINS,Edgepred_GPPT+None,0.5143±0.0000,0.6777±0.0000,0.5259±0.0000,0.5428±0.0000
Link,5shot,PROTEINS,Edgepred_GPPT+PSP,0.5143±0.0000,0.6777±0.0000,0.5259±0.0000,0.5428±0.0000
Link,5shot,PROTEINS,Edgepred_GPPT+ProNoG,0.5366±0.0000,0.6799±0.0000,0.5404±0.0000,0.5308±0.0000
Link,5shot,PROTEINS,Edgepred_GPPT+SelfPro,0.5145±0.0000,0.6794±0.0000,0.6038±0.0000,0.5856±0.0000
Link,5shot,PROTEINS,Edgepred_GPPT+UniPrompt,0.5149±0.0000,0.6793±0.0000,0.5357±0.0000,0.5413±0.0000
Link,5shot,PROTEINS,Edgepred_Gprompt+All-in-one,0.4856±0.0000,0.0025±0.0000,0.4934±0.0000,0.5129±0.0000
Link,5shot,PROTEINS,Edgepred_Gprompt+DAGPrompT,0.5140±0.0000,0.6789±0.0000,0.4803±0.0000,0.4998±0.0000
Link,5shot,PROTEINS,Edgepred_Gprompt+EdgePrompt,0.5143±0.0000,0.6791±0.0000,0.4999±0.0000,0.5144±0.0000
Link,5shot,PROTEINS,Edgepred_Gprompt+EdgePromptplus,0.5144±0.0000,0.6790±0.0000,0.4998±0.0000,0.5144±0.0000
Link,5shot,PROTEINS,Edgepred_Gprompt+GPF,0.5254±0.0000,0.6779±0.0000,0.5131±0.0000,0.5212±0.0000
Link,5shot,PROTEINS,Edgepred_Gprompt+GPF-plus,0.5173±0.0000,0.6769±0.0000,0.5031±0.0000,0.5160±0.0000
Link,5shot,PROTEINS,Edgepred_Gprompt+Gprompt,0.5145±0.0000,0.6783±0.0000,0.4736±0.0000,0.5054±0.0000
Link,5shot,PROTEINS,Edgepred_Gprompt+GraphPrompter,0.5222±0.0000,0.6759±0.0000,0.5096±0.0000,0.5194±0.0000
Link,5shot,PROTEINS,Edgepred_Gprompt+None,0.5222±0.0000,0.6759±0.0000,0.5096±0.0000,0.5194±0.0000
Link,5shot,PROTEINS,Edgepred_Gprompt+PSP,0.5222±0.0000,0.6759±0.0000,0.5096±0.0000,0.5194±0.0000
Link,5shot,PROTEINS,Edgepred_Gprompt+ProNoG,0.5148±0.0000,0.6792±0.0000,0.4963±0.0000,0.5126±0.0000
Link,5shot,PROTEINS,Edgepred_Gprompt+SelfPro,0.5567±0.0000,0.6657±0.0000,0.5807±0.0000,0.5702±0.0000
Link,5shot,PROTEINS,Edgepred_Gprompt+UniPrompt,0.5211±0.0000,0.6745±0.0000,0.5080±0.0000,0.5185±0.0000
Link,5shot,PROTEINS,GraphCL+All-in-one,0.4858±0.0000,0.0010±0.0000,0.5230±0.0000,0.5189±0.0000
Link,5shot,PROTEINS,GraphCL+DAGPrompT,0.5394±0.0000,0.6739±0.0000,0.5277±0.0000,0.5198±0.0000
Link,5shot,PROTEINS,GraphCL+EdgePrompt,0.5147±0.0000,0.6795±0.0000,0.5003±0.0000,0.5146±0.0000
Link,5shot,PROTEINS,GraphCL+EdgePromptplus,0.5210±0.0000,0.6712±0.0000,0.5097±0.0000,0.5196±0.0000
Link,5shot,PROTEINS,GraphCL+GPF,0.5388±0.0000,0.6780±0.0000,0.5276±0.0000,0.5288±0.0000
Link,5shot,PROTEINS,GraphCL+GPF-plus,0.5382±0.0000,0.6777±0.0000,0.5340±0.0000,0.5328±0.0000
Link,5shot,PROTEINS,GraphCL+Gprompt,0.5484±0.0000,0.6708±0.0000,0.5406±0.0000,0.5253±0.0000
Link,5shot,PROTEINS,GraphCL+GraphPrompter,0.5507±0.0000,0.6720±0.0000,0.5421±0.0000,0.5371±0.0000
Link,5shot,PROTEINS,GraphCL+None,0.5507±0.0000,0.6720±0.0000,0.5421±0.0000,0.5371±0.0000
Link,5shot,PROTEINS,GraphCL+PSP,0.5507±0.0000,0.6720±0.0000,0.5421±0.0000,0.5371±0.0000
Link,5shot,PROTEINS,GraphCL+ProNoG,0.5441±0.0000,0.6770±0.0000,0.5494±0.0000,0.5420±0.0000
Link,5shot,PROTEINS,GraphCL+SelfPro,0.5382±0.0000,0.6740±0.0000,0.5904±0.0000,0.5770±0.0000
Link,5shot,PROTEINS,GraphCL+UniPrompt,0.5472±0.0000,0.6676±0.0000,0.5387±0.0000,0.5353±0.0000
Link,5shot,PROTEINS,GraphMAE+All-in-one,0.4855±0.0000,0.0000±0.0000,0.6112±0.0000,0.6193±0.0000
Link,5shot,PROTEINS,GraphMAE+DAGPrompT,0.5145±0.0000,0.6794±0.0000,0.4751±0.0000,0.4898±0.0000
Link,5shot,PROTEINS,GraphMAE+EdgePrompt,0.5143±0.0000,0.6792±0.0000,0.4991±0.0000,0.5140±0.0000
Link,5shot,PROTEINS,GraphMAE+EdgePromptplus,0.5322±0.0000,0.6777±0.0000,0.5000±0.0000,0.5082±0.0000
Link,5shot,PROTEINS,GraphMAE+GPF,0.5149±0.0000,0.6796±0.0000,0.4979±0.0000,0.5134±0.0000
Link,5shot,PROTEINS,GraphMAE+GPF-plus,0.5149±0.0000,0.6796±0.0000,0.5000±0.0000,0.5145±0.0000
Link,5shot,PROTEINS,GraphMAE+Gprompt,0.5206±0.0000,0.6753±0.0000,0.4821±0.0000,0.4972±0.0000
Link,5shot,PROTEINS,GraphMAE+GraphPrompter,0.5149±0.0000,0.6796±0.0000,0.4999±0.0000,0.5144±0.0000
Link,5shot,PROTEINS,GraphMAE+None,0.5149±0.0000,0.6796±0.0000,0.4999±0.0000,0.5144±0.0000
Link,5shot,PROTEINS,GraphMAE+PSP,0.5149±0.0000,0.6796±0.0000,0.4999±0.0000,0.5144±0.0000
Link,5shot,PROTEINS,GraphMAE+ProNoG,0.5155±0.0000,0.6729±0.0000,0.4946±0.0000,0.5010±0.0000
Link,5shot,PROTEINS,GraphMAE+SelfPro,0.5145±0.0000,0.6794±0.0000,0.5653±0.0000,0.5608±0.0000
Link,5shot,PROTEINS,GraphMAE+UniPrompt,0.5284±0.0000,0.6564±0.0000,0.5128±0.0000,0.5119±0.0000
Link,5shot,PROTEINS,None+All-in-one,0.4855±0.0000,0.0000±0.0000,0.6063±0.0000,0.6144±0.0000
Link,5shot,PROTEINS,None+DAGPrompT,0.5145±0.0000,0.6794±0.0000,0.4543±0.0000,0.4787±0.0000
Link,5shot,PROTEINS,None+EdgePrompt,0.5146±0.0000,0.6794±0.0000,0.5001±0.0000,0.5145±0.0000
Link,5shot,PROTEINS,None+EdgePromptplus,0.5145±0.0000,0.6794±0.0000,0.5000±0.0000,0.5145±0.0000
Link,5shot,PROTEINS,None+GPF,0.5152±0.0000,0.6797±0.0000,0.5002±0.0000,0.5146±0.0000
Link,5shot,PROTEINS,None+GPF-plus,0.5149±0.0000,0.6796±0.0000,0.5005±0.0000,0.5147±0.0000
Link,5shot,PROTEINS,None+Gprompt,0.5146±0.0000,0.6794±0.0000,0.4538±0.0000,0.4797±0.0000
Link,5shot,PROTEINS,None+GraphPrompter,0.5149±0.0000,0.6796±0.0000,0.5005±0.0000,0.5147±0.0000
Link,5shot,PROTEINS,None+None,0.5149±0.0000,0.6796±0.0000,0.5005±0.0000,0.5147±0.0000
Link,5shot,PROTEINS,None+PSP,0.5149±0.0000,0.6796±0.0000,0.5005±0.0000,0.5147±0.0000
Link,5shot,PROTEINS,None+ProNoG,0.5147±0.0000,0.6795±0.0000,0.4525±0.0000,0.4776±0.0000
Link,5shot,PROTEINS,None+SelfPro,0.5145±0.0000,0.6794±0.0000,0.5647±0.0000,0.5603±0.0000
Link,5shot,PROTEINS,None+UniPrompt,0.5149±0.0000,0.6796±0.0000,0.5005±0.0000,0.5147±0.0000
Link,5shot,PROTEINS,SimGRACE+All-in-one,0.4855±0.0000,0.0000±0.0000,0.5005±0.0000,0.5152±0.0000
Link,5shot,PROTEINS,SimGRACE+DAGPrompT,0.5184±0.0000,0.6723±0.0000,0.5529±0.0000,0.5595±0.0000
Link,5shot,PROTEINS,SimGRACE+EdgePrompt,0.5143±0.0000,0.6785±0.0000,0.4999±0.0000,0.5144±0.0000
Link,5shot,PROTEINS,SimGRACE+EdgePromptplus,0.5336±0.0000,0.6763±0.0000,0.5170±0.0000,0.5222±0.0000
Link,5shot,PROTEINS,SimGRACE+GPF,0.5337±0.0000,0.6726±0.0000,0.5273±0.0000,0.5291±0.0000
Link,5shot,PROTEINS,SimGRACE+GPF-plus,0.5147±0.0000,0.6784±0.0000,0.6007±0.0000,0.5795±0.0000
Link,5shot,PROTEINS,SimGRACE+Gprompt,0.5165±0.0000,0.6726±0.0000,0.5402±0.0000,0.5481±0.0000
Link,5shot,PROTEINS,SimGRACE+GraphPrompter,0.5258±0.0000,0.6646±0.0000,0.5502±0.0000,0.5499±0.0000
Link,5shot,PROTEINS,SimGRACE+None,0.5258±0.0000,0.6646±0.0000,0.5502±0.0000,0.5499±0.0000
Link,5shot,PROTEINS,SimGRACE+PSP,0.5258±0.0000,0.6646±0.0000,0.5502±0.0000,0.5499±0.0000
Link,5shot,PROTEINS,SimGRACE+ProNoG,0.5321±0.0000,0.6698±0.0000,0.5547±0.0000,0.5564±0.0000
Link,5shot,PROTEINS,SimGRACE+SelfPro,0.5194±0.0000,0.6749±0.0000,0.5727±0.0000,0.5664±0.0000
Link,5shot,PROTEINS,SimGRACE+UniPrompt,0.5222±0.0000,0.6668±0.0000,0.5754±0.0000,0.5656±0.0000
Link,5shot,PTC_MR,DGI+All-in-one,0.4017±0.0000,0.0000±0.0000,0.4713±0.0000,0.5495±0.0000
Link,5shot,PTC_MR,DGI+DAGPrompT,0.5969±0.0000,0.7476±0.0000,0.6076±0.0000,0.6598±0.0000
Link,5shot,PTC_MR,DGI+EdgePrompt,0.5912±0.0000,0.7431±0.0000,0.4752±0.0000,0.5864±0.0000
Link,5shot,PTC_MR,DGI+EdgePromptplus,0.5983±0.0000,0.7487±0.0000,0.4279±0.0000,0.5630±0.0000
Link,5shot,PTC_MR,DGI+GPF,0.5971±0.0000,0.7474±0.0000,0.4895±0.0000,0.5750±0.0000
Link,5shot,PTC_MR,DGI+GPF-plus,0.5905±0.0000,0.7426±0.0000,0.5438±0.0000,0.6335±0.0000
Link,5shot,PTC_MR,DGI+Gprompt,0.6007±0.0000,0.7506±0.0000,0.5598±0.0000,0.6730±0.0000
Link,5shot,PTC_MR,DGI+GraphPrompter,0.5998±0.0000,0.7498±0.0000,0.5347±0.0000,0.6164±0.0000
Link,5shot,PTC_MR,DGI+None,0.5998±0.0000,0.7498±0.0000,0.5347±0.0000,0.6164±0.0000
Link,5shot,PTC_MR,DGI+PSP,0.5998±0.0000,0.7498±0.0000,0.5347±0.0000,0.6164±0.0000
Link,5shot,PTC_MR,DGI+ProNoG,0.5953±0.0000,0.7463±0.0000,0.5102±0.0000,0.6184±0.0000
Link,5shot,PTC_MR,DGI+SelfPro,0.5386±0.0000,0.6326±0.0000,0.4893±0.0000,0.5877±0.0000
Link,5shot,PTC_MR,DGI+UniPrompt,0.5993±0.0000,0.7494±0.0000,0.5445±0.0000,0.6159±0.0000
Link,5shot,PTC_MR,Edgepred_GPPT+All-in-one,0.4017±0.0000,0.0000±0.0000,0.6839±0.0000,0.7238±0.0000
Link,5shot,PTC_MR,Edgepred_GPPT+DAGPrompT,0.6012±0.0000,0.7509±0.0000,0.5781±0.0000,0.6405±0.0000
Link,5shot,PTC_MR,Edgepred_GPPT+EdgePrompt,0.5799±0.0000,0.7321±0.0000,0.4657±0.0000,0.5808±0.0000
Link,5shot,PTC_MR,Edgepred_GPPT+EdgePromptplus,0.5976±0.0000,0.7481±0.0000,0.4290±0.0000,0.5628±0.0000
Link,5shot,PTC_MR,Edgepred_GPPT+GPF,0.5964±0.0000,0.7472±0.0000,0.5581±0.0000,0.6744±0.0000
Link,5shot,PTC_MR,Edgepred_GPPT+GPF-plus,0.5846±0.0000,0.7367±0.0000,0.5777±0.0000,0.6717±0.0000
Link,5shot,PTC_MR,Edgepred_GPPT+Gprompt,0.5983±0.0000,0.7487±0.0000,0.5989±0.0000,0.6679±0.0000
Link,5shot,PTC_MR,Edgepred_GPPT+GraphPrompter,0.5967±0.0000,0.7470±0.0000,0.5919±0.0000,0.6504±0.0000
Link,5shot,PTC_MR,Edgepred_GPPT+None,0.5967±0.0000,0.7470±0.0000,0.5919±0.0000,0.6505±0.0000
Link,5shot,PTC_MR,Edgepred_GPPT+PSP,0.5967±0.0000,0.7470±0.0000,0.5919±0.0000,0.6504±0.0000
Link,5shot,PTC_MR,Edgepred_GPPT+ProNoG,0.5967±0.0000,0.7467±0.0000,0.5609±0.0000,0.6265±0.0000
Link,5shot,PTC_MR,Edgepred_GPPT+SelfPro,0.6005±0.0000,0.7504±0.0000,0.4955±0.0000,0.5938±0.0000
Link,5shot,PTC_MR,Edgepred_GPPT+UniPrompt,0.5943±0.0000,0.7456±0.0000,0.5813±0.0000,0.6544±0.0000
Link,5shot,PTC_MR,Edgepred_Gprompt+All-in-one,0.4017±0.0000,0.0000±0.0000,0.7165±0.0000,0.7523±0.0000
Link,5shot,PTC_MR,Edgepred_Gprompt+DAGPrompT,0.6012±0.0000,0.7509±0.0000,0.5510±0.0000,0.6159±0.0000
Link,5shot,PTC_MR,Edgepred_Gprompt+EdgePrompt,0.5983±0.0000,0.7487±0.0000,0.4941±0.0000,0.5955±0.0000
Link,5shot,PTC_MR,Edgepred_Gprompt+EdgePromptplus,0.5983±0.0000,0.7487±0.0000,0.5000±0.0000,0.5983±0.0000
Link,5shot,PTC_MR,Edgepred_Gprompt+GPF,0.6019±0.0000,0.7515±0.0000,0.5497±0.0000,0.6425±0.0000
Link,5shot,PTC_MR,Edgepred_Gprompt+GPF-plus,0.5986±0.0000,0.7489±0.0000,0.5345±0.0000,0.6290±0.0000
Link,5shot,PTC_MR,Edgepred_Gprompt+Gprompt,0.5964±0.0000,0.7472±0.0000,0.5931±0.0000,0.6580±0.0000
Link,5shot,PTC_MR,Edgepred_Gprompt+GraphPrompter,0.5983±0.0000,0.7487±0.0000,0.5015±0.0000,0.5990±0.0000
Link,5shot,PTC_MR,Edgepred_Gprompt+None,0.5983±0.0000,0.7487±0.0000,0.5015±0.0000,0.5990±0.0000
Link,5shot,PTC_MR,Edgepred_Gprompt+PSP,0.5983±0.0000,0.7487±0.0000,0.5015±0.0000,0.5990±0.0000
Link,5shot,PTC_MR,Edgepred_Gprompt+ProNoG,0.5846±0.0000,0.7379±0.0000,0.5771±0.0000,0.6370±0.0000
Link,5shot,PTC_MR,Edgepred_Gprompt+SelfPro,0.5533±0.0000,0.6532±0.0000,0.5067±0.0000,0.6009±0.0000
Link,5shot,PTC_MR,Edgepred_Gprompt+UniPrompt,0.5983±0.0000,0.7487±0.0000,0.5000±0.0000,0.5983±0.0000
Link,5shot,PTC_MR,GraphCL+All-in-one,0.4017±0.0000,0.0000±0.0000,0.6186±0.0000,0.7055±0.0000
Link,5shot,PTC_MR,GraphCL+DAGPrompT,0.5919±0.0000,0.7433±0.0000,0.5104±0.0000,0.6260±0.0000
Link,5shot,PTC_MR,GraphCL+EdgePrompt,0.5628±0.0000,0.7190±0.0000,0.4718±0.0000,0.5851±0.0000
Link,5shot,PTC_MR,GraphCL+EdgePromptplus,0.5924±0.0000,0.7440±0.0000,0.4931±0.0000,0.5950±0.0000
Link,5shot,PTC_MR,GraphCL+GPF,0.5934±0.0000,0.7448±0.0000,0.5086±0.0000,0.6195±0.0000
Link,5shot,PTC_MR,GraphCL+GPF-plus,0.5581±0.0000,0.7137±0.0000,0.5022±0.0000,0.6129±0.0000
Link,5shot,PTC_MR,GraphCL+Gprompt,0.5647±0.0000,0.6871±0.0000,0.5261±0.0000,0.6228±0.0000
Link,5shot,PTC_MR,GraphCL+GraphPrompter,0.5255±0.0000,0.6569±0.0000,0.4778±0.0000,0.5903±0.0000
Link,5shot,PTC_MR,GraphCL+None,0.5255±0.0000,0.6569±0.0000,0.4778±0.0000,0.5903±0.0000
Link,5shot,PTC_MR,GraphCL+PSP,0.5255±0.0000,0.6569±0.0000,0.4778±0.0000,0.5903±0.0000
Link,5shot,PTC_MR,GraphCL+ProNoG,0.5511±0.0000,0.6764±0.0000,0.5101±0.0000,0.6141±0.0000
Link,5shot,PTC_MR,GraphCL+SelfPro,0.5284±0.0000,0.6280±0.0000,0.4954±0.0000,0.5944±0.0000
Link,5shot,PTC_MR,GraphCL+UniPrompt,0.5421±0.0000,0.6684±0.0000,0.4982±0.0000,0.5963±0.0000
Link,5shot,PTC_MR,GraphMAE+All-in-one,0.4017±0.0000,0.0000±0.0000,0.6431±0.0000,0.7211±0.0000
Link,5shot,PTC_MR,GraphMAE+DAGPrompT,0.5981±0.0000,0.7481±0.0000,0.5639±0.0000,0.6055±0.0000
Link,5shot,PTC_MR,GraphMAE+EdgePrompt,0.5976±0.0000,0.7481±0.0000,0.4950±0.0000,0.5953±0.0000
Link,5shot,PTC_MR,GraphMAE+EdgePromptplus,0.5976±0.0000,0.7481±0.0000,0.4975±0.0000,0.5964±0.0000
Link,5shot,PTC_MR,GraphMAE+GPF,0.5955±0.0000,0.7465±0.0000,0.6285±0.0000,0.6715±0.0000
Link,5shot,PTC_MR,GraphMAE+GPF-plus,0.5976±0.0000,0.7481±0.0000,0.4929±0.0000,0.5685±0.0000
Link,5shot,PTC_MR,GraphMAE+Gprompt,0.5976±0.0000,0.7481±0.0000,0.5967±0.0000,0.6761±0.0000
Link,5shot,PTC_MR,GraphMAE+GraphPrompter,0.5983±0.0000,0.7487±0.0000,0.5460±0.0000,0.6818±0.0000
Link,5shot,PTC_MR,GraphMAE+None,0.5983±0.0000,0.7487±0.0000,0.5460±0.0000,0.6818±0.0000
Link,5shot,PTC_MR,GraphMAE+PSP,0.5983±0.0000,0.7487±0.0000,0.5460±0.0000,0.6818±0.0000
Link,5shot,PTC_MR,GraphMAE+ProNoG,0.5976±0.0000,0.7481±0.0000,0.5112±0.0000,0.5888±0.0000
Link,5shot,PTC_MR,GraphMAE+SelfPro,0.5521±0.0000,0.6595±0.0000,0.5122±0.0000,0.6049±0.0000
Link,5shot,PTC_MR,GraphMAE+UniPrompt,0.5983±0.0000,0.7487±0.0000,0.5741±0.0000,0.6841±0.0000
Link,5shot,PTC_MR,None+All-in-one,0.4017±0.0000,0.0000±0.0000,0.6979±0.0000,0.7281±0.0000
Link,5shot,PTC_MR,None+DAGPrompT,0.5976±0.0000,0.7481±0.0000,0.5899±0.0000,0.6990±0.0000
Link,5shot,PTC_MR,None+EdgePrompt,0.5998±0.0000,0.7498±0.0000,0.4926±0.0000,0.5962±0.0000
Link,5shot,PTC_MR,None+EdgePromptplus,0.5976±0.0000,0.7481±0.0000,0.5000±0.0000,0.5976±0.0000
Link,5shot,PTC_MR,None+GPF,0.5967±0.0000,0.7466±0.0000,0.5420±0.0000,0.6341±0.0000
Link,5shot,PTC_MR,None+GPF-plus,0.5976±0.0000,0.7481±0.0000,0.4426±0.0000,0.5650±0.0000
Link,5shot,PTC_MR,None+Gprompt,0.5976±0.0000,0.7481±0.0000,0.5348±0.0000,0.6677±0.0000
Link,5shot,PTC_MR,None+GraphPrompter,0.5983±0.0000,0.7487±0.0000,0.5507±0.0000,0.6788±0.0000
Link,5shot,PTC_MR,None+None,0.5983±0.0000,0.7487±0.0000,0.5507±0.0000,0.6788±0.0000
Link,5shot,PTC_MR,None+PSP,0.5983±0.0000,0.7487±0.0000,0.5507±0.0000,0.6788±0.0000
Link,5shot,PTC_MR,None+ProNoG,0.5976±0.0000,0.7481±0.0000,0.5298±0.0000,0.6494±0.0000
Link,5shot,PTC_MR,None+SelfPro,0.5458±0.0000,0.6437±0.0000,0.5311±0.0000,0.6112±0.0000
Link,5shot,PTC_MR,None+UniPrompt,0.5983±0.0000,0.7487±0.0000,0.5816±0.0000,0.6826±0.0000
Link,5shot,PTC_MR,SimGRACE+All-in-one,0.4017±0.0000,0.0000±0.0000,0.6645±0.0000,0.7404±0.0000
Link,5shot,PTC_MR,SimGRACE+DAGPrompT,0.5403±0.0000,0.6788±0.0000,0.4475±0.0000,0.5706±0.0000
Link,5shot,PTC_MR,SimGRACE+EdgePrompt,0.5142±0.0000,0.6560±0.0000,0.4449±0.0000,0.5721±0.0000
Link,5shot,PTC_MR,SimGRACE+EdgePromptplus,0.4680±0.0000,0.6051±0.0000,0.4231±0.0000,0.5631±0.0000
Link,5shot,PTC_MR,SimGRACE+GPF,0.5366±0.0000,0.6859±0.0000,0.5265±0.0000,0.6219±0.0000
Link,5shot,PTC_MR,SimGRACE+GPF-plus,0.5998±0.0000,0.7498±0.0000,0.5056±0.0000,0.5988±0.0000
Link,5shot,PTC_MR,SimGRACE+Gprompt,0.5219±0.0000,0.6599±0.0000,0.4439±0.0000,0.5638±0.0000
Link,5shot,PTC_MR,SimGRACE+GraphPrompter,0.5225±0.0000,0.6564±0.0000,0.5013±0.0000,0.5969±0.0000
Link,5shot,PTC_MR,SimGRACE+None,0.5225±0.0000,0.6564±0.0000,0.5013±0.0000,0.5969±0.0000
Link,5shot,PTC_MR,SimGRACE+PSP,0.5225±0.0000,0.6564±0.0000,0.5013±0.0000,0.5968±0.0000
Link,5shot,PTC_MR,SimGRACE+ProNoG,0.5254±0.0000,0.6661±0.0000,0.4475±0.0000,0.5632±0.0000
Link,5shot,PTC_MR,SimGRACE+SelfPro,0.5628±0.0000,0.6993±0.0000,0.4978±0.0000,0.5993±0.0000
Link,5shot,PTC_MR,SimGRACE+UniPrompt,0.5296±0.0000,0.6633±0.0000,0.5199±0.0000,0.6123±0.0000
Link,5shot,PubMed,DGI+All-in-one,0.5000±0.0000,0.6667±0.0000,0.8191±0.0000,0.7664±0.0000
Link,5shot,PubMed,DGI+DAGPrompT,0.5000±0.0000,0.6667±0.0000,0.8811±0.0000,0.8670±0.0000
Link,5shot,PubMed,DGI+EdgePrompt,0.4108±0.0000,0.5768±0.0000,0.5426±0.0000,0.5431±0.0000
Link,5shot,PubMed,DGI+EdgePromptplus,0.4207±0.0000,0.5597±0.0000,0.5734±0.0000,0.5867±0.0000
Link,5shot,PubMed,DGI+GPF,0.5000±0.0000,0.6667±0.0000,0.8914±0.0000,0.8748±0.0000
Link,5shot,PubMed,DGI+GPF-plus,0.5000±0.0000,0.6667±0.0000,0.8960±0.0000,0.8839±0.0000
Link,5shot,PubMed,DGI+Gprompt,0.5000±0.0000,0.6667±0.0000,0.8471±0.0000,0.8442±0.0000
Link,5shot,PubMed,DGI+GraphPrompter,0.6045±0.0000,0.7130±0.0000,0.8470±0.0000,0.8394±0.0000
Link,5shot,PubMed,DGI+None,0.6045±0.0000,0.7130±0.0000,0.8470±0.0000,0.8394±0.0000
Link,5shot,PubMed,DGI+PSP,0.6045±0.0000,0.7130±0.0000,0.8470±0.0000,0.8394±0.0000
Link,5shot,PubMed,DGI+ProNoG,0.5000±0.0000,0.6667±0.0000,0.8253±0.0000,0.8311±0.0000
Link,5shot,PubMed,DGI+SelfPro,0.5302±0.0000,0.6725±0.0000,0.6707±0.0000,0.6949±0.0000
Link,5shot,PubMed,DGI+UniPrompt,0.6380±0.0000,0.7290±0.0000,0.7901±0.0000,0.7808±0.0000
Link,5shot,PubMed,Edgepred_GPPT+All-in-one,0.5000±0.0000,0.6667±0.0000,0.5687±0.0000,0.6490±0.0000
Link,5shot,PubMed,Edgepred_GPPT+DAGPrompT,0.5000±0.0000,0.6667±0.0000,0.8252±0.0000,0.8447±0.0000
Link,5shot,PubMed,Edgepred_GPPT+EdgePrompt,0.4688±0.0000,0.6331±0.0000,0.5460±0.0000,0.5432±0.0000
Link,5shot,PubMed,Edgepred_GPPT+EdgePromptplus,0.4658±0.0000,0.6292±0.0000,0.6507±0.0000,0.7064±0.0000
Link,5shot,PubMed,Edgepred_GPPT+GPF,0.5000±0.0000,0.6667±0.0000,0.5000±0.0000,0.5000±0.0000
Link,5shot,PubMed,Edgepred_GPPT+GPF-plus,0.5000±0.0000,0.6667±0.0000,0.5000±0.0000,0.5000±0.0000
Link,5shot,PubMed,Edgepred_GPPT+Gprompt,0.5000±0.0000,0.6667±0.0000,0.7588±0.0000,0.8022±0.0000
Link,5shot,PubMed,Edgepred_GPPT+GraphPrompter,0.5001±0.0000,0.6667±0.0000,0.6593±0.0000,0.7181±0.0000
Link,5shot,PubMed,Edgepred_GPPT+None,0.5001±0.0000,0.6667±0.0000,0.6593±0.0000,0.7181±0.0000
Link,5shot,PubMed,Edgepred_GPPT+PSP,0.5001±0.0000,0.6667±0.0000,0.6593±0.0000,0.7181±0.0000
Link,5shot,PubMed,Edgepred_GPPT+ProNoG,0.5000±0.0000,0.6667±0.0000,0.8697±0.0000,0.8798±0.0000
Link,5shot,PubMed,Edgepred_GPPT+SelfPro,0.7144±0.0000,0.7736±0.0000,0.8648±0.0000,0.8310±0.0000
Link,5shot,PubMed,Edgepred_GPPT+UniPrompt,0.5000±0.0000,0.6667±0.0000,0.7703±0.0000,0.7862±0.0000
Link,5shot,PubMed,Edgepred_Gprompt+All-in-one,0.5686±0.0000,0.2965±0.0000,0.5703±0.0000,0.6476±0.0000
Link,5shot,PubMed,Edgepred_Gprompt+DAGPrompT,0.5000±0.0000,0.6667±0.0000,0.8852±0.0000,0.8682±0.0000
Link,5shot,PubMed,Edgepred_Gprompt+EdgePrompt,0.4298±0.0000,0.5744±0.0000,0.6134±0.0000,0.6209±0.0000
Link,5shot,PubMed,Edgepred_Gprompt+EdgePromptplus,0.4644±0.0000,0.6234±0.0000,0.7006±0.0000,0.7772±0.0000
Link,5shot,PubMed,Edgepred_Gprompt+GPF,0.5000±0.0000,0.6667±0.0000,0.8926±0.0000,0.8762±0.0000
Link,5shot,PubMed,Edgepred_Gprompt+GPF-plus,0.5005±0.0000,0.6669±0.0000,0.9048±0.0000,0.8982±0.0000
Link,5shot,PubMed,Edgepred_Gprompt+Gprompt,0.5000±0.0000,0.6667±0.0000,0.8813±0.0000,0.8775±0.0000
Link,5shot,PubMed,Edgepred_Gprompt+GraphPrompter,0.6929±0.0000,0.7616±0.0000,0.9065±0.0000,0.9090±0.0000
Link,5shot,PubMed,Edgepred_Gprompt+None,0.6929±0.0000,0.7616±0.0000,0.9065±0.0000,0.9090±0.0000
Link,5shot,PubMed,Edgepred_Gprompt+PSP,0.6929±0.0000,0.7616±0.0000,0.9065±0.0000,0.9090±0.0000
Link,5shot,PubMed,Edgepred_Gprompt+ProNoG,0.5000±0.0000,0.6667±0.0000,0.8710±0.0000,0.8695±0.0000
Link,5shot,PubMed,Edgepred_Gprompt+SelfPro,0.6431±0.0000,0.7279±0.0000,0.8194±0.0000,0.8103±0.0000
Link,5shot,PubMed,Edgepred_Gprompt+UniPrompt,0.6998±0.0000,0.7650±0.0000,0.8687±0.0000,0.8655±0.0000
Link,5shot,PubMed,GraphCL+All-in-one,0.5000±0.0000,0.6667±0.0000,0.6378±0.0000,0.6848±0.0000
Link,5shot,PubMed,GraphCL+DAGPrompT,0.6569±0.0000,0.7380±0.0000,0.8701±0.0000,0.8781±0.0000
Link,5shot,PubMed,GraphCL+EdgePrompt,0.4790±0.0000,0.6419±0.0000,0.4712±0.0000,0.4852±0.0000
Link,5shot,PubMed,GraphCL+EdgePromptplus,0.4477±0.0000,0.5958±0.0000,0.5864±0.0000,0.5791±0.0000
Link,5shot,PubMed,GraphCL+GPF,0.5000±0.0000,0.6667±0.0000,0.8881±0.0000,0.8620±0.0000
Link,5shot,PubMed,GraphCL+GPF-plus,0.5000±0.0000,0.6667±0.0000,0.9006±0.0000,0.8901±0.0000
Link,5shot,PubMed,GraphCL+Gprompt,0.6812±0.0000,0.7495±0.0000,0.8705±0.0000,0.8806±0.0000
Link,5shot,PubMed,GraphCL+GraphPrompter,0.7039±0.0000,0.7627±0.0000,0.8741±0.0000,0.8827±0.0000
Link,5shot,PubMed,GraphCL+None,0.7039±0.0000,0.7627±0.0000,0.8741±0.0000,0.8827±0.0000
Link,5shot,PubMed,GraphCL+PSP,0.7039±0.0000,0.7627±0.0000,0.8741±0.0000,0.8827±0.0000
Link,5shot,PubMed,GraphCL+ProNoG,0.6763±0.0000,0.7469±0.0000,0.8702±0.0000,0.8809±0.0000
Link,5shot,PubMed,GraphCL+SelfPro,0.7125±0.0000,0.7653±0.0000,0.8478±0.0000,0.8365±0.0000
Link,5shot,PubMed,GraphCL+UniPrompt,0.7033±0.0000,0.7629±0.0000,0.8446±0.0000,0.8431±0.0000
Link,5shot,PubMed,GraphMAE+All-in-one,0.5000±0.0000,0.6667±0.0000,0.5519±0.0000,0.6269±0.0000
Link,5shot,PubMed,GraphMAE+DAGPrompT,0.5000±0.0000,0.6667±0.0000,0.8752±0.0000,0.8635±0.0000
Link,5shot,PubMed,GraphMAE+EdgePrompt,0.4313±0.0000,0.5759±0.0000,0.5338±0.0000,0.5391±0.0000
Link,5shot,PubMed,GraphMAE+EdgePromptplus,0.4957±0.0000,0.6622±0.0000,0.6987±0.0000,0.7460±0.0000
Link,5shot,PubMed,GraphMAE+GPF,0.5000±0.0000,0.6667±0.0000,0.8936±0.0000,0.8772±0.0000
Link,5shot,PubMed,GraphMAE+GPF-plus,0.5000±0.0000,0.6667±0.0000,0.9181±0.0000,0.9004±0.0000
Link,5shot,PubMed,GraphMAE+Gprompt,0.5000±0.0000,0.6667±0.0000,0.8587±0.0000,0.8541±0.0000
Link,5shot,PubMed,GraphMAE+GraphPrompter,0.6727±0.0000,0.7504±0.0000,0.9014±0.0000,0.9026±0.0000
Link,5shot,PubMed,GraphMAE+None,0.6727±0.0000,0.7504±0.0000,0.9014±0.0000,0.9026±0.0000
Link,5shot,PubMed,GraphMAE+PSP,0.6727±0.0000,0.7504±0.0000,0.9014±0.0000,0.9026±0.0000
Link,5shot,PubMed,GraphMAE+ProNoG,0.6876±0.0000,0.7559±0.0000,0.8717±0.0000,0.8742±0.0000
Link,5shot,PubMed,GraphMAE+SelfPro,0.7270±0.0000,0.7810±0.0000,0.8746±0.0000,0.8415±0.0000
Link,5shot,PubMed,GraphMAE+UniPrompt,0.6828±0.0000,0.7551±0.0000,0.8561±0.0000,0.8548±0.0000
Link,5shot,PubMed,None+All-in-one,0.5000±0.0000,0.6667±0.0000,0.8191±0.0000,0.7941±0.0000
Link,5shot,PubMed,None+DAGPrompT,0.5000±0.0000,0.6667±0.0000,0.8974±0.0000,0.8730±0.0000
Link,5shot,PubMed,None+EdgePrompt,0.4851±0.0000,0.6354±0.0000,0.5896±0.0000,0.6167±0.0000
Link,5shot,PubMed,None+EdgePromptplus,0.4998±0.0000,0.6660±0.0000,0.7118±0.0000,0.7693±0.0000
Link,5shot,PubMed,None+GPF,0.5000±0.0000,0.6667±0.0000,0.8906±0.0000,0.8738±0.0000
Link,5shot,PubMed,None+GPF-plus,0.5000±0.0000,0.6667±0.0000,0.8960±0.0000,0.8769±0.0000
Link,5shot,PubMed,None+Gprompt,0.5000±0.0000,0.6667±0.0000,0.8955±0.0000,0.8751±0.0000
Link,5shot,PubMed,None+GraphPrompter,0.5000±0.0000,0.6667±0.0000,0.8997±0.0000,0.8783±0.0000
Link,5shot,PubMed,None+None,0.5000±0.0000,0.6667±0.0000,0.8997±0.0000,0.8783±0.0000
Link,5shot,PubMed,None+PSP,0.5000±0.0000,0.6667±0.0000,0.8997±0.0000,0.8783±0.0000
Link,5shot,PubMed,None+ProNoG,0.5000±0.0000,0.6667±0.0000,0.9012±0.0000,0.8777±0.0000
Link,5shot,PubMed,None+SelfPro,0.5113±0.0000,0.6708±0.0000,0.7929±0.0000,0.8140±0.0000
Link,5shot,PubMed,None+UniPrompt,0.5000±0.0000,0.6667±0.0000,0.8652±0.0000,0.8462±0.0000
Link,5shot,PubMed,SimGRACE+All-in-one,0.5000±0.0000,0.6667±0.0000,0.6545±0.0000,0.6763±0.0000
Link,5shot,PubMed,SimGRACE+DAGPrompT,0.5001±0.0000,0.6667±0.0000,0.9049±0.0000,0.8871±0.0000
Link,5shot,PubMed,SimGRACE+EdgePrompt,0.4875±0.0000,0.6510±0.0000,0.4874±0.0000,0.4938±0.0000
Link,5shot,PubMed,SimGRACE+EdgePromptplus,0.4556±0.0000,0.6056±0.0000,0.4934±0.0000,0.5021±0.0000
Link,5shot,PubMed,SimGRACE+GPF,0.5000±0.0000,0.6667±0.0000,0.8902±0.0000,0.8684±0.0000
Link,5shot,PubMed,SimGRACE+GPF-plus,0.5000±0.0000,0.6667±0.0000,0.8227±0.0000,0.8421±0.0000
Link,5shot,PubMed,SimGRACE+Gprompt,0.5109±0.0000,0.6709±0.0000,0.8820±0.0000,0.8685±0.0000
Link,5shot,PubMed,SimGRACE+GraphPrompter,0.5149±0.0000,0.6708±0.0000,0.7571±0.0000,0.6952±0.0000
Link,5shot,PubMed,SimGRACE+None,0.5149±0.0000,0.6708±0.0000,0.7571±0.0000,0.6952±0.0000
Link,5shot,PubMed,SimGRACE+PSP,0.5149±0.0000,0.6708±0.0000,0.7571±0.0000,0.6952±0.0000
Link,5shot,PubMed,SimGRACE+ProNoG,0.5225±0.0000,0.6755±0.0000,0.8690±0.0000,0.8592±0.0000
Link,5shot,PubMed,SimGRACE+SelfPro,0.5391±0.0000,0.6822±0.0000,0.7547±0.0000,0.7296±0.0000
Link,5shot,PubMed,SimGRACE+UniPrompt,0.5378±0.0000,0.6811±0.0000,0.7118±0.0000,0.6566±0.0000
Link,5shot,Wisconsin,DGI+All-in-one,0.4375±0.0000,0.0690±0.0000,0.2135±0.0000,0.3704±0.0000
Link,5shot,Wisconsin,DGI+DAGPrompT,0.5208±0.0000,0.5965±0.0000,0.6528±0.0000,0.6276±0.0000
Link,5shot,Wisconsin,DGI+EdgePrompt,0.5208±0.0000,0.6761±0.0000,0.6875±0.0000,0.6190±0.0000
Link,5shot,Wisconsin,DGI+EdgePromptplus,0.5000±0.0000,0.6667±0.0000,0.6892±0.0000,0.6230±0.0000
Link,5shot,Wisconsin,DGI+GPF,0.5000±0.0000,0.6667±0.0000,0.7865±0.0000,0.8327±0.0000
Link,5shot,Wisconsin,DGI+GPF-plus,0.5000±0.0000,0.6571±0.0000,0.5955±0.0000,0.6409±0.0000
Link,5shot,Wisconsin,DGI+Gprompt,0.6875±0.0000,0.7619±0.0000,0.7240±0.0000,0.6877±0.0000
Link,5shot,Wisconsin,DGI+GraphPrompter,0.5000±0.0000,0.6667±0.0000,0.6458±0.0000,0.6540±0.0000
Link,5shot,Wisconsin,DGI+None,0.5000±0.0000,0.6667±0.0000,0.6458±0.0000,0.6540±0.0000
Link,5shot,Wisconsin,DGI+PSP,0.5000±0.0000,0.6667±0.0000,0.6458±0.0000,0.6540±0.0000
Link,5shot,Wisconsin,DGI+ProNoG,0.6250±0.0000,0.6786±0.0000,0.6562±0.0000,0.6419±0.0000
Link,5shot,Wisconsin,DGI+SelfPro,0.5417±0.0000,0.6207±0.0000,0.5503±0.0000,0.6053±0.0000
Link,5shot,Wisconsin,DGI+UniPrompt,0.5000±0.0000,0.6667±0.0000,0.8229±0.0000,0.8339±0.0000
Link,5shot,Wisconsin,Edgepred_GPPT+All-in-one,0.4583±0.0000,0.0000±0.0000,0.5017±0.0000,0.4946±0.0000
Link,5shot,Wisconsin,Edgepred_GPPT+DAGPrompT,0.5625±0.0000,0.6667±0.0000,0.7361±0.0000,0.7674±0.0000
Link,5shot,Wisconsin,Edgepred_GPPT+EdgePrompt,0.5417±0.0000,0.6667±0.0000,0.6589±0.0000,0.6159±0.0000
Link,5shot,Wisconsin,Edgepred_GPPT+EdgePromptplus,0.5000±0.0000,0.6667±0.0000,0.5000±0.0000,0.5000±0.0000
Link,5shot,Wisconsin,Edgepred_GPPT+GPF,0.5000±0.0000,0.6571±0.0000,0.7170±0.0000,0.7072±0.0000
Link,5shot,Wisconsin,Edgepred_GPPT+GPF-plus,0.6458±0.0000,0.7018±0.0000,0.6988±0.0000,0.6775±0.0000
Link,5shot,Wisconsin,Edgepred_GPPT+Gprompt,0.5833±0.0000,0.6875±0.0000,0.7274±0.0000,0.7234±0.0000
Link,5shot,Wisconsin,Edgepred_GPPT+GraphPrompter,0.5833±0.0000,0.6774±0.0000,0.6441±0.0000,0.6365±0.0000
Link,5shot,Wisconsin,Edgepred_GPPT+None,0.5833±0.0000,0.6774±0.0000,0.6441±0.0000,0.6365±0.0000
Link,5shot,Wisconsin,Edgepred_GPPT+PSP,0.5833±0.0000,0.6774±0.0000,0.6441±0.0000,0.6365±0.0000
Link,5shot,Wisconsin,Edgepred_GPPT+ProNoG,0.5417±0.0000,0.6765±0.0000,0.6910±0.0000,0.7093±0.0000
Link,5shot,Wisconsin,Edgepred_GPPT+SelfPro,0.6042±0.0000,0.6667±0.0000,0.7257±0.0000,0.7559±0.0000
Link,5shot,Wisconsin,Edgepred_GPPT+UniPrompt,0.5625±0.0000,0.6866±0.0000,0.6623±0.0000,0.6168±0.0000
Link,5shot,Wisconsin,Edgepred_Gprompt+All-in-one,0.5000±0.0000,0.6667±0.0000,0.6736±0.0000,0.6687±0.0000
Link,5shot,Wisconsin,Edgepred_Gprompt+DAGPrompT,0.5833±0.0000,0.6296±0.0000,0.6875±0.0000,0.6752±0.0000
Link,5shot,Wisconsin,Edgepred_Gprompt+EdgePrompt,0.5000±0.0000,0.6667±0.0000,0.6823±0.0000,0.6175±0.0000
Link,5shot,Wisconsin,Edgepred_Gprompt+EdgePromptplus,0.5000±0.0000,0.6667±0.0000,0.7656±0.0000,0.7047±0.0000
Link,5shot,Wisconsin,Edgepred_Gprompt+GPF,0.5417±0.0000,0.6765±0.0000,0.6788±0.0000,0.7305±0.0000
Link,5shot,Wisconsin,Edgepred_Gprompt+GPF-plus,0.5625±0.0000,0.6957±0.0000,0.8559±0.0000,0.8878±0.0000
Link,5shot,Wisconsin,Edgepred_Gprompt+Gprompt,0.6250±0.0000,0.7273±0.0000,0.7500±0.0000,0.7319±0.0000
Link,5shot,Wisconsin,Edgepred_Gprompt+GraphPrompter,0.5208±0.0000,0.6761±0.0000,0.7656±0.0000,0.8233±0.0000
Link,5shot,Wisconsin,Edgepred_Gprompt+None,0.5208±0.0000,0.6761±0.0000,0.7656±0.0000,0.8233±0.0000
Link,5shot,Wisconsin,Edgepred_Gprompt+PSP,0.5208±0.0000,0.6761±0.0000,0.7656±0.0000,0.8233±0.0000
Link,5shot,Wisconsin,Edgepred_Gprompt+ProNoG,0.5833±0.0000,0.6970±0.0000,0.7170±0.0000,0.6885±0.0000
Link,5shot,Wisconsin,Edgepred_Gprompt+SelfPro,0.6458±0.0000,0.7213±0.0000,0.8264±0.0000,0.8632±0.0000
Link,5shot,Wisconsin,Edgepred_Gprompt+UniPrompt,0.5208±0.0000,0.6761±0.0000,0.7917±0.0000,0.7926±0.0000
Link,5shot,Wisconsin,GraphCL+All-in-one,0.5625±0.0000,0.6316±0.0000,0.6597±0.0000,0.6385±0.0000
Link,5shot,Wisconsin,GraphCL+DAGPrompT,0.6458±0.0000,0.7213±0.0000,0.7188±0.0000,0.7190±0.0000
Link,5shot,Wisconsin,GraphCL+EdgePrompt,0.5208±0.0000,0.6349±0.0000,0.5174±0.0000,0.5107±0.0000
Link,5shot,Wisconsin,GraphCL+EdgePromptplus,0.5208±0.0000,0.5965±0.0000,0.5512±0.0000,0.5278±0.0000
Link,5shot,Wisconsin,GraphCL+GPF,0.5000±0.0000,0.6250±0.0000,0.5139±0.0000,0.5107±0.0000
Link,5shot,Wisconsin,GraphCL+GPF-plus,0.5417±0.0000,0.6562±0.0000,0.5547±0.0000,0.5337±0.0000
Link,5shot,Wisconsin,GraphCL+Gprompt,0.6875±0.0000,0.7541±0.0000,0.6979±0.0000,0.6252±0.0000
Link,5shot,Wisconsin,GraphCL+GraphPrompter,0.6667±0.0000,0.7241±0.0000,0.6727±0.0000,0.6076±0.0000
Link,5shot,Wisconsin,GraphCL+None,0.6667±0.0000,0.7241±0.0000,0.6727±0.0000,0.6076±0.0000
Link,5shot,Wisconsin,GraphCL+PSP,0.6667±0.0000,0.7241±0.0000,0.6727±0.0000,0.6076±0.0000
Link,5shot,Wisconsin,GraphCL+ProNoG,0.6667±0.0000,0.7333±0.0000,0.7014±0.0000,0.6323±0.0000
Link,5shot,Wisconsin,GraphCL+SelfPro,0.6042±0.0000,0.6667±0.0000,0.6736±0.0000,0.6676±0.0000
Link,5shot,Wisconsin,GraphCL+UniPrompt,0.7292±0.0000,0.7797±0.0000,0.7292±0.0000,0.6506±0.0000
Link,5shot,Wisconsin,GraphMAE+All-in-one,0.6667±0.0000,0.5789±0.0000,0.6545±0.0000,0.6115±0.0000
Link,5shot,Wisconsin,GraphMAE+DAGPrompT,0.6458±0.0000,0.7018±0.0000,0.7153±0.0000,0.6945±0.0000
Link,5shot,Wisconsin,GraphMAE+EdgePrompt,0.4792±0.0000,0.6032±0.0000,0.5773±0.0000,0.5712±0.0000
Link,5shot,Wisconsin,GraphMAE+EdgePromptplus,0.5000±0.0000,0.6667±0.0000,0.6910±0.0000,0.6225±0.0000
Link,5shot,Wisconsin,GraphMAE+GPF,0.5000±0.0000,0.6667±0.0000,0.7630±0.0000,0.7984±0.0000
Link,5shot,Wisconsin,GraphMAE+GPF-plus,0.6458±0.0000,0.7385±0.0000,0.8420±0.0000,0.8677±0.0000
Link,5shot,Wisconsin,GraphMAE+Gprompt,0.5625±0.0000,0.6957±0.0000,0.7934±0.0000,0.7988±0.0000
Link,5shot,Wisconsin,GraphMAE+GraphPrompter,0.5625±0.0000,0.6957±0.0000,0.7969±0.0000,0.8393±0.0000
Link,5shot,Wisconsin,GraphMAE+None,0.5625±0.0000,0.6957±0.0000,0.7969±0.0000,0.8393±0.0000
Link,5shot,Wisconsin,GraphMAE+PSP,0.5625±0.0000,0.6957±0.0000,0.7969±0.0000,0.8393±0.0000
Link,5shot,Wisconsin,GraphMAE+ProNoG,0.6042±0.0000,0.6885±0.0000,0.7135±0.0000,0.7259±0.0000
Link,5shot,Wisconsin,GraphMAE+SelfPro,0.6667±0.0000,0.7241±0.0000,0.8108±0.0000,0.8546±0.0000
Link,5shot,Wisconsin,GraphMAE+UniPrompt,0.5000±0.0000,0.6667±0.0000,0.8003±0.0000,0.8502±0.0000
Link,5shot,Wisconsin,None+All-in-one,0.5000±0.0000,0.6667±0.0000,0.7535±0.0000,0.7780±0.0000
Link,5shot,Wisconsin,None+DAGPrompT,0.5833±0.0000,0.6429±0.0000,0.6441±0.0000,0.6433±0.0000
Link,5shot,Wisconsin,None+EdgePrompt,0.5000±0.0000,0.6667±0.0000,0.6259±0.0000,0.5738±0.0000
Link,5shot,Wisconsin,None+EdgePromptplus,0.5208±0.0000,0.6761±0.0000,0.7170±0.0000,0.6977±0.0000
Link,5shot,Wisconsin,None+GPF,0.5000±0.0000,0.6667±0.0000,0.7578±0.0000,0.7979±0.0000
Link,5shot,Wisconsin,None+GPF-plus,0.5417±0.0000,0.6857±0.0000,0.7535±0.0000,0.8047±0.0000
Link,5shot,Wisconsin,None+Gprompt,0.5833±0.0000,0.7059±0.0000,0.7240±0.0000,0.7348±0.0000
Link,5shot,Wisconsin,None+GraphPrompter,0.5417±0.0000,0.6857±0.0000,0.8108±0.0000,0.8447±0.0000
Link,5shot,Wisconsin,None+None,0.5417±0.0000,0.6857±0.0000,0.8108±0.0000,0.8447±0.0000
Link,5shot,Wisconsin,None+PSP,0.5417±0.0000,0.6857±0.0000,0.8108±0.0000,0.8447±0.0000
Link,5shot,Wisconsin,None+ProNoG,0.6250±0.0000,0.7097±0.0000,0.7569±0.0000,0.7373±0.0000
Link,5shot,Wisconsin,None+SelfPro,0.5417±0.0000,0.6857±0.0000,0.8507±0.0000,0.8594±0.0000
Link,5shot,Wisconsin,None+UniPrompt,0.5625±0.0000,0.6957±0.0000,0.8455±0.0000,0.8330±0.0000
Link,5shot,Wisconsin,SimGRACE+All-in-one,0.6667±0.0000,0.7143±0.0000,0.7465±0.0000,0.7795±0.0000
Link,5shot,Wisconsin,SimGRACE+DAGPrompT,0.5833±0.0000,0.6154±0.0000,0.6337±0.0000,0.6344±0.0000
Link,5shot,Wisconsin,SimGRACE+EdgePrompt,0.5208±0.0000,0.6761±0.0000,0.6667±0.0000,0.6063±0.0000
Link,5shot,Wisconsin,SimGRACE+EdgePromptplus,0.5833±0.0000,0.6774±0.0000,0.7083±0.0000,0.7074±0.0000
Link,5shot,Wisconsin,SimGRACE+GPF,0.4792±0.0000,0.6479±0.0000,0.5712±0.0000,0.5960±0.0000
Link,5shot,Wisconsin,SimGRACE+GPF-plus,0.5000±0.0000,0.6667±0.0000,0.5955±0.0000,0.5774±0.0000
Link,5shot,Wisconsin,SimGRACE+Gprompt,0.6250±0.0000,0.6667±0.0000,0.6632±0.0000,0.6294±0.0000
Link,5shot,Wisconsin,SimGRACE+GraphPrompter,0.5000±0.0000,0.6667±0.0000,0.6753±0.0000,0.7462±0.0000
Link,5shot,Wisconsin,SimGRACE+None,0.5000±0.0000,0.6667±0.0000,0.6753±0.0000,0.7462±0.0000
Link,5shot,Wisconsin,SimGRACE+PSP,0.5000±0.0000,0.6667±0.0000,0.6753±0.0000,0.7462±0.0000
Link,5shot,Wisconsin,SimGRACE+ProNoG,0.5000±0.0000,0.6667±0.0000,0.7708±0.0000,0.8285±0.0000
Link,5shot,Wisconsin,SimGRACE+SelfPro,0.5417±0.0000,0.6857±0.0000,0.7899±0.0000,0.7933±0.0000
Link,5shot,Wisconsin,SimGRACE+UniPrompt,0.5000±0.0000,0.6667±0.0000,0.7118±0.0000,0.7810±0.0000
